m_name	n_atoms_without_Hydrogen	n_atoms_with_Hydrogen	m_weight	m_avg_weigth	m_weigth_without_Hydrogen	n_valence_electrons	n_aliphatic_carbocycles	n_aliphatic_heterocycles	n_aliphatic_rings	n_amide_bonds	n_aromatic_carbocycles	n_aromatic_heterocycles	n_aromatic_rings	n_saturated_carbocycles	n_saturated_heterocycles	n_saturated_rings	n_HBA	n_HBD	n_hetero_atoms	n_hetero_cycles	n_rings	n_strict_rotable_bonds	n_non_strict_rotable_bonds	n_primary_carbon_atoms	n_HOH	n_O	n_briged_head_atoms	n_atoms_stereo_centers	n_atoms_unspecified_stereo_centers	n_spiro_atoms	m_logp	m_mr	fraction_CSP3
ACETAZOLAMIDE	13	19	221.988132052	216.203	222.251	72	0	0	0	1	0	1	1	0	0	0	6	2	9	1	1	2	3	4	3	7	0	0	0	0	-0.8561000000000003	45.5859	0.25
ACETOPHENAZINE	29	58	411.19804816800007	382.33900000000017	411.5710000000003	154	0	2	2	0	2	0	2	0	1	1	6	1	6	2	4	7	7	23	1	5	0	0	0	0	3.4919000000000024	118.60030000000008	0.43478260869565216
ALFENTANIL	30	62	416.253588884	384.27000000000015	416.5260000000002	164	0	1	1	1	1	1	2	0	1	1	8	0	9	2	3	9	10	21	0	9	0	0	0	0	1.3839000000000006	114.45600000000006	0.6190476190476191
ALPRAZOLAM	22	35	308.082874096	295.668	308.77199999999993	108	0	1	1	0	2	1	3	0	0	0	4	0	5	2	4	1	1	17	0	4	0	0	0	0	3.5801200000000026	86.89100000000002	0.11764705882352941
AMANTADINE	11	28	151.136099544	134.11699999999996	151.253	62	4	0	4	0	0	0	0	4	0	4	1	1	1	0	4	0	0	10	2	1	4	0	0	0	1.9139000000000002	45.09040000000002	1.0
AMINOPHYLLINE	13	21	180.064725496	172.10299999999998	180.167	68	0	0	0	0	0	2	2	0	0	0	5	1	6	2	2	0	0	7	1	6	0	0	0	0	-1.0397000000000005	46.575700000000005	0.2857142857142857
AMISULPRIDE	25	52	369.17222734399996	342.271	369.48700000000014	140	0	1	1	1	1	0	1	0	1	1	6	2	8	1	2	7	8	17	3	7	0	1	1	0	1.2851000000000006	97.73540000000006	0.5882352941176471
AMITRIPTYLINE	21	44	277.183049736	254.22699999999992	277.41099999999994	108	1	0	1	0	2	0	2	0	0	0	1	0	1	0	3	3	3	20	0	1	0	0	0	0	4.168600000000003	90.54200000000006	0.3
AMPHETAMINE	10	23	135.104799416	122.10599999999998	135.20999999999995	54	0	0	0	0	1	0	1	0	0	0	1	1	1	0	1	2	2	9	2	1	0	1	1	0	1.5763	43.79540000000002	0.3333333333333333
AMOBARBITAL	16	34	226.131742436	208.13199999999998	226.27599999999995	90	0	1	1	4	0	0	0	0	1	1	3	2	5	1	1	4	4	11	2	5	0	0	0	0	1.1849999999999998	58.477400000000024	0.7272727272727273
ANIRACETAM	16	29	219.089543276	206.13599999999997	219.23999999999992	84	0	1	1	2	1	0	1	0	1	1	3	0	4	1	2	2	3	12	0	4	0	0	0	0	1.4578	58.271500000000024	0.3333333333333333
APOMORPHINE	20	37	267.125928784	250.19199999999992	267.328	102	1	1	2	0	2	0	2	0	0	0	3	2	3	1	4	0	0	17	2	3	0	1	1	0	2.8499000000000017	77.98660000000002	0.29411764705882354
ATOMOXETINE	19	40	255.162314292	234.19299999999996	255.361	100	0	0	0	0	2	0	2	0	0	0	2	1	2	0	2	6	6	17	1	2	0	1	1	0	3.7246200000000025	79.53370000000005	0.29411764705882354
AZATADINE	22	44	290.178298704	268.234	290.41	112	1	1	2	0	1	1	2	0	1	1	2	0	2	2	4	0	0	20	0	2	0	0	0	0	3.7077000000000027	90.84000000000005	0.35
BACLOFEN	14	26	213.055656304	201.56799999999998	213.66399999999996	76	0	0	0	0	1	0	1	0	0	0	2	2	4	0	1	4	4	10	3	3	0	1	1	0	1.8569999999999995	55.500200000000014	0.3
BENPERIDOL	28	52	381.18525522799996	357.25900000000007	381.451	146	0	1	1	0	2	1	3	0	1	1	4	1	6	2	4	6	6	22	1	5	0	0	0	0	3.7687000000000026	107.23420000000003	0.36363636363636365
BENZHEXOL	22	53	301.240564612	270.22599999999994	301.474	122	1	1	2	0	1	0	1	1	1	2	2	1	2	1	3	5	5	20	1	2	0	1	1	0	4.330500000000004	91.82180000000007	0.7
BENZPHETAMINE	18	39	239.167399672	218.19399999999996	239.36199999999997	94	0	0	0	0	2	0	2	0	0	0	1	0	1	0	2	5	5	17	0	1	0	1	1	0	3.7496000000000027	77.51700000000005	0.29411764705882354
BENZTROPINE	23	48	307.19361442	282.23699999999997	307.437	120	0	2	2	0	2	0	2	0	2	2	2	0	2	2	4	4	4	21	0	2	2	2	2	0	4.417800000000004	93.40700000000007	0.42857142857142855
BETAHISTINE	10	22	136.100048384	124.10199999999998	136.19799999999995	54	0	0	0	0	0	1	1	0	0	0	2	1	2	1	1	3	3	8	1	2	0	0	0	0	0.8434999999999999	41.86770000000002	0.375
BIPERIDEN	23	52	311.22491454799996	282.23699999999997	311.4689999999999	124	2	1	3	0	1	0	1	1	1	2	2	1	2	1	4	5	5	21	1	2	2	4	4	0	3.9624000000000037	94.09080000000006	0.6190476190476191
BROMAZEPAM	19	29	315.00072403999997	306.078	316.158	94	0	1	1	1	1	1	2	0	0	0	3	1	5	2	3	1	1	14	1	4	0	0	0	0	2.6336000000000004	77.51470000000003	0.07142857142857142
BROMOCRIPTINE	43	83	653.2212814800001	614.2860000000003	654.6060000000002	230	1	4	5	3	1	1	2	0	3	3	6	3	11	5	7	5	6	32	3	10	0	6	6	0	3.1928000000000023	164.15819999999968	0.59375
BROMPHENIRAMINE	19	38	318.07316070800005	300.094	319.246	100	0	0	0	0	1	1	2	0	0	0	2	0	3	1	2	5	5	16	0	2	0	1	1	0	3.9277000000000024	83.39300000000004	0.3125
BROTIZOLAM	22	32	391.9498071	383.6170000000002	393.6970000000001	110	0	1	1	0	1	2	3	0	0	0	5	0	7	3	4	1	1	15	0	4	0	0	0	0	4.4041200000000025	92.468	0.13333333333333333
BUPRENORPHINE	34	75	467.3035587919999	426.32200000000023	467.65000000000026	186	5	2	7	0	1	0	1	4	1	5	5	2	5	2	8	4	5	29	2	5	4	7	7	2	4.413800000000005	130.1996000000001	0.7931034482758621
BUPROPION	16	34	239.107691876	221.60199999999998	239.74599999999998	88	0	0	0	0	1	0	1	0	0	0	2	1	3	0	1	3	4	13	1	2	0	1	1	0	3.2993000000000023	68.13320000000004	0.46153846153846156
BUSPIRONE	28	59	385.247775232	354.2640000000001	385.5120000000003	152	1	2	3	2	0	1	1	1	2	3	6	0	7	3	4	6	6	21	0	7	0	0	0	1	2.088199999999999	106.77400000000007	0.7142857142857143
BUTALBITAL	16	32	224.116092372	208.13199999999998	224.25999999999996	88	0	1	1	4	0	0	0	0	1	1	3	2	5	1	1	4	4	11	2	5	0	0	0	0	0.961	58.383400000000016	0.5454545454545454
BUTOBARBITONE	15	31	212.116092372	196.12099999999998	212.24899999999997	84	0	1	1	4	0	0	0	0	1	1	3	2	5	1	1	3	3	10	2	5	0	1	1	0	0.7948999999999998	53.86040000000002	0.7
BUTORPHANOL	24	53	327.219829168	298.23600000000005	327.468	130	3	1	4	0	1	0	1	2	1	3	3	2	3	1	5	2	2	21	2	3	2	3	3	0	3.365600000000003	94.22560000000006	0.7142857142857143
CABERGOLINE	33	70	451.29472542400003	414.3190000000002	451.61500000000024	178	1	1	2	3	1	1	2	0	1	1	4	2	7	2	4	8	11	26	2	7	0	3	3	0	3.193900000000002	132.36540000000002	0.5384615384615384
CAFFEINE	14	24	194.08037556	184.11399999999998	194.194	74	0	0	0	0	0	2	2	0	0	0	6	0	6	2	2	0	0	8	0	6	0	0	0	0	-1.0293	51.19600000000001	0.375
CARBAMAZEPINE	18	30	236.094963004	224.17799999999997	236.27399999999997	88	0	1	1	2	2	0	2	0	0	0	1	1	3	1	3	0	1	15	2	3	0	0	0	0	3.3872000000000018	73.53440000000002	0.0
CARPIPRAMINE	33	71	446.304561836	408.3350000000002	446.63900000000046	176	0	3	3	1	2	0	2	0	2	2	4	1	5	3	5	6	6	28	2	5	0	0	0	0	4.119200000000002	134.93839999999997	0.5357142857142857
CHLOMETHIAZOLE	9	17	161.006597936	153.593	161.65699999999998	50	0	0	0	0	0	1	1	0	0	0	2	0	3	1	1	2	2	6	0	1	0	0	0	0	2.2328200000000002	41.27500000000002	0.5
CHLORAL_HYDRATE	7	10	163.919862376	162.379	165.40300000000002	44	0	0	0	0	0	0	0	0	0	0	2	2	5	0	0	0	1	2	2	2	0	0	0	0	0.6673000000000002	28.515599999999996	1.0
CHLORAZEPATE	22	33	314.045819892	303.64000000000004	314.72800000000007	110	0	1	1	1	2	0	2	0	0	0	3	2	6	1	3	2	2	16	2	5	0	1	1	0	2.5827	83.58650000000004	0.0625
CHLORDIAZEPOXIDE	21	35	299.08253974799993	285.649	299.761	106	0	1	1	0	2	0	2	0	0	0	3	1	5	1	3	1	1	16	1	4	0	0	0	0	1.8492	83.03650000000003	0.125
CHLORMEZANONE	17	29	273.022641924	261.645	273.741	92	0	1	1	1	1	0	1	0	1	1	3	0	6	1	2	1	1	11	0	4	0	1	1	0	1.6154999999999997	65.36680000000003	0.36363636363636365
CHLORPHENESIN	13	24	202.039671892	191.54899999999998	202.63699999999997	72	0	0	0	0	1	0	1	0	0	0	3	2	4	0	1	4	4	9	2	3	0	1	1	0	1.0719999999999998	50.03960000000002	0.3333333333333333
CHLORPHENIRAMINE	19	38	274.123676288	255.64299999999994	274.795	100	0	0	0	0	1	1	2	0	0	0	2	0	3	1	2	5	5	16	0	2	0	1	1	0	3.8186000000000027	80.70300000000005	0.3125
CHLORPROMAZINE	21	40	318.095747288	299.721	318.87300000000005	110	0	1	1	0	2	0	2	0	0	0	3	0	4	1	3	4	4	17	0	2	0	0	0	0	4.894400000000004	92.19400000000005	0.29411764705882354
CHLORPROTHIXINE	21	39	315.084848256	297.7249999999999	315.869	108	0	1	1	0	2	0	2	0	0	0	2	0	3	1	3	3	3	18	0	1	0	0	0	0	5.188000000000004	92.26700000000004	0.2222222222222222
CHLORZOXAZONE	11	15	168.993056048	165.535	169.56699999999998	56	0	0	0	0	1	1	2	0	0	0	2	1	4	1	2	0	0	7	1	3	0	0	0	0	1.7744999999999997	41.844699999999996	0.0
CINNARIZINE	28	56	368.225248896	340.3000000000001	368.524	142	0	1	1	0	3	0	3	0	1	1	2	0	2	1	4	6	6	26	0	2	0	0	0	0	5.1070000000000055	118.21600000000004	0.23076923076923078
CINOLAZEPAM	25	38	357.06803255600005	344.66800000000006	357.7720000000001	126	0	1	1	1	2	0	2	0	0	0	4	1	7	1	3	3	3	18	1	5	0	1	1	0	2.895180000000002	92.08080000000004	0.16666666666666666
CITALOPRAM/ESCITALOPRAM	24	45	324.163791512	303.231	324.399	124	0	1	1	0	2	0	2	0	0	0	3	0	4	1	3	5	5	20	0	3	0	1	1	0	3.812980000000003	90.91400000000004	0.35
CLEMASTINE	24	50	343.170292132	317.69000000000005	343.8980000000002	128	0	1	1	0	2	0	2	0	1	1	2	0	3	1	3	6	6	21	0	2	0	2	2	0	5.104400000000005	100.56900000000007	0.42857142857142855
CLOBAZAM	21	34	300.066555336	287.64099999999996	300.745	106	0	1	1	2	2	0	2	0	0	0	2	0	5	1	3	1	1	16	0	4	0	0	0	0	3.3712000000000026	83.06700000000004	0.125
CLOMIPRAMINE	22	45	314.154976416	291.67599999999993	314.86	116	0	1	1	0	2	0	2	0	0	0	2	0	3	1	3	4	4	19	0	2	0	0	0	0	4.528400000000004	95.47900000000006	0.3684210526315789
CLONAZEPAM	22	32	315.04106886	305.63599999999997	315.716	110	0	1	1	1	2	0	2	0	0	0	4	1	7	1	3	2	2	15	1	6	0	0	0	0	3.037700000000001	83.68410000000002	0.06666666666666667
CLONIDINE	14	23	229.01735264799999	221.026	230.09799999999998	74	0	1	1	0	1	0	1	0	0	0	3	2	5	1	2	1	2	9	2	3	0	0	0	0	2.3644999999999996	60.38940000000001	0.2222222222222222
CLOZAPINE	23	42	326.129824288	307.679	326.831	118	0	2	2	0	2	0	2	0	1	1	4	1	5	2	4	0	1	18	1	4	0	0	0	0	3.7227000000000023	96.44370000000004	0.2777777777777778
COCAINE	22	43	303.147058152	282.18999999999994	303.35800000000006	118	0	2	2	0	1	0	1	0	2	2	5	0	5	2	3	3	5	17	0	5	2	4	4	0	1.8676999999999997	80.34150000000005	0.5294117647058824
CODEINE	22	43	299.152143532	278.20199999999994	299.37	116	2	2	4	0	1	0	1	0	1	1	4	1	4	2	5	1	1	18	1	4	2	5	5	1	1.5010999999999997	82.46380000000005	0.5555555555555556
CYCLIZINE	20	42	266.178298704	244.21199999999993	266.38800000000003	104	0	1	1	0	2	0	2	0	1	1	2	0	2	1	3	3	3	18	0	2	0	0	0	0	3.0234000000000014	83.79700000000005	0.3333333333333333
CYCLOBENZAPRINE	21	42	275.167399672	254.22699999999992	275.395	106	1	0	1	0	2	0	2	0	0	0	1	0	1	0	3	3	3	20	0	1	0	0	0	0	4.553800000000004	92.06200000000004	0.2
CYPROHEPTADINE	22	43	287.167399672	266.23799999999994	287.40600000000006	110	1	1	2	0	2	0	2	0	1	1	1	0	1	1	4	0	0	21	0	1	0	0	0	0	4.697900000000004	94.56500000000005	0.23809523809523808
MEPERIDINE	18	39	247.157228912	226.16999999999996	247.338	98	0	1	1	0	1	0	1	0	1	1	3	0	3	1	2	3	4	15	0	3	0	0	0	0	2.2131	71.48400000000005	0.5333333333333333
DESFLURANE	10	12	168.000984004	166.01999999999998	168.03599999999997	62	0	0	0	0	0	0	0	0	0	0	1	0	7	0	0	2	3	3	0	1	0	1	1	0	2.0835	18.040000000000003	1.0
DESIPRAMINE	20	42	266.178298704	244.21199999999993	266.388	104	0	1	1	0	2	0	2	0	0	0	2	1	2	1	3	4	4	18	1	2	0	0	0	0	3.5328000000000026	85.84170000000005	0.3333333333333333
DEXAMETHASONE	28	57	392.19990224799994	363.23500000000007	392.4670000000001	154	4	0	4	0	0	0	0	3	0	3	5	3	6	0	4	2	2	22	3	5	0	8	8	0	1.8957	99.94440000000004	0.7272727272727273
FENFLURAMINE	16	32	231.123484172	215.13299999999992	231.26099999999997	90	0	0	0	0	1	0	1	0	0	0	1	1	4	0	1	4	5	12	1	1	0	1	1	0	3.2459000000000024	58.286700000000025	0.5
DEXMEDETOMIDINE	15	31	200.131348512	184.15699999999998	200.28500000000003	78	0	0	0	0	1	1	2	0	0	0	1	1	2	1	2	2	2	13	1	2	0	1	1	0	3.1783400000000013	62.020700000000026	0.3076923076923077
METHYLPHENIDATE	17	36	233.141578848	214.15899999999996	233.31099999999995	92	0	1	1	0	1	0	1	0	1	1	3	1	3	1	2	3	4	14	1	3	0	2	2	0	2.0852999999999997	66.84070000000004	0.5
DEXTROMORAMIDE	29	61	392.246378264	360.28700000000015	392.54300000000023	154	0	2	2	1	2	0	2	0	2	2	3	0	4	2	4	6	7	25	0	4	0	1	1	0	3.5634000000000023	115.90100000000008	0.48
DEXTROPROPOXYPHENE	25	54	339.21982916800005	310.247	339.47900000000016	134	0	0	0	0	2	0	2	0	0	0	3	0	3	0	2	8	9	22	0	3	0	2	2	0	4.275500000000004	102.36700000000008	0.4090909090909091
DIAMORPHINE	27	50	369.157622836	346.2330000000001	369.4170000000001	142	2	2	4	0	1	0	1	0	1	1	6	0	6	2	5	2	4	21	0	6	2	5	5	1	1.9886	96.76800000000006	0.5238095238095238
DIAZEPAM	20	33	284.07164071600005	271.64199999999994	284.746	100	0	1	1	1	2	0	2	0	0	0	2	0	4	1	3	1	1	16	0	3	0	0	0	0	3.153800000000002	81.81000000000003	0.125
NOVERIL	22	43	295.168462292	274.21799999999996	295.386	114	0	1	1	1	2	0	2	0	0	0	3	0	4	1	3	3	3	18	0	4	0	0	0	0	2.976300000000001	91.17750000000005	0.2777777777777778
DICLOFENAC	19	30	295.01668395200005	285.06499999999994	296.153	98	0	0	0	0	2	0	2	0	0	0	2	2	5	0	2	4	4	14	2	3	0	0	0	0	4.364100000000001	77.52650000000003	0.07142857142857142
ERGOLOID_MESYLATE	42	85	577.3264194760001	534.3820000000004	577.7260000000002	226	1	4	5	3	1	1	2	0	4	4	6	3	10	5	7	5	6	32	3	10	0	7	7	0	2.5206000000000013	155.83919999999978	0.65625
DIHYDROCODEINE	22	45	301.167793596	278.20199999999994	301.38599999999997	118	2	2	4	0	1	0	1	1	1	2	4	1	4	2	5	1	1	18	1	4	2	5	5	1	1.7250999999999999	82.55780000000006	0.6666666666666666
DIPHENHYDRAMINE	19	40	255.162314292	234.19299999999993	255.36100000000002	100	0	0	0	0	2	0	2	0	0	0	2	0	2	0	2	6	6	17	0	2	0	0	0	0	3.3542000000000023	79.23300000000006	0.29411764705882354
DIPIPANONE	26	57	349.240564612	318.2700000000001	349.518	138	0	1	1	0	2	0	2	0	1	1	2	0	2	1	3	7	7	24	0	2	0	1	1	0	5.216300000000006	108.46500000000006	0.4583333333333333
DONEPEZIL	28	57	379.214743788	350.26800000000014	379.5000000000001	148	1	1	2	0	2	0	2	0	1	1	4	0	4	1	4	6	6	24	0	4	0	1	1	0	4.361100000000004	110.13050000000004	0.4583333333333333
DOSULEPIN	21	42	295.139470672	274.28299999999996	295.45099999999996	108	0	1	1	0	2	0	2	0	0	0	2	0	2	1	3	3	3	19	0	1	0	0	0	0	4.675700000000004	92.69500000000005	0.2631578947368421
DOXAPRAM	28	58	378.2307282	348.27600000000007	378.5160000000003	148	0	2	2	1	2	0	2	0	2	2	3	0	4	2	4	6	6	24	0	4	0	1	1	0	3.173300000000002	111.28400000000006	0.4583333333333333
DOXEPIN	21	42	279.162314292	258.2149999999999	279.383	108	0	1	1	0	2	0	2	0	0	0	2	0	2	1	3	3	3	19	0	2	0	0	0	0	3.9624000000000033	87.46600000000005	0.2631578947368421
DOXYLAMINE	20	42	270.173213324	248.19999999999996	270.376	106	0	0	0	0	1	1	2	0	0	0	3	0	3	1	2	6	6	17	0	3	0	1	1	0	2.923300000000001	81.63900000000005	0.35294117647058826
DROPERIDOL	28	50	379.16960516399996	357.25900000000007	379.435	144	0	1	1	0	2	1	3	0	0	0	4	1	6	2	4	6	6	22	1	5	0	0	0	0	3.6784000000000026	107.85320000000002	0.2727272727272727
DROXIDOPA	15	26	213.063722452	202.10099999999997	213.189	82	0	0	0	0	1	0	1	0	0	0	5	5	6	0	1	3	3	9	6	6	0	2	2	0	-0.4569000000000003	50.34260000000001	0.2222222222222222
EPHEDRINE	12	27	165.1153641	150.11599999999996	165.236	66	0	0	0	0	1	0	1	0	0	0	2	2	2	0	1	3	3	10	2	2	0	2	2	0	1.3278999999999999	49.92350000000003	0.4
ESTAZOLAM	21	32	294.067224032	283.6569999999999	294.745	102	0	1	1	0	2	1	3	0	0	0	4	0	5	2	4	1	1	16	0	4	0	0	0	0	3.271700000000002	82.15400000000002	0.0625
ETHOPROPAZINE	22	46	312.16601976799996	288.29	312.482	116	0	1	1	0	2	0	2	0	0	0	3	0	3	1	3	5	5	19	0	2	0	1	1	0	5.019600000000005	96.39600000000004	0.3684210526315789
ETHOSUXIMIDE	10	21	141.078978592	130.082	141.17	56	0	1	1	2	0	0	0	0	1	1	2	1	3	1	1	1	1	7	1	3	0	1	1	0	0.4492	36.164699999999996	0.7142857142857143
ETHOTOIN	15	27	204.089877624	192.13299999999995	204.229	78	0	1	1	3	1	0	1	0	1	1	2	1	4	1	2	2	2	11	1	4	0	1	1	0	1.2994	55.10170000000002	0.2727272727272727
FELBAMATE	17	31	238.095356928	224.13099999999997	238.24299999999994	92	0	0	0	2	1	0	1	0	0	0	4	2	6	0	1	5	7	11	4	6	0	0	0	0	0.9608000000000003	60.25380000000003	0.2727272727272727
FENTANYL	25	53	336.22016351599996	308.25500000000005	336.479	132	0	1	1	1	2	0	2	0	1	1	2	0	3	1	3	6	7	22	0	3	0	0	0	0	4.136700000000004	103.82700000000006	0.4090909090909091
FLUMAZENIL	22	36	303.101919528	289.181	303.293	114	0	1	1	1	1	1	2	0	0	0	5	0	7	2	3	2	3	15	0	6	0	0	0	0	1.7736999999999998	75.27600000000001	0.26666666666666666
FLUNARIZINE	30	56	404.206405272	378.2960000000001	404.504	154	0	1	1	0	3	0	3	0	1	1	2	0	4	1	4	6	6	26	0	2	0	0	0	0	5.3852000000000055	118.13200000000005	0.23076923076923078
FLUNITRAZEPAM	23	35	313.08626946399994	301.19199999999995	313.288	116	0	1	1	1	2	0	2	0	0	0	4	0	7	1	3	2	2	16	0	6	0	0	0	0	2.5477000000000007	83.41240000000002	0.125
FLUOXETINE	22	40	309.134048856	291.1869999999999	309.33099999999996	118	0	0	0	0	2	0	2	0	0	0	2	1	5	0	2	6	7	17	1	2	0	1	1	0	4.435000000000003	79.79870000000004	0.29411764705882354
FLUPENTHIXOL	30	55	434.16396908	409.32700000000006	434.527	160	0	2	2	0	2	0	2	0	1	1	4	1	7	2	4	5	6	23	1	3	0	0	0	0	4.6017000000000055	113.67080000000003	0.391304347826087
FLUPHENAZINE	30	56	437.174868112	411.3230000000002	437.5310000000004	162	0	2	2	0	2	0	2	0	1	1	5	1	8	2	4	6	7	22	1	4	0	0	0	0	4.308100000000005	113.59780000000005	0.45454545454545453
FLUPIRTINE	22	39	304.133554004	287.189	304.325	116	0	0	0	1	1	1	2	0	0	0	5	3	7	1	2	5	7	15	4	6	0	0	0	0	2.9834000000000014	83.02080000000002	0.2
FLURAZEPAM	27	50	387.151368256	364.702	387.8860000000001	142	0	1	1	1	2	0	2	0	0	0	3	0	6	1	3	6	6	21	0	4	0	0	0	0	4.004900000000004	108.49900000000004	0.3333333333333333
FLUSPIRILENE	35	66	475.243519052	444.33500000000026	475.58300000000014	182	0	2	2	1	3	0	3	0	2	2	3	1	6	2	5	7	7	29	1	4	0	0	0	1	5.305400000000005	134.21269999999996	0.3448275862068966
FLUTOPRAZEPAM	24	40	342.093519032	326.67300000000006	342.8010000000001	122	1	1	2	1	2	0	2	1	0	1	2	0	5	1	4	3	3	19	0	3	0	0	0	0	4.073100000000003	93.43500000000006	0.2631578947368421
FLUVOXAMINE	22	43	318.155512572	297.17099999999994	318.339	124	0	0	0	0	1	0	1	0	0	0	4	1	7	0	1	9	10	15	2	4	0	0	0	0	3.201500000000001	78.71440000000003	0.5333333333333333
GABAPENTIN	12	29	171.125928784	154.10399999999998	171.23999999999998	70	1	0	1	0	0	0	0	1	0	1	2	2	3	0	1	3	3	9	3	3	0	0	0	0	1.3703	46.82520000000001	0.8888888888888888
GALANTAMINE	21	42	287.152143532	266.1909999999999	287.359	112	1	2	3	0	1	0	1	0	0	0	4	1	4	2	4	1	1	17	1	4	0	3	3	1	1.8503000000000003	79.80280000000005	0.5294117647058824
GRANISETRON	23	47	312.195011388	288.22499999999997	312.41700000000003	122	0	2	2	1	1	1	2	0	2	2	4	1	5	3	4	2	3	18	1	5	2	2	2	0	2.3184000000000005	90.39220000000006	0.5555555555555556
HALAZEPAM	24	36	352.059025344	340.647	352.74300000000005	124	0	1	1	1	2	0	2	0	0	0	2	0	7	1	3	2	3	17	0	3	0	0	0	0	4.086300000000002	86.80800000000005	0.17647058823529413
HALOPERIDOL	26	49	375.140134876	352.68700000000007	375.871	138	0	1	1	0	2	0	2	0	1	1	3	1	5	1	3	6	6	21	1	3	0	0	0	0	4.425600000000005	100.98730000000005	0.38095238095238093
HYDROCODONE	22	43	299.152143532	278.20199999999994	299.37	116	2	2	4	0	1	0	1	1	1	2	4	0	4	2	5	1	1	18	0	4	2	4	4	1	1.9332999999999998	81.55800000000005	0.6111111111111112
HYDROMORPHONE	21	40	285.136493468	266.1909999999999	285.34299999999996	110	2	2	4	0	1	0	1	1	1	2	4	1	4	2	5	0	0	17	1	4	2	4	4	1	1.6302999999999999	76.67080000000004	0.5882352941176471
HYDROXYZINE	26	53	374.17610578399996	347.69600000000014	374.9120000000002	140	0	1	1	0	2	0	2	0	1	1	4	1	5	1	3	8	8	21	1	4	0	1	1	0	3.0559000000000016	105.65480000000007	0.42857142857142855
SCOPOLAMINE	22	43	303.147058152	282.19	303.35799999999995	118	0	3	3	0	1	0	1	0	3	3	5	1	5	3	4	4	5	17	1	5	2	5	5	0	0.9180999999999993	79.38280000000005	0.5882352941176471
IDEBENONE	24	54	338.20932406	308.20400000000006	338.44400000000013	136	1	0	1	0	0	0	0	0	0	0	5	1	5	0	1	12	12	19	1	5	0	0	0	0	3.462300000000003	92.39680000000006	0.6842105263157895
IFENPRODIL	24	51	325.20417910400005	298.23600000000005	325.45199999999994	128	0	1	1	0	2	0	2	0	1	1	3	2	3	1	3	5	5	21	2	3	0	2	2	0	3.7688000000000024	96.97160000000004	0.42857142857142855
IMIPRAMINE	21	45	280.193948768	256.22299999999996	280.41499999999996	110	0	1	1	0	2	0	2	0	0	0	2	0	2	1	3	4	4	19	0	2	0	0	0	0	3.8750000000000036	90.46900000000007	0.3684210526315789
INDELOXAZINE	17	34	231.125928784	214.15899999999993	231.29499999999993	90	1	1	2	0	1	0	1	0	1	1	3	1	3	1	3	3	3	14	1	3	0	1	1	0	1.6230999999999998	67.28470000000003	0.42857142857142855
ISOCARBOXAZID	17	30	231.100776656	218.15099999999995	231.25500000000002	88	0	0	0	1	1	1	2	0	0	0	4	2	5	1	2	4	5	12	2	5	0	0	0	0	1.41762	61.98790000000003	0.16666666666666666
KETAZOLAM	26	43	368.09277008400005	351.684	368.82	132	0	2	2	2	2	0	2	0	0	0	3	0	6	2	4	1	1	20	0	5	0	1	1	0	3.280100000000002	98.63900000000002	0.2
LAMOTRIGINE	16	23	255.00785058399998	249.04	256.096	82	0	0	0	0	1	1	2	0	0	0	5	2	7	1	2	1	1	9	4	5	0	0	0	0	2.0098	64.1078	0.0
LEVALLORPHAN	21	46	283.19361442	258.215	283.41499999999996	112	2	1	3	0	1	0	1	1	1	2	2	1	2	1	4	2	2	19	1	2	2	3	3	0	3.6366000000000027	85.62180000000005	0.5789473684210527
LEVETIRACETAM	12	26	170.105527688	156.1	170.212	68	0	1	1	2	0	0	0	0	1	1	2	1	4	1	1	3	3	8	2	4	0	1	1	0	-0.12729999999999997	44.22040000000001	0.75
LEVODOPA	14	25	197.068807832	186.10199999999998	197.19	76	0	0	0	0	1	0	1	0	0	0	4	4	5	0	1	3	3	9	5	5	0	1	1	0	0.05219999999999969	49.08680000000001	0.2222222222222222
METHOTRIMEPRAZINE	23	47	328.16093438800004	304.289	328.48100000000005	122	0	1	1	0	2	0	2	0	0	0	4	0	4	1	3	5	5	19	0	3	0	1	1	0	4.495600000000005	98.28300000000007	0.3684210526315789
LEVORPHANOL	19	42	257.177964356	234.19299999999993	257.377	102	2	1	3	0	1	0	1	1	1	2	2	1	2	1	4	0	0	17	1	2	2	3	3	0	3.0804000000000022	76.48180000000005	0.6470588235294118
LOFEPRAMINE	30	57	418.181191164	391.7520000000002	418.9680000000002	154	0	1	1	0	3	0	3	0	0	0	3	0	4	1	4	7	7	26	0	3	0	0	0	0	5.781500000000006	125.19450000000006	0.2692307692307692
LOFEXIDINE	16	28	258.032668364	247.04	259.136	86	0	1	1	0	1	0	1	0	0	0	3	1	5	1	2	3	3	11	1	3	0	1	1	0	2.7624000000000013	66.85670000000002	0.36363636363636365
LOPRAZOLAM	33	54	464.13636621200004	443.7450000000002	464.9130000000002	168	0	3	3	1	2	0	2	0	1	1	7	0	10	3	5	3	3	23	0	9	0	0	0	0	2.9331000000000014	127.12840000000003	0.2608695652173913
LORAZEPAM	21	31	320.01193292	311.08299999999997	321.163	106	0	1	1	1	2	0	2	0	0	0	3	2	6	1	3	1	1	15	2	4	0	1	1	0	3.1013000000000015	83.17950000000002	0.06666666666666667
LORMETAZEPAM	22	34	334.027582984	323.09399999999994	335.18999999999994	112	0	1	1	1	2	0	2	0	0	0	3	1	6	1	3	1	1	16	1	4	0	1	1	0	3.125600000000002	87.95980000000002	0.125
LOXAPINE	23	41	327.113839876	309.67099999999994	327.81500000000005	118	0	2	2	0	2	0	2	0	1	1	4	0	5	2	4	0	1	18	0	4	0	0	0	0	3.7714000000000025	93.23500000000004	0.2777777777777778
LYSURIDE	25	51	338.210661452	312.24700000000007	338.45500000000004	132	1	1	2	2	1	1	2	0	0	0	2	2	5	2	4	3	5	20	2	5	0	2	2	0	2.841400000000001	101.63840000000006	0.45
MAPROTILINE	21	44	277.183049736	254.22699999999992	277.411	108	3	0	3	0	2	0	2	0	0	0	1	1	1	0	5	4	4	20	1	1	2	0	0	0	4.211400000000004	87.90170000000006	0.4
MAZINDOL	20	33	284.071640716	271.64199999999994	284.74600000000004	100	0	2	2	0	2	0	2	0	0	0	3	1	4	2	4	1	1	16	1	3	0	1	1	0	2.6092000000000017	79.00280000000004	0.1875
MECLIZINE/MECLOZINE	28	55	390.186276544	363.7420000000001	390.9580000000001	144	0	1	1	0	3	0	3	0	1	1	2	0	3	1	4	5	5	25	0	2	0	1	1	0	5.5556200000000056	117.76600000000005	0.28
MEMANTINE	13	34	179.167399672	158.13899999999998	179.307	74	4	0	4	0	0	0	0	4	0	4	1	1	1	0	4	0	0	12	2	1	4	2	2	0	2.6941000000000006	54.32440000000004	1.0
MEPHENYTOIN	16	30	218.105527688	204.14399999999998	218.256	84	0	1	1	3	1	0	1	0	1	1	2	1	4	1	2	2	2	12	1	4	0	1	1	0	1.4735000000000003	59.712700000000034	0.3333333333333333
MEPROBAMATE	15	33	218.126657056	200.10899999999995	218.25299999999996	88	0	0	0	2	0	0	0	0	0	0	4	2	6	0	0	6	8	9	4	6	0	0	0	0	0.9834000000000003	54.08580000000003	0.7777777777777778
MEPTAZINOL	17	40	233.177964356	210.17099999999996	233.35500000000002	94	0	1	1	0	1	0	1	0	1	1	2	1	2	1	2	2	2	15	1	2	0	1	1	0	3.1557000000000017	71.42380000000004	0.6
MEPYRAMINE	21	44	285.184112356	262.20699999999994	285.391	112	0	0	0	0	1	1	2	0	0	0	4	0	4	1	2	7	7	17	0	4	0	0	0	0	2.6584000000000003	86.83500000000006	0.35294117647058826
MESORIDAZINE	26	52	386.14865545199996	360.3780000000001	386.5860000000001	138	0	2	2	0	2	0	2	0	1	1	4	0	5	2	4	4	4	21	0	3	0	2	2	0	4.901100000000005	111.23140000000005	0.42857142857142855
MESUXIMIDE	15	28	203.094628656	190.13699999999997	203.241	78	0	1	1	2	1	0	1	0	1	1	2	0	3	1	2	1	1	12	0	3	0	1	1	0	1.3329999999999997	56.18800000000004	0.3333333333333333
METACLAZEPAM	23	41	392.02910297599993	375.568	393.712	120	0	1	1	0	2	0	2	0	0	0	3	0	5	1	3	3	3	18	0	3	0	1	1	0	4.404700000000004	100.16700000000003	0.2777777777777778
METAXALONE	16	31	221.10519334	206.13599999999997	221.25599999999997	86	0	1	1	1	1	0	1	0	1	1	3	1	4	1	2	3	3	12	1	4	0	1	1	0	1.7906399999999996	59.68270000000003	0.4166666666666667
METHADONE	23	50	309.209264484	282.237	309.45300000000003	122	0	0	0	0	2	0	2	0	0	0	2	0	2	0	2	7	7	21	0	2	0	1	1	0	4.292000000000004	96.72800000000007	0.38095238095238093
METHAMPHETAMINE	11	26	149.12044948	134.117	149.23699999999997	60	0	0	0	0	1	0	1	0	0	0	1	1	1	0	1	3	3	10	1	1	0	1	1	0	1.837	48.66770000000003	0.4
METHDILAZINE	21	41	296.13471963999996	276.279	296.439	108	0	2	2	0	2	0	2	0	1	1	3	0	3	2	4	2	2	18	0	2	0	1	1	0	4.241000000000003	89.61700000000005	0.3333333333333333
METHOCARBAMOL	17	32	241.09502258	226.12299999999996	241.24299999999994	94	0	0	0	1	1	0	1	0	0	0	5	2	6	0	1	6	7	11	3	6	0	1	1	0	0.5301999999999998	60.03120000000003	0.36363636363636365
METHYLPHENOBARBITAL	18	32	246.100442308	232.15399999999997	246.266	94	0	1	1	4	1	0	1	0	1	1	3	1	5	1	2	2	2	13	1	5	0	1	1	0	1.0425999999999995	64.71970000000003	0.3076923076923077
METHYLPREDNISOLONE	27	57	374.2093240599999	344.2370000000001	374.47700000000015	148	4	0	4	0	0	0	0	3	0	3	5	3	5	0	4	2	2	22	3	5	0	8	8	0	1.8036000000000003	99.59540000000004	0.7272727272727273
METHYSERGIDE	26	53	353.210327104	326.2500000000001	353.46600000000007	138	1	1	2	1	1	1	2	0	0	0	4	2	5	2	4	4	5	21	2	5	0	3	3	0	1.9351000000000005	103.81550000000007	0.47619047619047616
METOCLOPRAMIDE	20	42	299.140054624	277.626	299.802	112	0	0	0	1	1	0	1	0	0	0	4	2	6	0	1	7	8	14	3	5	0	0	0	0	2.0023999999999997	82.53760000000004	0.5
MIANSERIN	20	40	264.16264864	244.21199999999993	264.372	102	0	2	2	0	2	0	2	0	1	1	2	0	2	2	4	0	0	18	0	2	0	1	1	0	3.0839000000000016	83.27400000000006	0.3333333333333333
MIDAZOLAM	23	36	325.07820331600004	312.66999999999996	325.774	114	0	1	1	0	2	1	3	0	0	0	3	0	5	2	4	1	1	18	0	3	0	0	0	0	4.324220000000002	89.05400000000003	0.1111111111111111
MILNACIPRAN	18	40	246.173213324	224.17799999999994	246.354	98	1	0	1	1	1	0	1	1	0	1	2	1	3	0	2	5	6	15	2	3	0	2	2	0	1.7713999999999996	73.20940000000004	0.5333333333333333
MIRTAZAPINE	20	39	265.157897608	246.20799999999994	265.36	102	0	2	2	0	1	1	2	0	1	1	3	0	3	3	4	0	0	17	0	3	0	1	1	0	2.4789000000000003	81.06900000000005	0.35294117647058826
MOCLOBEMIDE	18	35	268.097855464	251.60799999999998	268.7439999999999	98	0	1	1	1	1	0	1	0	1	1	3	1	5	1	2	4	5	13	1	4	0	0	0	0	1.4019999999999997	71.04420000000003	0.46153846153846156
MODAFINIL	19	34	273.08234972	258.23699999999997	273.35699999999997	98	0	0	0	1	2	0	2	0	0	0	2	1	4	0	2	5	5	15	2	3	0	1	1	0	2.01	76.93080000000003	0.13333333333333333
MOLINDONE	20	44	276.183778008	252.18799999999996	276.37999999999994	110	1	1	2	0	0	1	1	0	1	1	3	1	4	2	3	3	3	16	1	4	0	1	1	0	1.96282	78.30820000000004	0.6875
MORPHINE	21	40	285.136493468	266.1909999999999	285.34299999999996	110	2	2	4	0	1	0	1	0	1	1	4	2	4	2	5	0	0	17	2	4	2	5	5	1	1.1980999999999997	77.57660000000003	0.5294117647058824
NABILONE	27	63	372.26644501199996	336.2610000000001	372.5490000000002	150	1	1	2	0	1	0	1	1	0	1	3	1	3	1	3	6	6	24	1	3	0	2	2	0	6.264000000000007	109.6878000000001	0.7083333333333334
NALBUPHINE	26	53	357.19400834399994	330.2340000000001	357.45000000000005	140	3	2	5	0	1	0	1	2	1	3	5	3	5	2	6	2	2	21	3	5	2	5	5	1	1.7073000000000005	95.41440000000006	0.7142857142857143
NALMEFENE	25	50	339.18344365999997	314.23500000000007	339.43500000000006	132	3	2	5	0	1	0	1	2	1	3	4	2	4	2	6	2	2	21	2	4	2	4	4	1	2.512500000000002	93.93060000000007	0.6190476190476191
NALOXONE	24	45	327.147058152	306.21200000000005	327.38000000000005	126	2	2	4	0	1	0	1	1	1	2	5	2	5	2	5	2	2	19	2	5	2	4	4	1	1.3014	87.27060000000004	0.5263157894736842
NALTREXONE	25	48	341.16270821599994	318.22300000000007	341.40700000000004	132	3	2	5	0	1	0	1	2	1	3	5	2	5	2	6	2	2	20	2	5	2	4	4	1	1.5253999999999999	89.79760000000005	0.65
NEFAZODONE	33	65	469.224452944	437.7610000000002	470.0170000000003	176	0	1	1	0	2	1	3	0	1	1	7	0	8	2	4	10	10	25	0	7	0	0	0	0	3.5519000000000016	132.52399999999997	0.44
NEFOPAM	19	38	253.146664228	234.19299999999993	253.345	98	0	1	1	0	2	0	2	0	0	0	2	0	2	1	3	1	1	17	0	2	0	1	1	0	3.238000000000002	77.01300000000005	0.29411764705882354
NEMONAPRIDE	27	53	387.17135475199996	361.7030000000001	387.9110000000002	144	0	1	1	1	2	0	2	0	1	1	4	2	6	1	3	6	7	21	2	5	0	2	2	0	3.783100000000002	109.73590000000006	0.38095238095238093
NICOTINE	12	26	162.115698448	148.12399999999997	162.236	64	0	1	1	0	0	1	1	0	1	1	2	0	2	2	2	1	1	10	0	2	0	1	1	0	1.8483	48.842000000000034	0.5
NIMODIPINE	30	56	418.17400117199986	392.23800000000017	418.44600000000025	162	0	1	1	0	1	0	1	0	0	0	8	1	9	1	2	8	10	21	1	9	0	1	1	0	2.9708000000000014	108.43610000000005	0.42857142857142855
NITRAZEPAM	21	32	281.080041212	270.183	281.271	104	0	1	1	1	2	0	2	0	0	0	4	1	6	1	3	2	2	15	1	6	0	0	0	0	2.3842999999999996	78.67410000000002	0.06666666666666667
NIZOFENONE	29	50	412.130218212	391.7090000000001	412.8770000000001	150	0	0	0	0	2	1	3	0	0	0	6	0	8	1	3	8	8	21	0	7	0	0	0	0	4.506700000000005	111.72790000000003	0.23809523809523808
NORTRIPTYLINE	20	41	263.167399672	242.21599999999992	263.38399999999996	102	1	0	1	0	2	0	2	0	0	0	1	1	1	0	3	3	3	19	1	1	0	0	0	0	3.826400000000003	85.91470000000005	0.2631578947368421
OLANZAPINE	22	42	312.14086764	292.28200000000004	312.4420000000001	114	0	2	2	0	1	1	2	0	1	1	5	1	5	3	4	0	1	17	1	4	0	0	0	0	3.4392200000000033	94.04770000000003	0.35294117647058826
ONDANSETRON	22	41	293.152812228	274.21799999999996	293.37000000000006	112	1	0	1	0	1	2	3	0	0	0	4	0	4	2	4	2	2	18	0	4	0	1	1	0	3.1285200000000017	86.02450000000005	0.3333333333333333
ORPHENADRINE	20	43	269.177964356	246.20399999999995	269.388	106	0	0	0	0	2	0	2	0	0	0	2	0	2	0	2	6	6	18	0	2	0	1	1	0	3.662620000000002	83.97000000000006	0.3333333333333333
OXAZEPAM	20	31	286.050905272	275.63	286.718	100	0	1	1	1	2	0	2	0	0	0	3	2	5	1	3	1	1	15	2	4	0	1	1	0	2.447900000000001	78.16950000000003	0.06666666666666667
OXCARBAZEPINE	19	31	252.089877624	240.17699999999996	252.273	94	0	1	1	2	2	0	2	0	0	0	2	1	4	1	3	0	1	15	2	4	0	0	0	0	2.642199999999999	72.64090000000003	0.06666666666666667
OXIRACETAM	11	21	158.06914218	148.07699999999997	158.15699999999998	62	0	1	1	2	0	0	0	0	1	1	3	2	5	1	1	2	2	6	3	5	0	1	1	0	-1.935099999999999	36.39819999999999	0.6666666666666666
OXYCODONE	23	44	315.147058152	294.20099999999996	315.369	122	2	2	4	0	1	0	1	1	1	2	5	1	5	2	5	1	1	18	1	5	2	4	4	1	1.0481999999999998	83.01780000000005	0.6111111111111112
OXYMORPHONE	22	41	301.131408088	282.18999999999994	301.342	116	2	2	4	0	1	0	1	1	1	2	5	2	5	2	5	0	0	17	2	5	2	4	4	1	0.7451999999999996	78.13060000000003	0.5882352941176471
OXYPERTINE	28	57	379.225977168	350.27200000000016	379.5040000000001	148	0	1	1	0	2	1	3	0	1	1	4	1	5	2	4	6	6	23	1	5	0	0	0	0	3.8582200000000038	114.93870000000004	0.391304347826087
PARALDEHYDE	9	21	132.078644244	120.06299999999997	132.159	54	0	1	1	0	0	0	0	0	1	1	3	0	3	1	1	0	0	6	0	3	0	0	0	0	1.0877999999999999	31.640999999999984	1.0
PARAMETHADIONE	11	22	157.073893212	146.081	157.16899999999998	62	0	1	1	2	0	0	0	0	1	1	3	0	4	1	1	1	1	7	0	4	0	1	1	0	0.7637	37.947	0.7142857142857143
PAROXETINE	24	44	329.14272171999994	309.211	329.37100000000004	126	0	2	2	0	2	0	2	0	1	1	4	1	5	2	4	4	4	19	1	4	0	2	2	0	3.326500000000002	88.17770000000006	0.3684210526315789
PEMOLINE	13	21	176.058577496	168.111	176.17499999999995	66	0	1	1	1	1	0	1	0	0	0	3	1	4	1	2	1	1	9	2	4	0	1	1	0	0.5992000000000001	46.89740000000002	0.1111111111111111
PENTAZOCINE	21	48	285.209264484	258.215	285.4309999999999	114	1	1	2	0	1	0	1	0	1	1	2	1	2	1	3	2	2	19	1	2	2	3	3	0	3.882600000000003	87.73580000000004	0.5789473684210527
PENTOBARBITAL	16	34	226.131742436	208.13199999999998	226.27599999999998	90	0	1	1	4	0	0	0	0	1	1	3	2	5	1	1	4	4	11	2	5	0	1	1	0	1.1849999999999998	58.477400000000024	0.7272727272727273
PERGOLIDE	22	48	314.18166983199995	288.28999999999996	314.49800000000005	118	1	1	2	0	1	1	2	0	1	1	2	1	3	2	4	4	4	19	1	2	0	3	3	0	4.271100000000003	96.88470000000007	0.5789473684210527
PERICYAZINE	26	49	365.156183356	342.3180000000001	365.5020000000002	134	0	2	2	0	2	0	2	0	1	1	5	1	5	2	4	4	4	21	1	4	0	0	0	0	4.007780000000004	105.02580000000005	0.38095238095238093
PEROSPIRONE	30	60	426.20894719999995	396.3460000000002	426.5860000000003	160	1	2	3	2	1	1	2	1	2	3	6	0	7	3	5	6	6	23	0	6	0	2	2	0	3.373700000000002	119.67500000000007	0.6086956521739131
PERPHENAZINE	27	53	403.148511132	377.7710000000002	403.9790000000003	144	0	2	2	0	2	0	2	0	1	1	5	1	6	2	4	6	6	21	1	4	0	0	0	0	3.9427000000000034	113.60580000000006	0.42857142857142855
PHENACEMIDE	13	23	178.07422756	168.111	178.19099999999997	68	0	0	0	3	1	0	1	0	0	0	2	2	4	0	1	2	4	9	3	4	0	0	0	0	0.4240000000000001	47.87210000000002	0.1111111111111111
PHENAZOCINE	24	51	321.20926448399996	294.248	321.46399999999994	126	1	1	2	0	2	0	2	0	1	1	2	1	2	1	4	3	3	22	1	2	2	3	3	0	4.159100000000005	98.45080000000006	0.45454545454545453
PHENDIMETRAZINE	14	31	191.131014164	174.13799999999998	191.27400000000003	76	0	1	1	0	1	0	1	0	1	1	2	0	2	1	2	1	1	12	0	2	0	2	2	0	2.0782	57.22700000000004	0.5
PHENELZINE	10	22	136.100048384	124.10199999999999	136.19799999999998	54	0	0	0	0	1	0	1	0	0	0	2	2	2	0	1	3	3	8	3	2	0	0	0	0	0.6924000000000001	42.33610000000001	0.25
PHENINDAMINE	20	39	261.151749608	242.21599999999992	261.368	100	1	1	2	0	2	0	2	0	0	0	1	0	1	1	4	1	1	19	0	1	0	1	1	0	3.9212000000000033	83.76100000000005	0.2631578947368421
PHENOBARBITAL/PHENOBARBITONE	17	29	232.084792244	220.14299999999997	232.239	88	0	1	1	4	1	0	1	0	1	1	3	2	5	1	2	2	2	12	2	5	0	0	0	0	0.7003999999999997	60.09240000000002	0.25
PHENOPERIDINE	27	56	367.214743788	338.2570000000001	367.48900000000003	144	0	1	1	0	2	0	2	0	1	1	4	1	4	1	3	7	8	23	1	4	0	1	1	0	3.7070000000000025	106.44580000000005	0.43478260869565216
PHENSUXIMIDE	14	25	189.078978592	178.12599999999998	189.21400000000003	72	0	1	1	2	1	0	1	0	1	1	2	0	3	1	2	1	1	11	0	3	0	1	1	0	1.1589	51.577000000000034	0.2727272727272727
PHENTERMINE	11	26	149.12044948	134.11699999999996	149.23699999999997	60	0	0	0	0	1	0	1	0	0	0	1	1	1	0	1	2	2	10	2	1	0	0	0	0	1.9664000000000001	48.41240000000003	0.4
PHENYTOIN	19	31	252.089877624	240.17699999999996	252.273	94	0	1	1	3	2	0	2	0	1	1	2	2	4	1	3	2	2	15	2	4	0	0	0	0	1.7696	70.33840000000004	0.06666666666666667
PIMOZIDE	34	63	461.227868988	432.3240000000002	461.55600000000004	176	0	1	1	0	3	1	4	0	1	1	3	1	6	2	5	7	7	28	1	4	0	0	0	0	5.8570000000000055	131.1467	0.32142857142857145
PIPERACETAZINE	29	59	410.2027992	380.3430000000002	410.5830000000003	154	0	2	2	0	2	0	2	0	1	1	5	1	5	2	4	7	7	24	1	4	0	0	0	0	4.976400000000005	119.50130000000007	0.4583333333333333
PIPOTHIAZINE	32	65	475.19633391600007	442.4160000000002	475.68000000000046	174	0	2	2	0	2	0	2	0	1	1	6	1	8	2	4	8	8	24	1	6	0	0	0	0	4.024100000000004	130.3696000000001	0.5
PIRACETAM	10	20	142.07422756	132.07799999999997	142.158	56	0	1	1	2	0	0	0	0	1	1	2	1	4	1	1	2	2	6	2	4	0	0	0	0	-0.9058999999999995	35.008399999999995	0.6666666666666666
PIZOTIFEN	21	42	295.139470672	274.28299999999996	295.451	108	1	1	2	0	1	1	2	0	1	1	2	0	2	2	4	0	0	19	0	1	0	0	0	0	4.374200000000004	90.92200000000005	0.3684210526315789
PRAMIPEXOLE	14	31	211.11431854399999	194.19799999999998	211.33399999999997	78	1	0	1	0	0	1	1	0	0	0	4	2	4	1	2	3	3	10	3	3	0	1	1	0	1.5822	60.63310000000002	0.7
PRAZEPAM	23	40	324.10294084400005	307.67500000000007	324.81100000000015	116	1	1	2	1	2	0	2	1	0	1	2	0	4	1	4	3	3	19	0	3	0	0	0	0	3.934000000000003	93.47700000000005	0.2631578947368421
PREGABALIN	11	28	159.125928784	142.093	159.22899999999998	66	0	0	0	0	0	0	0	0	0	0	2	2	3	0	0	5	5	8	3	3	0	1	1	0	1.0821	44.2522	0.875
PRIMIDONE	16	30	218.105527688	204.14399999999998	218.256	84	0	1	1	2	1	0	1	0	1	1	2	2	4	1	2	2	2	12	2	4	0	0	0	0	0.5378999999999994	59.56340000000003	0.3333333333333333
PROCHLORPERAZINE	25	49	373.137946448	349.7610000000001	373.9530000000001	132	0	2	2	0	2	0	2	0	1	1	4	0	5	2	4	4	4	20	0	3	0	0	0	0	4.580200000000004	107.57700000000004	0.4
PROCYCLIDINE	21	50	287.224914548	258.215	287.44699999999995	116	1	1	2	0	1	0	1	1	1	2	2	1	2	1	3	5	5	19	1	2	0	1	1	0	3.9404000000000035	87.20480000000006	0.6842105263157895
PROMAZINE	20	40	284.13471963999996	264.268	284.428	104	0	1	1	0	2	0	2	0	0	0	3	0	3	1	3	4	4	17	0	2	0	0	0	0	4.241000000000003	87.18400000000005	0.29411764705882354
PROMETHAZINE	20	40	284.13471963999996	264.268	284.428	104	0	1	1	0	2	0	2	0	0	0	3	0	3	1	3	3	3	17	0	2	0	1	1	0	4.239400000000004	87.16200000000006	0.29411764705882354
PROPRANOLOL	19	40	259.157228912	238.18099999999995	259.349	102	0	0	0	0	2	0	2	0	0	0	3	2	3	0	2	6	6	16	2	3	0	1	1	0	2.577500000000001	78.58850000000005	0.375
PROTRIPTYLINE	20	41	263.167399672	242.21599999999992	263.384	102	1	0	1	0	2	0	2	0	0	0	1	1	1	0	3	4	4	19	1	1	0	0	0	0	4.301900000000003	86.81570000000005	0.2631578947368421
QUAZEPAM	25	36	386.02675991200005	375.71299999999997	386.80100000000004	130	0	1	1	0	2	0	2	0	0	0	2	0	8	1	3	2	3	17	0	2	0	0	0	0	5.026200000000002	94.35700000000004	0.17647058823529413
QUETIAPINE	27	52	383.16674803999996	358.3170000000002	383.5170000000003	142	0	2	2	0	2	0	2	0	1	1	6	1	6	2	4	5	6	21	1	5	0	0	0	0	2.856000000000001	109.12180000000005	0.38095238095238093
QUINAGOLIDE	27	60	395.224262916	362.3050000000001	395.56900000000013	152	1	1	2	0	1	0	1	0	1	1	4	2	7	1	3	7	7	20	2	6	0	3	3	0	2.1361	108.03830000000008	0.7
QUINALBARBITONE	17	35	238.131742436	220.14299999999997	238.28699999999998	94	0	1	1	4	0	0	0	0	1	1	3	2	5	1	1	5	5	12	2	5	0	1	1	0	1.3510999999999997	63.00040000000002	0.5833333333333334
REBOXETINE	23	46	313.167793596	290.213	313.39700000000005	122	0	1	1	0	2	0	2	0	1	1	4	1	4	1	3	6	6	19	1	4	0	2	2	0	3.1938000000000004	90.03170000000006	0.3684210526315789
REMIFENTANIL	27	55	376.1998219959999	348.2290000000001	376.45300000000015	148	0	1	1	1	1	0	1	0	1	1	6	0	7	1	2	7	10	20	0	7	0	0	0	0	2.0002999999999997	101.27300000000007	0.55
REMOXIPRIDE	22	45	370.089204696	348.09099999999995	371.27500000000003	122	0	1	1	1	1	0	1	0	1	1	4	1	6	1	2	6	7	16	1	5	0	1	1	0	2.6804000000000014	89.84820000000006	0.5625
RISPERIDONE	30	57	410.211804324	383.27700000000016	410.4930000000001	158	0	2	2	0	1	2	3	0	1	1	6	0	7	4	5	4	4	23	0	6	0	0	0	0	3.5904200000000026	112.25800000000005	0.5217391304347826
RIVASTIGMINE	18	40	250.168127944	228.16599999999994	250.34199999999998	100	0	0	0	1	1	0	1	0	0	0	3	0	4	0	1	4	6	14	0	4	0	1	1	0	2.7597000000000014	72.87200000000004	0.5
RIZATRIPTAN	20	39	269.164045608	250.19999999999996	269.352	104	0	0	0	0	1	2	3	0	0	0	4	1	5	2	3	5	5	15	1	5	0	0	0	0	1.9118	79.68070000000003	0.3333333333333333
ROPINIROLE	19	43	260.188863388	236.18899999999996	260.3809999999999	104	0	1	1	1	1	0	1	0	0	0	2	1	3	1	2	7	7	16	1	3	0	0	0	0	2.845700000000001	79.50170000000004	0.5625
ROPIVACAINE	20	46	274.204513452	248.19999999999996	274.408	110	0	1	1	1	1	0	1	0	1	1	2	1	3	1	2	4	5	17	1	3	0	1	1	0	3.506440000000002	84.04870000000005	0.5882352941176471
SELEGILINE	14	31	187.136099544	170.14999999999998	187.28599999999994	74	0	0	0	0	1	0	1	0	0	0	1	0	1	0	1	4	4	13	0	1	0	1	1	0	2.1826	61.07100000000004	0.38461538461538464
SERTINDOLE	31	57	440.177917352	414.74200000000013	440.95000000000033	162	0	2	2	2	2	1	3	0	2	2	3	1	7	3	5	5	5	24	1	5	0	0	0	0	4.627600000000005	121.62970000000007	0.375
SERTRALINE	20	37	305.073804904	289.0999999999999	306.236	104	1	0	1	0	2	0	2	0	0	0	1	1	3	0	3	2	2	17	1	1	0	2	2	0	5.179600000000003	85.78170000000004	0.29411764705882354
SIBUTRAMINE	19	45	279.175377512	253.64699999999996	279.8550000000001	106	1	0	1	0	1	0	1	1	0	1	1	0	2	0	2	5	5	17	0	1	0	1	1	0	4.738000000000005	83.91100000000006	0.6470588235294118
SUFENTANIL	27	57	386.20279919999996	356.3210000000001	386.5610000000001	146	0	1	1	1	1	1	2	0	1	1	4	0	5	2	3	8	9	22	0	4	0	0	0	0	4.214800000000004	112.52300000000007	0.5
SULPIRIDE	23	46	341.140927216	318.24899999999997	341.4330000000001	128	0	1	1	1	1	0	1	0	1	1	5	2	8	1	2	6	7	15	3	7	0	1	1	0	0.5567000000000012	86.96940000000005	0.5333333333333333
SULTHIAME	18	32	290.039498928	276.254	290.36600000000004	100	0	1	1	0	1	0	1	0	1	1	4	1	8	1	2	2	2	10	2	6	0	0	0	0	0.2640000000000001	68.18200000000003	0.4
SUMATRIPTAN	20	41	295.135447912	274.24	295.408	110	0	0	0	0	1	1	2	0	0	0	3	2	6	1	2	6	6	14	2	5	0	0	0	0	1.3211999999999997	82.24020000000004	0.42857142857142855
TACRINE	15	29	198.115698448	184.15699999999998	198.26899999999992	76	1	0	1	0	1	1	2	0	0	0	2	1	2	1	3	0	0	13	2	2	0	0	0	0	2.6958	62.79740000000002	0.3076923076923077
TALIPEXOLE	14	29	209.09866848	194.19799999999998	209.31799999999996	76	0	1	1	0	0	1	1	0	0	0	4	1	4	2	2	2	2	10	2	3	0	0	0	0	1.3119	60.571400000000025	0.5
TALTIRELIN	29	52	405.176066836	382.23100000000017	405.41500000000025	156	0	2	2	6	0	1	1	0	2	2	6	4	12	3	3	6	8	17	5	12	0	3	3	0	-2.1463999999999954	97.85850000000003	0.5294117647058824
TANDOSPIRONE	28	57	383.232125168	354.2640000000001	383.49600000000015	150	2	2	4	2	0	1	1	2	2	4	6	0	7	3	5	6	6	21	0	7	2	4	4	0	1.4098999999999995	104.45000000000006	0.7142857142857143
TEMAZEPAM	21	34	300.066555336	287.64099999999996	300.745	106	0	1	1	1	2	0	2	0	0	0	3	1	5	1	3	1	1	16	1	4	0	1	1	0	2.472200000000001	82.94980000000002	0.125
TETRABENAZINE	23	50	317.199093724	290.213	317.4290000000001	126	0	2	2	0	1	0	1	0	1	1	4	0	4	2	3	4	4	19	0	4	0	2	2	0	3.238100000000002	90.13300000000007	0.631578947368421
THALIDOMIDE	19	29	258.0640568	248.15299999999996	258.23299999999995	96	0	2	2	4	1	0	1	0	1	1	4	1	6	2	3	1	1	13	1	6	0	1	1	0	0.08779999999999993	63.113700000000016	0.23076923076923078
THEOPHYLLINE	13	21	180.064725496	172.10299999999998	180.167	68	0	0	0	0	0	2	2	0	0	0	5	1	6	2	2	0	0	7	1	6	0	0	0	0	-1.0397000000000005	46.575700000000005	0.2857142857142857
THIETHYLPERAZINE	27	56	399.1802899280001	370.39700000000016	399.62900000000036	144	0	2	2	0	2	0	2	0	1	1	5	0	5	2	4	6	6	22	0	3	0	0	0	0	5.0388000000000055	118.96500000000007	0.45454545454545453
THIOPROPAZATE	30	58	445.159075816	417.79200000000014	446.0160000000001	160	0	2	2	0	2	0	2	0	1	1	6	0	7	2	4	7	8	23	0	5	0	0	0	0	4.513500000000004	123.15300000000003	0.43478260869565216
THIOPROPERAZINE	30	60	446.1810181999999	416.40200000000016	446.6420000000002	162	0	2	2	0	2	0	2	0	1	1	6	0	8	2	4	6	6	22	0	6	0	0	0	0	3.177100000000001	123.43980000000006	0.45454545454545453
THIORIDAZINE	25	51	370.153740832	344.3790000000001	370.5870000000001	132	0	2	2	0	2	0	2	0	1	1	4	0	4	2	4	4	4	21	0	2	0	1	1	0	5.8856000000000055	110.68000000000005	0.42857142857142855
THIOTHIXENE	30	59	443.170119168	414.4060000000002	443.6380000000002	160	0	2	2	0	2	0	2	0	1	1	5	0	7	2	4	5	5	23	0	5	0	0	0	0	3.4707000000000017	123.51280000000006	0.391304347826087
TIAGABINE	25	50	375.13267104	350.3590000000001	375.559	134	0	1	1	0	0	2	2	0	1	1	4	1	5	3	3	6	6	20	1	3	0	1	1	0	5.044840000000004	106.60780000000005	0.45
TIANEPTINE	29	54	436.12235596	411.7610000000002	436.96100000000024	156	0	1	1	0	2	0	2	0	0	0	4	2	8	1	3	8	8	21	2	6	0	1	1	0	4.192600000000002	114.04930000000007	0.38095238095238093
TILIDINE	20	43	273.172878976	250.19199999999995	273.37600000000003	108	1	0	1	0	1	0	1	0	0	0	3	0	3	0	2	4	5	17	0	3	0	2	2	0	2.7677000000000014	80.60200000000005	0.47058823529411764
TOLCAPONE	20	31	273.06372245200004	262.15599999999995	273.244	102	0	0	0	0	2	0	2	0	0	0	5	2	6	0	2	3	3	14	2	6	0	0	0	0	2.545420000000002	71.03750000000001	0.07142857142857142
TOLOXATONE	15	28	207.089543276	194.12499999999997	207.22899999999998	80	0	1	1	1	1	0	1	0	1	1	3	1	4	1	2	2	2	11	1	4	0	1	1	0	1.3125199999999997	55.87980000000003	0.36363636363636365
TOPIRAMATE	22	43	339.098787632	318.19800000000004	339.36600000000004	128	0	3	3	0	0	0	0	0	3	3	8	1	10	3	3	3	3	12	2	9	0	4	4	0	-0.3953999999999982	71.60420000000005	1.0
TRAMADOL	19	44	263.18852904	238.18099999999993	263.381	106	1	0	1	0	1	0	1	1	0	1	3	1	3	0	2	4	4	16	1	3	0	2	2	0	2.634600000000001	77.40280000000006	0.625
TRANYLCYPROMINE	10	21	133.089149352	122.10599999999998	133.19399999999996	52	1	0	1	0	1	0	1	1	0	1	1	1	1	0	2	1	1	9	2	1	0	2	2	0	1.5012	41.77540000000001	0.3333333333333333
TRAZODONE	26	48	371.151288004	349.69600000000014	371.87200000000007	136	0	1	1	0	1	2	3	0	1	1	6	0	7	3	4	5	5	19	0	6	0	0	0	0	2.3617	104.17400000000002	0.3684210526315789
TRIAZOLAM	23	35	342.043901744	331.121	343.217	114	0	1	1	0	2	1	3	0	0	0	4	0	6	2	4	1	1	17	0	4	0	0	0	0	4.233520000000002	91.90100000000001	0.11764705882352941
TRIFLUOPERAZINE	28	52	407.164303428	383.31300000000005	407.5050000000001	150	0	2	2	0	2	0	2	0	1	1	4	0	7	2	4	4	5	21	0	3	0	0	0	0	4.945600000000004	107.56900000000006	0.42857142857142855
TRIFLUPROMAZINE	24	43	352.122104268	333.27299999999997	352.425	128	0	1	1	0	2	0	2	0	0	0	3	0	6	1	3	4	5	18	0	2	0	0	0	0	5.259800000000004	92.18600000000006	0.3333333333333333
TRIMEPRAZINE	21	43	298.15036970399996	276.279	298.455	110	0	1	1	0	2	0	2	0	0	0	3	0	3	1	3	4	4	18	0	2	0	1	1	0	4.4870000000000045	91.73100000000007	0.3333333333333333
TRIMETHADIONE	10	19	143.058243148	134.07	143.14199999999997	56	0	1	1	2	0	0	0	0	1	1	3	0	4	1	1	0	0	6	0	4	0	0	0	0	0.37360000000000004	33.32999999999999	0.6666666666666666
TRIMIPRAMINE	22	48	294.209598832	268.234	294.44199999999995	116	0	1	1	0	2	0	2	0	0	0	2	0	2	1	3	4	4	20	0	2	0	1	1	0	4.121000000000003	95.01600000000006	0.4
TRIPELENNAMINE	19	40	255.17354767199998	234.19699999999995	255.36500000000004	100	0	0	0	0	1	1	2	0	0	0	3	0	3	1	2	6	6	16	0	3	0	0	0	0	2.649800000000001	80.28300000000006	0.3125
TRIPROLIDINE	21	43	278.178298704	256.2229999999999	278.39899999999994	108	0	1	1	0	1	1	2	0	1	1	2	0	2	2	3	4	4	19	0	2	0	0	0	0	3.917520000000003	88.16900000000005	0.3157894736842105
TROPISETRON	21	41	284.15247788	264.19899999999996	284.359	110	0	2	2	0	1	1	2	0	2	2	3	1	4	3	4	2	3	17	1	4	2	2	2	0	2.9499000000000013	81.30920000000005	0.47058823529411764
VALPROIC_ACID	10	26	144.115029752	128.08599999999998	144.214	60	0	0	0	0	0	0	0	0	0	0	1	1	2	0	0	5	5	8	1	2	0	0	0	0	2.2874	40.9418	0.875
VENLAFAXINE	20	47	277.204179104	250.19199999999992	277.40799999999996	112	1	0	1	0	1	0	1	1	0	1	3	1	3	0	2	5	5	17	1	3	0	1	1	0	3.035600000000002	82.32380000000006	0.6470588235294118
VIGABATRIN	9	20	129.078978592	118.07099999999998	129.159	52	0	0	0	0	0	0	0	0	0	0	2	2	3	0	0	4	4	6	3	3	0	1	1	0	0.3645000000000001	35.04219999999999	0.5
VILOXAZINE	17	36	237.136493468	218.14699999999996	237.29899999999992	94	0	1	1	0	1	0	1	0	1	1	4	1	4	1	2	5	5	13	1	4	0	1	1	0	1.4525	65.71570000000004	0.5384615384615384
ZALEPLON	23	38	305.12766009999996	290.221	305.34100000000007	114	0	0	0	1	1	2	3	0	0	0	5	0	6	2	3	3	4	17	0	6	0	0	0	0	2.6407800000000003	86.83900000000003	0.17647058823529413
ZOLPIDEM	23	44	307.168462292	286.229	307.39700000000005	118	0	0	0	1	1	2	3	0	0	0	3	0	4	2	3	3	4	19	0	4	0	0	0	0	3.2488400000000013	92.50000000000006	0.2631578947368421
ZONISAMIDE	14	22	212.025563116	204.16599999999997	212.22999999999996	74	0	0	0	0	1	1	2	0	0	0	4	1	6	1	2	2	2	8	2	5	0	0	0	0	0.6163	50.820200000000014	0.125
ZOPICLONE	27	44	388.10506608400004	371.6790000000001	388.81500000000005	140	0	2	2	2	0	2	2	0	1	1	7	0	10	4	4	2	4	17	0	9	0	1	1	0	1.568	96.38050000000003	0.35294117647058826
ZOTEPINE	22	40	331.079762876	313.72399999999993	331.86800000000005	114	0	1	1	0	2	0	2	0	0	0	3	0	4	1	3	4	4	18	0	2	0	0	0	0	4.880900000000003	94.39400000000003	0.2222222222222222
ZUCLOPENTHIXOL	27	52	400.1376121	375.7750000000001	400.975	142	0	2	2	0	2	0	2	0	1	1	4	1	5	2	4	5	5	22	1	3	0	0	0	0	4.2363000000000035	113.67880000000002	0.36363636363636365
OXPRENOLOL	19	42	265.167793596	242.16899999999995	265.35299999999995	106	0	0	0	0	1	0	1	0	0	0	4	2	4	0	1	9	9	15	2	4	0	1	1	0	1.9891	76.77450000000003	0.4666666666666667
ACETAMINOPHEN/PARACETAMOL	11	20	151.063328528	142.093	151.165	58	0	0	0	1	1	0	1	0	0	0	2	2	3	0	1	1	2	8	2	3	0	0	0	0	1.3505999999999998	42.41050000000002	0.125
BROMODIPHENHYDRAMINE	20	40	333.07282636	314.0969999999999	334.257	106	0	0	0	0	2	0	2	0	0	0	2	0	3	0	2	6	6	17	0	2	0	1	1	0	4.116700000000003	86.93300000000005	0.29411764705882354
PHENMETRAZINE	13	28	177.1153641	162.12699999999998	177.247	70	0	1	1	0	1	0	1	0	1	1	2	1	2	1	2	1	1	11	1	2	0	2	2	0	1.736	52.599700000000034	0.45454545454545453
ANILERIDINE	26	54	352.215078136	324.2540000000001	352.478	138	0	1	1	0	2	0	2	0	1	1	4	1	4	1	3	6	7	22	2	4	0	0	0	0	3.4082000000000017	104.98540000000004	0.4090909090909091
DIPHENYLPYRALINE	21	44	281.177964356	258.2149999999999	281.399	110	0	1	1	0	2	0	2	0	1	1	2	0	2	1	3	4	4	19	0	2	0	0	0	0	3.8868000000000036	86.33100000000006	0.3684210526315789
CARPHENAZINE	30	61	425.21369823200007	394.3500000000002	425.5980000000004	160	0	2	2	0	2	0	2	0	1	1	6	1	6	2	4	8	8	24	1	5	0	0	0	0	3.882000000000003	123.21730000000008	0.4583333333333333
ACETOPHENAZINE	29	58	411.19804816800007	382.3390000000001	411.5710000000003	154	0	2	2	0	2	0	2	0	1	1	6	1	6	2	4	7	7	23	1	5	0	0	0	0	3.4919000000000033	118.60030000000008	0.43478260869565216
MELPERONE	19	41	263.168542544	241.17999999999995	263.356	104	0	1	1	0	1	0	1	0	1	1	2	0	3	1	2	5	5	16	0	2	0	0	0	0	3.520500000000003	74.80250000000004	0.5625
METIXENE	22	45	309.155120736	286.294	309.47800000000007	114	0	2	2	0	2	0	2	0	1	1	2	0	2	2	4	2	2	20	0	1	0	1	1	0	5.015000000000005	93.68800000000006	0.4
MELITRACEN	22	47	291.1986998	266.23799999999994	291.438	114	1	0	1	0	2	0	2	0	0	0	1	0	1	0	3	3	3	21	0	1	0	0	0	0	4.709300000000004	95.26200000000006	0.3333333333333333
AMINEPTINE	25	52	337.20417910399993	310.247	337.46300000000014	132	1	0	1	0	2	0	2	0	0	0	2	2	3	0	3	8	8	22	2	3	0	0	0	0	4.4993000000000025	100.85850000000008	0.4090909090909091
MEDAZEPAM	19	34	270.09237616	255.64299999999994	270.763	96	0	1	1	0	2	0	2	0	0	0	2	0	3	1	3	1	1	16	0	2	0	0	0	0	3.627200000000002	81.67000000000004	0.1875
RITANSERIN	34	59	477.16863986	452.3800000000003	477.58000000000015	174	0	1	1	0	2	2	4	0	1	1	5	0	7	3	5	5	5	27	0	4	0	0	0	0	5.483020000000005	132.27599999999995	0.25925925925925924
DELORAZEPAM	20	30	304.0170183	295.08399999999995	305.164	100	0	1	1	1	2	0	2	0	0	0	2	1	5	1	3	1	1	15	1	3	0	0	0	0	3.7829000000000015	82.03970000000002	0.06666666666666667
CHLORDIAZEPOXIDE	21	35	299.082539748	285.64899999999994	299.76099999999997	106	0	1	1	0	2	0	2	0	0	0	3	1	5	1	3	1	2	16	1	4	0	0	0	0	2.950700000000001	85.75410000000002	0.125
ADINAZOLAM	25	43	351.12507325599995	333.697	351.841	126	0	1	1	0	2	1	3	0	0	0	5	0	6	2	4	3	3	19	0	5	0	0	0	0	3.333300000000002	99.54500000000002	0.21052631578947367
CLOTHIAPINE	23	41	343.090996256	325.73900000000003	343.88300000000004	118	0	2	2	0	2	0	2	0	1	1	4	0	5	2	4	0	1	18	0	3	0	0	0	0	4.130300000000004	97.28400000000003	0.2777777777777778
PENFLURIDOL	36	63	523.1701332639999	496.75700000000006	523.9730000000001	192	0	1	1	0	3	0	3	0	1	1	2	1	8	1	4	7	8	28	1	2	0	0	0	0	7.532700000000007	129.90180000000004	0.35714285714285715
DEXTROMETHORPHAN	20	45	271.19361442	246.20399999999992	271.40400000000005	108	2	1	3	0	1	0	1	1	1	2	2	0	2	1	4	1	1	18	0	2	2	3	3	0	3.3834000000000026	81.36900000000006	0.6666666666666666
ETIZOLAM	23	38	342.07059516000004	327.73500000000007	342.8550000000001	116	0	1	1	0	1	2	3	0	0	0	5	0	6	3	4	2	2	17	0	4	0	0	0	0	4.2040200000000025	94.14600000000002	0.23529411764705882
CLOTIAZEPAM	21	36	318.05936178	303.709	318.829	108	0	1	1	1	1	1	2	0	0	0	3	0	5	2	3	2	2	16	0	3	0	0	0	0	3.777700000000003	89.06500000000003	0.25
TETRAZEPAM	20	39	290.11859090800004	271.64199999999994	290.79399999999987	106	1	1	2	1	1	0	1	0	0	0	2	1	4	1	3	1	1	16	1	3	0	1	1	0	3.4475000000000025	82.15670000000003	0.4375
OPIPRAMOL	27	56	363.231062548	334.2730000000001	363.5050000000002	142	0	2	2	0	2	0	2	0	1	1	4	1	4	2	4	6	6	23	1	4	0	0	0	0	3.3085000000000027	113.40080000000006	0.391304347826087
ALMOTRIPTAN	23	48	335.16674804	310.273	335.4730000000002	126	0	1	1	0	1	1	2	0	1	1	3	1	6	2	3	6	6	17	1	5	0	0	0	0	2.1976000000000004	93.98750000000005	0.5294117647058824
ALPIDEM	27	50	403.121817716	381.15700000000015	404.341	142	0	0	0	1	1	2	3	0	0	0	3	0	6	2	3	7	8	21	0	4	0	0	0	0	5.4992000000000045	111.51400000000004	0.3333333333333333
IOFLUPANE	22	46	305.179107228	281.201	305.3929999999999	120	0	2	2	0	1	0	1	0	2	2	3	0	4	2	3	5	6	18	0	3	2	4	4	0	3.1557000000000013	83.41400000000006	0.6111111111111112
IOMAZENIL	22	36	411.007989308	397.087	411.199	114	0	1	1	1	1	1	2	0	0	0	5	0	7	2	3	2	3	15	0	6	0	0	0	0	2.2392000000000003	88.03500000000003	0.26666666666666666
SETIPTILINE	20	39	261.151749608	242.21599999999992	261.368	100	1	1	2	0	2	0	2	0	0	0	1	0	1	1	4	0	0	19	0	1	0	0	0	0	3.837100000000003	84.61800000000005	0.2631578947368421
ZOTEPINE	22	40	331.079762876	313.72399999999993	331.86800000000005	114	0	1	1	0	2	0	2	0	0	0	3	0	4	1	3	4	4	18	0	2	0	0	0	0	4.880900000000003	94.39400000000003	0.2222222222222222
ENTACAPONE	22	37	305.10117058000003	290.16999999999996	305.2900000000001	116	0	0	0	1	1	0	1	0	0	0	6	2	8	0	1	5	6	14	2	8	0	0	0	0	1.7813799999999995	77.94400000000002	0.2857142857142857
STIRIPENTOL	17	35	234.125594436	216.15099999999995	234.29499999999996	92	0	1	1	0	1	0	1	0	0	0	3	1	3	1	2	2	3	14	1	3	0	1	1	0	2.835500000000002	67.06080000000004	0.42857142857142855
NICERGOLINE	31	57	483.11575379199996	458.18600000000015	484.3940000000001	162	1	1	2	0	1	2	3	0	1	1	6	0	7	3	5	4	5	24	0	6	0	3	3	0	3.9109000000000034	122.05450000000005	0.4166666666666667
ARIPIPRAZOLE	30	57	447.148032464	421.1780000000002	448.3940000000003	160	0	2	2	1	2	0	2	0	1	1	4	1	7	2	4	7	7	23	1	5	0	0	0	0	4.859300000000005	123.23670000000004	0.43478260869565216
DOLASETRON	24	44	324.14739249999997	304.22	324.38000000000005	124	0	4	4	0	1	1	2	0	4	4	4	1	5	5	6	2	3	19	1	5	4	2	2	0	2.519	88.74920000000004	0.47368421052631576
DULOXETINE	21	40	297.11873522800005	278.27099999999996	297.42299999999994	108	0	0	0	0	2	1	3	0	0	0	3	1	3	1	3	6	6	18	1	2	0	1	1	0	4.630900000000004	90.17970000000004	0.2222222222222222
BROMPERIDOL	26	49	419.089619296	397.13800000000003	420.32199999999995	138	0	1	1	0	2	0	2	0	1	1	3	1	5	1	3	6	6	21	1	3	0	0	0	0	4.534700000000005	103.67730000000005	0.38095238095238093
ETHCHLORVYNOL	9	18	144.034192588	135.529	144.601	50	0	0	0	0	0	0	0	0	0	0	1	1	2	0	0	2	2	7	1	1	0	1	1	0	1.5131999999999999	39.06680000000001	0.42857142857142855
CHLORMETHIAZOLE	8	14	146.990947872	141.582	147.63	44	0	0	0	0	0	1	1	0	0	0	2	0	3	1	1	2	2	5	0	1	0	0	0	0	1.9243999999999999	36.53800000000001	0.4
DRONABINOL	23	53	314.2245802	284.229	314.46900000000005	126	1	1	2	0	1	0	1	0	0	0	2	1	2	1	3	4	4	21	1	2	0	2	2	0	5.7358000000000064	95.26480000000006	0.6190476190476191
PALONOSETRON	22	46	296.18886338799996	272.222	296.414	116	1	4	5	1	1	0	1	0	3	3	2	0	3	4	6	1	1	19	0	3	2	2	2	0	2.656500000000001	86.10950000000005	0.631578947368421
