m_name	n_atoms_without_Hydrogen	n_HBA	n_HBD	n_HOH	n_O	m_logp	m_mr	n_hetero_atoms	n_Hydrogen_acceptors	n_Hydrogen_donnors	is_cns_molecule
BUMETANIDE	25	5	3	4	7	3.0365	94.68820000000008	8	5	3	0
BACLOFEN	14	2	2	3	3	1.8569999999999995	55.50020000000002	4	2	2	1
METYRAPONE	17	3	0	0	3	2.637100000000001	65.83050000000004	3	3	0	0
METHYLPHENOBARBITAL	18	3	1	1	5	1.0425999999999995	64.71970000000003	5	3	1	1
DULOXETINE	21	3	1	1	2	4.630900000000004	90.17970000000004	3	3	1	1
FLUTICASONE	34	6	1	1	5	4.430000000000004	120.86780000000005	9	6	1	0
DIACEREIN	27	7	1	1	8	2.0108	89.32630000000006	8	7	1	0
DOSULEPIN	21	2	0	0	1	4.675700000000004	92.69500000000004	2	2	0	1
CAPTOPRIL	14	3	2	1	4	0.6279000000000001	55.38780000000003	5	3	2	0
PINACIDIL	18	3	2	2	5	2.3547800000000008	72.96040000000005	5	3	2	0
ZONISAMIDE	14	4	1	2	5	0.6163	50.82020000000002	6	4	1	1
GATIFLOXACIN	27	6	2	2	7	1.9804	99.62600000000006	8	6	2	0
HETACILLIN	27	5	2	2	7	1.4111	100.75950000000006	8	5	2	0
BENORILATE	23	5	1	1	6	2.789500000000001	83.45520000000003	6	5	1	0
CABERGOLINE	33	4	2	2	7	3.193900000000002	132.36540000000002	7	4	2	1
TANDOSPIRONE	28	6	0	0	7	1.4098999999999997	104.45000000000003	7	6	0	0
GRANISETRON	23	4	1	1	5	2.3184000000000005	90.39220000000006	5	4	1	1
SULFAPHENAZOLE	22	5	2	3	6	2.2553	85.2269	7	5	2	0
TALTIRELIN	29	6	4	5	12	-2.1463999999999954	97.85850000000003	12	6	4	1
QUINAPRIL	32	5	2	2	7	2.5671	119.90150000000007	7	5	2	0
QUETIAPINE	27	6	1	1	5	2.856000000000001	109.12180000000004	6	6	1	1
LORCAINIDE	26	2	0	0	3	4.788500000000004	108.81500000000004	4	2	0	0
PIPERACETAZINE	29	5	1	1	4	4.976400000000004	119.50130000000007	5	5	1	1
CODEINE	22	4	1	1	4	1.5010999999999997	82.46380000000005	4	4	1	1
THIABENDAZOLE	14	3	1	1	3	2.686400000000001	57.20170000000002	4	3	1	0
ALTRETAMINE	15	6	0	0	6	0.0696000000000001	62.808000000000035	6	6	0	0
OXILOFRINE	13	3	3	3	3	1.0334999999999996	51.58830000000002	3	3	3	0
METHANTHELINE_BROMIDE	25	3	0	0	4	3.953800000000003	97.89340000000007	4	3	0	0
TIAGABINE	25	4	1	1	3	5.044840000000004	106.60780000000004	5	4	1	1
THIOGUANINE	11	4	3	4	5	0.5976899999999999	43.48579999999999	6	4	3	0
PIRACETAM	10	2	1	2	4	-0.9058999999999996	35.008399999999995	4	2	1	1
SUFENTANIL	27	4	0	0	4	4.214800000000004	112.52300000000008	5	4	0	1
FUSIDIC	37	5	3	3	6	5.6661000000000055	142.55139999999992	6	5	3	0
CARVEDILOL	30	5	3	3	6	3.7380000000000018	118.66520000000004	6	5	3	0
OXAPROZIN	22	3	1	1	4	4.025800000000003	83.33180000000003	4	3	1	0
RANITIDINE_BISMUTH_CITRATE	21	7	2	2	7	1.4589999999999996	84.40080000000003	8	7	2	0
METHOXSALEN	16	4	0	0	4	2.5478000000000005	58.80800000000002	4	4	0	0
GABAPENTIN	12	2	2	3	3	1.3703	46.82520000000001	3	2	2	1
DEXPANTHENOL	14	4	4	4	5	-1.1355999999999995	51.58610000000003	5	4	4	0
OXIRACETAM	11	3	2	3	5	-1.9350999999999992	36.39819999999999	5	3	2	1
VENLAFAXINE	20	3	1	1	3	3.035600000000002	82.32380000000006	3	3	1	1
SULFOXONE_SODIUM	25	6	4	4	8	1.7015999999999998	96.85760000000003	11	6	4	0
TALINOLOL	26	4	4	4	6	3.268600000000002	104.72690000000004	6	4	4	0
METHADONE	23	2	0	0	2	4.292000000000004	96.72800000000008	2	2	0	1
EDETATE_CALCIUM_DISODIUM	20	6	4	4	10	-2.0711999999999957	63.423200000000016	10	6	4	0
ZOPICLONE	27	7	0	0	9	1.568	96.38050000000004	10	7	0	1
MOXIFLOXACIN_HYDROCHLORIDE	29	6	2	2	7	2.3705	106.67600000000007	8	6	2	0
DESMOPRESSIN	74	15	14	18	26	-4.1320300000000145	271.4036999999997	28	15	14	0
PHENMETRAZINE	13	2	1	1	2	1.736	52.59970000000003	2	2	1	1
PAMIDRONATE	13	4	6	7	8	-1.6633000000000002	42.70940000000002	10	4	6	0
CEFACLOR	24	5	3	4	7	0.6213000000000004	88.9079	9	5	3	0
CARBOCYSTEINE	11	4	3	4	5	-0.7838999999999998	40.57200000000001	6	4	3	0
PENFLURIDOL	36	2	1	1	2	7.532700000000008	129.90180000000004	8	2	1	1
TRAZODONE	26	6	0	0	6	2.3617	104.17400000000002	7	6	0	1
OLMESARTAN	41	11	2	2	12	4.1700200000000045	146.7189999999998	12	11	2	0
ZAFIRLUKAST	41	7	2	2	9	5.6959200000000045	156.9096999999997	10	7	2	0
VORICONAZOLE	25	6	1	1	6	2.1769	80.68180000000002	9	6	1	0
DROSPIRENONE	27	3	0	0	3	4.305900000000004	99.49300000000008	3	3	0	0
METHYLPHENIDATE	17	3	1	1	3	2.0853	66.84070000000004	3	3	1	1
TETRABENAZINE	23	4	0	0	4	3.238100000000002	90.13300000000008	4	4	0	1
MIDAZOLAM	23	3	0	0	3	4.324220000000002	89.05400000000004	5	3	0	1
DISOPYRAMIDE	25	3	1	2	4	3.3619000000000017	102.24840000000006	4	3	1	0
EFAVIRENZ	21	2	1	1	3	4.073100000000002	69.78870000000002	7	2	1	0
NORGESTREL	23	2	1	1	2	3.8826000000000014	90.49280000000005	2	2	1	0
FLURAZEPAM	27	3	0	0	4	4.004900000000005	108.49900000000004	6	3	0	1
OMEPRAZOLE	24	5	1	1	6	2.8997400000000013	93.02110000000003	7	5	1	0
NIACIN	9	2	1	1	3	0.7797999999999999	31.196299999999994	3	2	1	0
VOGLIBOSE	18	8	8	8	8	-4.492399999999994	59.55630000000005	8	8	8	0
TRANDOLAPRIL	31	5	2	2	7	2.7733	116.41450000000007	7	5	2	0
AMINOGLUTETHIMIDE	17	3	2	3	4	1.3531999999999995	65.20710000000003	4	3	2	0
TAMOXIFEN	28	2	0	0	2	5.9961000000000055	119.58200000000004	2	2	0	0
QUINETHAZONE	18	4	3	4	6	0.8788	67.99310000000001	8	4	3	0
DESFLURANE	10	1	0	0	1	2.0835	18.040000000000006	7	1	0	1
ATOVAQUONE	26	3	1	1	3	5.505100000000005	100.90880000000004	4	3	1	0
NIZATIDINE	21	8	2	2	7	1.3224999999999998	87.80680000000004	9	8	2	0
TERBUTALINE_SULFATE	16	4	4	4	4	1.5192999999999997	62.48710000000004	4	4	4	0
PROGLUMIDE	24	3	2	2	6	2.2984	91.72800000000004	6	3	2	0
FLUPREDNISOLONE	27	5	3	3	5	1.5056	95.32740000000004	6	5	3	0
ISOXICAM	23	6	2	2	8	1.48242	80.80930000000005	9	6	2	0
BROMPERIDOL	26	3	1	1	3	4.534700000000004	103.67730000000005	5	3	1	1
METHAMPHETAMINE	11	1	1	1	1	1.837	48.66770000000003	1	1	1	1
FAMCICLOVIR	23	9	1	2	9	0.5409999999999998	81.10840000000002	9	9	1	0
SAQUINAVIR	49	7	5	6	11	3.092400000000004	188.2137999999996	11	7	5	0
LEVOCETIRIZINE	27	4	1	1	5	3.148200000000002	106.20480000000003	6	4	1	0
BUTIZIDE	21	5	3	4	7	1.0634	80.01240000000003	10	5	3	0
AMPHETAMINE	10	1	1	2	1	1.5763	43.79540000000002	1	1	1	1
PHENYL_AMINOSALICYLATE	17	4	2	3	4	2.1936	63.91970000000002	4	4	2	0
DICHLORPHENAMIDE	16	4	2	4	6	0.2882000000000006	59.20840000000001	10	4	2	0
ISONIAZID	10	3	2	3	4	-0.3149000000000006	35.890600000000006	4	3	2	0
TRIPELENNAMINE	19	3	0	0	3	2.649800000000001	80.28300000000007	3	3	0	1
AMODIAQUINE	25	4	2	2	4	5.179200000000004	104.76750000000004	5	4	2	0
NITROGLYCERIN	15	9	0	0	12	-1.0200999999999996	37.760200000000026	12	9	0	0
SALICYLAMIDE	10	2	2	3	3	0.4911	36.624700000000026	3	2	2	0
HEXOPRENALINE	30	8	8	8	8	2.015600000000001	113.67020000000002	8	8	8	0
AMLODIPINE_BESYLATE	28	7	2	3	7	2.2663	105.57710000000004	8	7	2	0
ALPRENOLOL	18	3	2	2	3	2.1528	74.98350000000005	3	3	2	0
CARPIPRAMINE	33	4	1	2	5	4.119200000000002	134.93839999999997	5	4	1	1
ASCORBIC	12	6	4	4	6	-1.4074	35.25619999999999	6	6	4	0
MEDROXYPROGESTERONE	25	3	1	1	3	4.084400000000003	96.88780000000006	3	3	1	0
DEXTROMETHORPHAN	20	2	0	0	2	3.3834000000000017	81.36900000000007	2	2	0	1
ETIZOLAM	23	5	0	0	4	4.2040200000000025	94.14600000000002	6	5	0	1
THYMOXAMINE	20	4	0	0	4	2.9841200000000017	80.62600000000005	4	4	0	0
MECLOFENAMATE_SODIUM	19	2	2	2	3	4.743620000000003	77.88300000000002	5	2	2	0
BUSPIRONE	28	6	0	0	7	2.088199999999999	106.77400000000007	7	6	0	1
ZOTEPINE	22	3	0	0	2	4.880900000000003	94.39400000000003	4	3	0	1
BUTORPHANOL	24	3	2	2	3	3.365600000000003	94.22560000000006	3	3	2	1
RALOXIFENE_HYDROCHLORIDE	34	6	2	2	5	6.075200000000005	136.25109999999992	6	6	2	0
SULFAPYRIDINE	17	4	2	3	5	1.4646	65.89990000000002	6	4	2	0
DANAZOL	25	3	1	1	3	4.2210000000000045	96.35280000000004	3	3	1	0
LERCANIDIPINE	45	8	1	1	9	6.478400000000009	173.4010999999994	9	8	1	0
RECAINAM	19	2	3	3	4	2.8130400000000013	80.69310000000003	4	2	3	0
FELBINAC	16	1	1	1	2	2.980700000000001	63.21780000000002	2	1	1	0
VINCAMINE	26	5	1	1	5	2.952500000000001	98.73980000000006	5	5	1	0
CHLORAMPHENICOL_PALMITATE	37	6	2	2	8	6.941200000000008	146.75189999999986	10	6	2	0
IRBESARTAN	32	5	1	1	7	4.7774000000000045	123.75870000000002	7	5	1	0
CEFUROXIME_AXETIL	35	12	2	3	14	-0.16829999999999856	117.15810000000002	15	12	2	0
ALBENDAZOLE	18	4	2	2	5	3.2433000000000005	73.13640000000002	6	4	2	0
ALCLOFENAC	15	2	1	1	3	2.5319000000000007	58.483800000000016	4	2	1	0
PHENSUXIMIDE	14	2	0	0	3	1.1589	51.57700000000003	3	2	0	1
ANILERIDINE	26	4	1	2	4	3.4082000000000017	104.98540000000004	4	4	1	1
DICYCLOMINE_HYDROCHLORIDE	22	3	0	0	3	4.402200000000004	90.84000000000007	3	3	0	0
FOSAMPRENAVIR	39	8	4	5	12	2.5198	144.14299999999992	14	8	4	0
BAMIFYLLINE	28	8	1	1	8	0.3387000000000002	108.66280000000008	8	8	1	0
SULFISOXAZOLE	18	5	2	3	6	1.6744400000000002	67.63990000000003	7	5	2	0
OXYPHENONIUM_BROMIDE	25	3	1	1	4	3.484100000000001	100.00620000000008	4	3	1	0
CISAPRIDE_MONOHYDRATE	32	6	2	3	7	3.358100000000001	122.03660000000002	9	6	2	0
MINOXIDIL	15	6	3	4	6	0.17236999999999925	55.74260000000001	6	6	3	0
MENADIOL	13	2	2	2	2	2.5594200000000007	52.01460000000003	2	2	2	0
STIRIPENTOL	17	3	1	1	3	2.835500000000002	67.06080000000004	3	3	1	1
FLECAINIDE_ACETATE	28	4	2	2	5	3.440700000000001	87.51690000000004	11	4	2	0
PAROXETINE	24	4	1	1	4	3.3265000000000016	88.17770000000006	5	4	1	1
ENPROFYLLINE	14	4	2	2	6	-0.17710000000000065	51.26540000000002	6	4	2	0
NYSTATIN	65	17	12	13	18	0.7783000000000075	238.2761999999994	18	17	12	0
NITRENDIPINE	26	7	1	1	8	2.5657000000000005	93.02210000000002	8	7	1	0
CARBAZOCHROME	17	5	3	4	7	-1.2899999999999994	59.96390000000001	7	5	3	0
MELITRACEN	22	1	0	0	1	4.709300000000004	95.26200000000006	1	1	0	1
PRAZOSIN	28	8	1	2	9	1.7845999999999995	103.87890000000004	9	8	1	0
ENALAPRIL	27	5	2	2	7	1.6046	100.15250000000007	7	5	2	0
SALSALATE	19	4	2	2	5	2.309600000000001	66.46660000000001	5	4	2	0
PRALIDOXIME_CHLORIDE	10	2	1	1	3	0.3191999999999999	36.99849999999999	3	2	1	0
METHOCARBAMOL	17	5	2	3	6	0.5301999999999998	60.03120000000003	6	5	2	1
OSELTAMIVIR_PHOSPHATE	22	5	2	3	6	1.2853999999999997	84.15610000000005	6	5	2	0
AMINOPHYLLINE	13	5	1	1	6	-1.0397000000000003	46.57570000000001	6	5	1	1
CARBENOXOLONE	41	5	2	2	7	6.8283000000000085	153.8145999999998	7	5	2	0
DEXRAZOXANE	19	6	2	2	8	-2.708299999999996	63.77440000000002	8	6	2	0
METHACYCLINE_HYDROCHLORIDE	32	9	6	7	10	-0.4378999999999992	110.39390000000006	10	9	6	0
INDOMETHACIN	25	4	1	1	5	3.9273200000000026	95.74730000000002	6	4	1	0
BOSENTAN	39	10	2	2	11	4.203900000000004	144.65729999999982	12	10	2	0
PROPICILLIN	26	5	2	2	7	1.4756999999999998	96.80750000000008	8	5	2	0
MIGLITOL	14	6	5	5	6	-3.262099999999999	47.55300000000002	6	6	5	0
BENZTHIAZIDE	26	6	2	3	7	2.2427	102.8457	11	6	2	0
PRAMIPEXOLE	14	4	2	3	3	1.5822	60.63310000000002	4	4	2	1
VALSARTAN	32	5	2	2	8	4.1617000000000015	121.38650000000008	8	5	2	0
MENADIOL_SODIUM_DIPHOSPHATE	19	4	0	0	4	2.998820000000001	71.30300000000005	4	4	0	0
CLOBUTINOL	17	2	1	1	2	2.8312000000000013	73.49780000000004	3	2	1	0
CLOPIDOGREL_BISULFATE	21	4	0	0	3	3.6739000000000015	84.64200000000005	5	4	0	0
ROXITHROMYCIN	58	17	5	5	17	2.2096000000000084	212.4659999999992	17	17	5	0
INDELOXAZINE	17	3	1	1	3	1.6230999999999998	67.28470000000003	3	3	1	1
GLYCERIN	6	3	3	3	3	-1.6681	20.1784	3	3	3	0
CHLORAZEPATE	22	3	2	2	5	2.5827	83.58650000000004	6	3	2	1
SORIVUDINE	20	7	4	4	8	-1.4863000000000006	72.2931	9	7	4	0
CANDESARTAN	26	6	1	1	6	2.0796	94.52480000000004	6	6	1	0
NALBUPHINE	26	5	3	3	5	1.7073000000000005	95.41440000000006	5	5	3	1
TOPIRAMATE	22	8	1	2	9	-0.3953999999999982	71.60420000000005	10	8	1	1
CHLORPHENESIN	13	3	2	2	3	1.0719999999999998	50.03960000000002	4	3	2	1
PENTAERYTHRITOL	21	12	0	0	16	-1.1939999999999995	54.218600000000016	16	12	0	0
TROPISETRON	21	3	1	1	4	2.9499000000000013	81.30920000000005	4	3	1	1
HYDROCORTISONE_CYPIONATE	35	6	2	2	6	4.302900000000005	130.20760000000007	6	6	2	0
SULPIRIDE	23	5	2	3	7	0.5567000000000012	86.96940000000004	8	5	2	1
NIFURTIMOX	19	7	0	0	8	0.6406000000000001	67.77820000000001	9	7	0	0
SULFACYTINE	20	6	2	3	7	0.6461999999999999	75.83390000000001	8	6	2	0
DAPSONE	17	4	2	4	4	1.6838000000000002	67.16060000000002	5	4	2	0
RIBAVIRIN	17	8	4	5	9	-3.0114999999999994	51.54930000000002	9	8	4	0
ETRETINATE	26	3	0	0	3	5.645560000000009	109.52600000000008	3	3	0	0
DICUMAROL	25	6	2	2	6	2.9014000000000006	91.1036	6	6	2	0
BROMFENAC	20	3	2	3	4	2.889400000000001	79.76870000000002	5	3	2	0
ACETYLCYSTEINE	10	3	3	2	4	-0.4945	39.09350000000001	5	3	3	0
ABACAVIR_SULFATE	21	7	3	4	7	1.0922999999999998	79.74990000000003	7	7	3	0
DEXAMETHASONE	28	5	3	3	5	1.8957	99.94440000000004	6	5	3	1
DOXEPIN	21	2	0	0	2	3.9624000000000033	87.46600000000004	2	2	0	1
LACIDIPINE	33	7	1	1	7	4.402500000000004	125.86370000000004	7	7	1	0
CLOFIBRATE	16	3	0	0	3	3.060500000000001	62.79200000000004	4	3	0	0
STAVUDINE	16	5	2	2	6	-0.7090799999999999	56.19550000000001	6	5	2	0
PIPERAZINE_CITRATE	6	2	2	2	2	-0.8208	25.7394	2	2	2	0
VITAMIN_A_PALMITATE	38	2	0	0	2	11.542499999999983	167.39699999999962	2	2	0	0
PHENOXYBENZAMINE_HYDROCHLORIDE	21	2	0	0	2	4.194900000000003	88.97100000000006	3	2	0	0
MELPERONE	19	2	0	0	2	3.520500000000003	74.80250000000005	3	2	0	1
ALFENTANIL	30	8	0	0	9	1.3839000000000006	114.45600000000006	9	8	0	1
CLENBUTEROL	17	3	3	4	3	2.9971000000000005	73.58990000000001	5	3	3	0
RILUZOLE	15	4	1	2	3	2.7771	50.7154	7	4	1	0
PHENINDAMINE	20	1	0	0	1	3.9212000000000033	83.76100000000005	1	1	0	1
ETHIONAMIDE	11	2	1	2	2	1.2782	49.502400000000016	3	2	1	0
ETHOPROPAZINE	22	3	0	0	2	5.019600000000005	96.39600000000004	3	3	0	1
BENZONATATE	42	12	1	1	12	2.8346000000000027	158.5501999999997	12	12	1	0
DIPIPANONE	26	2	0	0	2	5.216300000000006	108.46500000000006	2	2	0	1
BROMHEXINE	18	2	1	2	2	4.5583000000000045	84.59440000000005	4	2	1	0
METHAZOLAMIDE	14	6	1	2	7	-1.4237999999999986	48.70220000000001	9	6	1	0
PHENYLBUTAZONE	23	2	0	0	4	3.7878000000000025	90.87100000000004	4	2	0	0
ACECAINIDE	20	3	2	2	5	1.7165999999999997	80.86690000000004	5	3	2	0
BUSULFAN	14	6	0	0	6	-0.2809999999999997	50.82560000000003	8	6	0	0
QUINACRINE	28	4	1	1	4	5.972400000000006	120.91770000000004	5	4	1	0
ACETOPHENAZINE	29	6	1	1	5	3.4919000000000024	118.60030000000008	6	6	1	1
SEMATILIDE	21	4	2	2	6	1.1297	85.02970000000005	7	4	2	0
FOSFOMYCIN_TROMETHAMINE	8	2	2	2	4	-0.09110000000000007	26.37909999999999	5	2	2	0
PYRIDOSTIGMINE_BROMIDE	13	2	0	0	4	0.5714999999999999	47.32900000000003	4	2	0	0
THIAMPHENICOL	21	5	3	3	6	0.40430000000000027	79.02210000000002	9	5	3	0
TRAMADOL	19	3	1	1	3	2.6346000000000007	77.40280000000007	3	3	1	1
QUAZEPAM	25	2	0	0	2	5.026200000000002	94.35700000000004	8	2	0	1
ITRACONAZOLE	49	12	0	0	12	5.5773000000000055	188.17599999999948	14	12	0	0
METAXALONE	16	3	1	1	4	1.7906399999999996	59.68270000000002	4	3	1	1
SULTAMICILLIN	40	11	2	3	13	-0.5885999999999969	140.48189999999985	15	11	2	0
TRIMIPRAMINE	22	2	0	0	2	4.121000000000003	95.01600000000006	2	2	0	1
LEVAMISOLE_HYDROCHLORIDE	14	3	0	0	2	2.1461	60.649000000000036	3	3	0	0
CANDESARTAN_CILEXETIL	45	11	1	1	12	6.319100000000009	164.37019999999956	12	11	1	0
ALMOTRIPTAN	23	3	1	1	5	2.1976000000000004	93.98750000000004	6	3	1	1
ATENOLOL	19	4	3	4	5	0.4521000000000001	73.98090000000003	5	4	3	0
BETHANECHOL_CHLORIDE	11	2	1	2	4	0.17640000000000045	43.0298	4	2	1	0
BENZNIDAZOLE	19	5	1	1	7	1.1076999999999997	67.17010000000003	7	5	1	0
TILIDINE	20	3	0	0	3	2.7677000000000014	80.60200000000005	3	3	0	1
NEFAZODONE	33	7	0	0	7	3.5519000000000016	132.52399999999997	8	7	0	1
INDAPAMIDE	24	4	2	3	6	2.0834	92.37840000000004	8	4	2	0
OXYPHENCYCLIMINE_HYDROCHLORIDE	25	5	1	1	5	2.7317000000000013	97.42180000000003	5	5	1	0
CHLORAMPHENICOL	20	5	3	3	7	0.909	72.56670000000003	9	5	3	0
TOLOXATONE	15	3	1	1	4	1.3125199999999997	55.87980000000003	4	3	1	1
FLEROXACIN	26	5	1	1	6	1.6992	90.76830000000004	9	5	1	0
DYPHYLLINE	18	8	2	2	8	-2.2130999999999985	63.30760000000002	8	8	2	0
VIGABATRIN	9	2	2	3	3	0.3645000000000001	35.04219999999999	3	2	2	1
GLYBURIDE	33	5	3	3	8	3.641700000000002	126.20940000000006	10	5	3	0
CYCLOBENZAPRINE_HYDROCHLORIDE	21	1	0	0	1	2.6446000000000014	91.31400000000004	1	1	0	0
COCAINE	22	5	0	0	5	1.8677	80.34150000000005	5	5	0	1
CINNARIZINE	28	2	0	0	2	5.1070000000000055	118.21600000000004	2	2	0	1
CEPHALEXIN	24	5	3	4	7	0.44489999999999896	88.72890000000004	8	5	3	0
ORPHENADRINE	20	2	0	0	2	3.6626200000000018	83.97000000000007	2	2	0	1
DIDANOSINE	17	6	2	2	7	-0.21050000000000008	58.37850000000002	7	6	2	0
OPIPRAMOL	27	4	1	1	4	3.3085000000000027	113.40080000000006	4	4	1	1
THALIDOMIDE	19	4	1	1	6	0.08779999999999992	63.113700000000016	6	4	1	1
ZOLPIDEM	23	3	0	0	4	3.2488400000000013	92.50000000000006	4	3	0	1
PERINDOPRIL_ERBUMINE	26	5	2	2	7	1.9406	96.55950000000006	7	5	2	0
NITISINONE	23	5	0	0	6	2.7346000000000013	69.7839	9	5	0	0
CHLORMEZANONE	17	3	0	0	4	1.6154999999999995	65.36680000000003	6	3	0	1
ARIPIPRAZOLE	30	4	1	1	5	4.859300000000005	123.23670000000004	7	4	1	1
BENOXAPROFEN	21	3	1	1	4	4.336300000000001	80.50580000000005	5	3	1	0
BENZTROPINE	23	2	0	0	2	4.417800000000004	93.40700000000008	2	2	0	1
AMPRENAVIR	35	7	3	4	9	2.4028	133.23270000000002	10	7	3	0
MORPHINE	21	4	2	2	4	1.1980999999999995	77.57660000000003	4	4	2	1
RIVASTIGMINE	18	3	0	0	4	2.7597000000000014	72.87200000000004	4	3	0	1
LISINOPRIL	29	5	4	5	8	1.2352000000000007	108.38670000000006	8	5	4	0
PROMAZINE	20	3	0	0	2	4.241000000000003	87.18400000000004	3	3	0	1
ZOMEPIRAC	20	3	1	1	4	2.8450200000000017	76.37430000000003	5	3	1	0
CLOMIPRAMINE	22	2	0	0	2	4.528400000000004	95.47900000000006	3	2	0	1
MYCOPHENOLATE	23	5	2	2	6	2.73322	82.84610000000005	6	5	2	0
TOLMETIN_SODIUM	19	3	1	1	4	2.1916199999999995	71.36430000000003	4	3	1	0
MODAFINIL	19	2	1	2	3	2.01	76.93080000000003	4	2	1	1
METHIMAZOLE	7	2	1	1	2	1.08269	30.5977	3	2	1	0
LOFEPRAMINE	30	3	0	0	3	5.781500000000006	125.19450000000006	4	3	0	1
INDECAINIDE_HYDROCHLORIDE	23	2	2	3	3	3.216600000000001	94.22510000000004	3	2	2	0
NITRAZEPAM	21	4	1	1	6	2.3843	78.67410000000002	6	4	1	1
ENCAINIDE	26	3	1	1	4	4.536900000000005	106.09520000000006	4	3	1	0
CEFPROZIL	27	6	4	5	8	0.7066999999999994	99.53370000000004	9	6	4	0
FLUORESCEIN	25	5	2	2	5	3.6658000000000026	88.0271	5	5	2	0
ANIRACETAM	16	3	0	0	4	1.4578	58.27150000000002	4	3	0	1
HALOPERIDOL	26	3	1	1	3	4.425600000000005	100.98730000000003	5	3	1	1
DIAMORPHINE	27	6	0	0	6	1.9886	96.76800000000006	6	6	0	1
CARBIDOPA	16	5	5	6	6	-0.05310000000000015	56.83950000000002	6	5	5	0
NORFLOXACIN	23	5	2	2	6	1.2683000000000002	85.88200000000003	7	5	2	0
BENTIROMIDE	30	4	4	4	7	3.0702000000000016	111.538	7	4	4	0
TRIFLUPROMAZINE	24	3	0	0	2	5.259800000000004	92.18600000000006	6	3	0	1
ERGOCALCIFEROL	29	1	1	1	1	7.641000000000008	125.64180000000007	1	1	1	0
FLUCONAZOLE	22	7	1	1	7	0.7357999999999993	70.29880000000001	9	7	1	0
WARFARIN_SODIUM	23	4	1	1	4	3.6096000000000017	87.73180000000002	4	4	1	0
TERAZOSIN	28	8	1	2	9	1.0567999999999995	104.82140000000004	9	8	1	0
TACROLIMUS	57	12	3	3	13	4.639000000000005	212.59239999999923	13	12	3	0
DIPHEMANIL_METHYLSULFATE	21	0	0	0	1	4.358700000000004	89.98240000000006	1	0	0	0
BIPERIDEN	23	2	1	1	2	3.962400000000004	94.09080000000006	2	2	1	1
SUCCIMER	10	4	4	2	4	-0.2476000000000001	40.81960000000001	6	4	4	0
ALENDRONATE_SODIUM	14	4	6	7	8	-1.2732	47.32640000000002	10	4	6	0
AZANIDAZOLE	18	7	1	2	8	0.8708999999999998	65.2348	8	7	1	0
DICLOFENAC	19	2	2	2	3	4.364100000000001	77.52650000000003	5	2	2	1
CLOBAZAM	21	2	0	0	4	3.3712000000000018	83.06700000000005	5	2	0	1
OXAMNIQUINE	20	5	3	3	6	1.8118	77.88960000000002	6	5	3	0
AMTOLMETIN	31	6	1	1	7	2.8374200000000016	115.36720000000004	7	6	1	0
FELODIPINE	25	5	1	1	5	3.9643000000000033	96.38770000000004	7	5	1	0
LAMOTRIGINE	16	5	2	4	5	2.0098	64.1078	7	5	2	1
DONEPEZIL	28	4	0	0	4	4.361100000000004	110.13050000000004	4	4	0	1
CLEMASTINE	24	2	0	0	2	5.1044000000000045	100.56900000000007	3	2	0	1
ETHCHLORVYNOL	9	1	1	1	1	1.5132	39.06680000000001	2	1	1	1
TRIPROLIDINE	21	2	0	0	2	3.9175200000000023	88.16900000000004	2	2	0	1
PERINDOPRILAT	24	4	3	3	7	1.4621	87.56230000000004	7	4	3	0
LOPERAMIDE_HYDROCHLORIDE	34	3	1	1	4	5.0880000000000045	137.99779999999987	5	3	1	0
CEFDITOREN	33	11	3	4	11	1.2927199999999996	125.6419	14	11	3	0
DEXMEDETOMIDINE	15	1	1	1	2	3.1783400000000013	62.02070000000002	2	1	1	1
PANTOPRAZOLE	26	6	1	1	7	2.8843000000000005	90.17910000000002	10	6	1	0
CLONIDINE	14	3	2	2	3	2.3645	60.38940000000001	5	3	2	1
BEPOTASTINE	27	4	1	1	5	4.170200000000004	104.94880000000003	6	4	1	0
LOPRAZOLAM	33	7	0	0	9	2.9331000000000014	127.12840000000004	10	7	0	1
SULFADIAZINE	17	5	2	3	6	0.8596000000000001	63.69490000000001	7	5	2	0
ANTAZOLINE	20	3	1	1	3	2.6949000000000005	84.23870000000005	3	3	1	0
AZARIBINE	26	11	1	1	12	-1.744499999999998	80.76870000000002	12	11	1	0
TINIDAZOLE	16	6	0	0	7	0.5344199999999997	57.94620000000002	8	6	0	0
LEVETIRACETAM	12	2	1	2	4	-0.12729999999999994	44.22040000000001	4	2	1	1
ATOMOXETINE	19	2	1	1	2	3.7246200000000025	79.53370000000005	2	2	1	1
NABILONE	27	3	1	1	3	6.264000000000008	109.6878000000001	3	3	1	1
LOXAPINE	23	4	0	0	4	3.7714000000000025	93.23500000000004	5	4	0	1
VALACYCLOVIR_HYDROCHLORIDE	23	9	3	5	10	-0.7975999999999985	82.28550000000001	10	9	3	0
TALIPEXOLE	14	4	1	2	3	1.3119	60.57140000000002	4	4	1	1
DIETHYLCARBAMAZINE_CITRATE	14	2	0	0	4	0.6956	57.387000000000036	4	2	0	0
THEOPHYLLINE	13	5	1	1	6	-1.0397000000000003	46.57570000000001	6	5	1	1
RITODRINE_HYDROCHLORIDE	21	4	4	4	4	2.3520000000000003	82.34210000000003	4	4	4	0
ACECLOFENAC	23	4	2	2	5	3.907300000000002	88.48550000000004	7	4	2	0
TOLBUTAMIDE	18	3	2	2	5	1.78302	69.80720000000004	6	3	2	0
PROPYPHENAZONE	17	3	0	0	3	2.6078200000000007	69.83600000000003	3	3	0	0
DIPYRONE	21	6	1	1	7	0.7659199999999999	80.56560000000003	8	6	1	0
SPARFLOXACIN	28	6	3	4	7	2.0816	102.03940000000007	9	6	3	0
ORLISTAT	35	5	1	1	6	6.881900000000009	140.91269999999997	6	5	1	0
ACARBOSE	44	19	14	14	19	-8.564500000000011	137.73510000000005	19	19	14	0
BENZPHETAMINE	18	1	0	0	1	3.749600000000002	77.51700000000005	1	1	0	1
PERICYAZINE	26	5	1	1	4	4.007780000000004	105.02580000000003	5	5	1	1
ANAGRELIDE_HYDROCHLORIDE	16	3	1	1	4	1.9263	62.10970000000001	6	3	1	0
METAPROTERENOL	15	4	4	4	4	1.1291999999999998	57.870100000000036	4	4	4	0
RAMIPRIL	30	5	2	2	7	2.3831999999999995	111.79750000000007	7	5	2	0
CIPROFLOXACIN	24	5	2	2	6	1.5833	88.47900000000006	7	5	2	0
THIETHYLPERAZINE	27	5	0	0	3	5.0388000000000055	118.96500000000007	5	5	0	1
MIZORIBINE	18	8	5	6	9	-2.7009	55.41910000000003	9	8	5	0
OLANZAPINE	22	5	1	1	4	3.439220000000004	94.04770000000003	5	5	1	1
PEROSPIRONE	30	6	0	0	6	3.3737000000000017	119.67500000000008	7	6	0	1
SPIRAPRIL	31	7	2	2	7	2.3908000000000005	123.18250000000008	9	7	2	0
DESLORATADINE	22	2	1	1	2	4.018900000000003	91.22270000000003	3	2	1	0
IOFLUPANE	22	3	0	0	3	3.1557000000000013	83.41400000000007	4	3	0	1
METOLAZONE	24	4	2	3	6	2.7141199999999994	93.89840000000002	8	4	2	0
DIGOXIN	55	14	6	6	14	2.218100000000001	192.6107999999994	14	14	6	0
ACEBUTOLOL	24	5	3	3	6	2.3655	94.62470000000003	6	5	3	0
DOXAPRAM	28	3	0	0	4	3.173300000000002	111.28400000000006	4	3	0	1
COLISTIN_SULFATE	81	18	18	23	29	-5.8314999999999975	300.8683	29	18	18	0
PHENYTOIN	19	2	2	2	4	1.7696	70.33840000000004	4	2	2	1
ATORVASTATIN_CALCIUM	41	5	4	4	7	6.313600000000008	157.24659999999975	8	5	4	0
SULFASALAZINE	28	7	3	3	9	3.7016000000000018	100.72960000000002	10	7	3	0
LAMIVUDINE	15	7	2	3	6	-0.5941000000000005	56.36320000000002	7	7	2	0
CYCLOTHIAZIDE	24	5	3	4	7	1.2295000000000005	89.40140000000002	10	5	3	0
BROMAZEPAM	19	3	1	1	4	2.6336000000000004	77.51470000000003	5	3	1	1
LETROZOLE	22	5	0	0	5	2.659160000000001	79.57700000000003	5	5	0	0
MERCAPTOPURINE	10	3	2	2	4	1.0154899999999998	39.07340000000001	5	3	2	0
TOLCAPONE	20	5	2	2	6	2.5454200000000022	71.03750000000002	6	5	2	1
THIOPROPAZATE	30	6	0	0	5	4.513500000000004	123.15300000000003	7	6	0	1
FLUFENAMIC	20	2	2	2	3	4.1472000000000016	68.12800000000001	6	2	2	0
CHLOMETHIAZOLE	9	2	0	0	1	2.2328200000000002	41.275000000000034	3	2	0	1
DROPERIDOL	28	4	1	1	5	3.6784000000000026	107.85320000000002	6	4	1	1
NALMEFENE	25	4	2	2	4	2.512500000000002	93.93060000000007	4	4	2	1
ALFACALCIDOL	29	2	2	2	2	6.589800000000008	122.57860000000008	2	2	2	0
PRIFINIUM	23	0	0	0	1	5.137300000000005	99.19440000000007	1	0	0	0
BETAXOLOL_HYDROCHLORIDE	22	4	2	2	4	2.3934	88.32950000000004	4	4	2	0
ISOTRETINOIN	22	1	1	1	2	5.602600000000005	93.76180000000004	2	1	1	0
SCOPOLAMINE	22	5	1	1	5	0.9180999999999993	79.38280000000005	5	5	1	1
EMTRICITABINE	16	7	2	3	6	-0.4550000000000002	56.32120000000002	8	7	2	0
PROPYLTHIOURACIL	11	2	2	2	3	1.38499	46.2424	4	2	2	0
FLUNITRAZEPAM	23	4	0	0	6	2.5477000000000007	83.41240000000002	7	4	0	1
URACIL_MUSTARD	15	3	2	2	5	0.3472000000000001	61.33640000000001	7	3	2	0
DEFERIPRONE	10	3	1	1	3	0.39932	38.08480000000001	3	3	1	0
DOXYCYCLINE	32	9	6	7	10	-0.34759999999999863	109.77490000000002	10	9	6	0
ISOSORBIDE_MONONITRATE	13	6	1	1	7	-1.2781999999999996	37.35420000000001	7	6	1	0
VALGANCICLOVIR_HYDROCHLORIDE	25	10	4	6	11	-1.4366999999999974	88.29230000000004	11	10	4	0
MELOXICAM	23	6	2	2	7	1.95092	86.42030000000004	9	6	2	0
PROMETHAZINE	20	3	0	0	2	4.239400000000004	87.16200000000006	3	3	0	1
ZATEBRADINE	33	6	0	0	7	3.212800000000001	128.89800000000008	7	6	0	0
NICOTINE	12	2	0	0	2	1.8483	48.84200000000003	2	2	0	1
TEMAZEPAM	21	3	1	1	4	2.472200000000001	82.94980000000002	5	3	1	1
PERPHENAZINE	27	5	1	1	4	3.942700000000003	113.60580000000006	6	5	1	1
TRIENTINE_HYDROCHLORIDE	10	4	4	6	4	-1.9169999999999976	43.84820000000001	4	4	4	0
FUROSEMIDE	21	5	3	4	7	1.8907	75.81920000000002	9	5	3	0
AMIODARONE_HYDROCHLORIDE	31	4	0	0	4	6.936200000000008	143.41749999999985	6	4	0	0
TICLOPIDINE_HYDROCHLORIDE	17	2	0	0	1	3.9598000000000018	73.58900000000004	3	2	0	0
SULFAMETER	19	6	2	3	7	0.8681999999999999	70.24690000000001	8	6	2	0
PHENPROCOUMON	21	3	1	1	3	4.0405000000000015	82.72480000000003	3	3	1	0
PROTOKYLOL_HYDROCHLORIDE	24	6	4	4	6	2.0807	88.46510000000002	6	6	4	0
MOLINDONE	20	3	1	1	4	1.96282	78.30820000000004	4	3	1	1
HOMATROPINE_METHYLBROMIDE	22	3	1	1	4	-0.962999999999996	79.43420000000005	5	3	1	0
ESTROPIPATE	24	4	1	1	5	3.293400000000002	88.24260000000004	6	4	1	0
NEVIRAPINE	20	4	1	1	5	2.6512200000000004	76.32520000000002	5	4	1	0
DILOXANIDE	14	2	1	1	3	2.1587	57.01080000000002	5	2	1	0
DEXTROMORAMIDE	29	3	0	0	4	3.5634000000000023	115.90100000000008	4	3	0	1
FLUVASTATIN_SODIUM	30	4	3	3	5	4.6281000000000025	115.63440000000004	6	4	3	0
FOSINOPRIL_SODIUM	39	6	1	1	8	6.121300000000009	150.63329999999985	9	6	1	0
TILUDRONATE_DISODIUM	17	3	4	4	6	2.0711000000000013	65.18520000000002	10	3	4	0
VILOXAZINE	17	4	1	1	4	1.4525	65.71570000000004	4	4	1	1
NALTREXONE	25	5	2	2	5	1.5254	89.79760000000003	5	5	2	1
BICALUTAMIDE	29	5	2	2	6	2.8795800000000016	93.86530000000003	11	5	2	0
MEPARTRICIN	80	21	12	14	21	2.37480000000001	294.3573000000001	21	21	12	0
IVERMECTIN	62	14	3	3	14	5.601400000000008	227.3993999999992	14	14	3	0
CIPROFIBRATE	18	2	1	1	3	3.589800000000003	70.57980000000003	5	2	1	0
LIOTHYRONINE	23	4	3	4	5	3.952700000000001	112.089	8	4	3	0
FLUVOXAMINE	22	4	1	2	4	3.201500000000001	78.71440000000003	7	4	1	1
DIFLUNISAL	18	2	2	2	3	3.0356000000000005	60.41810000000002	5	2	2	0
IDARUBICIN	36	10	5	6	10	1.0202999999999989	123.79060000000004	10	10	5	0
SIBUTRAMINE	19	1	0	0	1	4.738000000000005	83.91100000000007	2	1	0	1
ALLOPURINOL	10	3	2	2	5	-0.3538000000000001	34.5094	5	3	2	0
GLICLAZIDE	22	4	2	2	6	1.6298200000000005	82.43620000000004	7	4	2	0
SORBINIL	17	3	2	2	5	0.6428999999999999	54.8644	6	3	2	0
LEUCOVORIN	34	10	7	8	14	-0.3188000000000001	119.62140000000008	14	10	7	0
CILAZAPRIL	30	6	2	2	8	1.5955	110.4185000000001	8	6	2	0
SULFISOXAZOLE_ACETYL	21	6	1	2	7	1.6154400000000002	77.17720000000003	8	6	1	0
REMOXIPRIDE	22	4	1	1	5	2.680400000000001	89.84820000000006	6	4	1	1
BETHANIDINE_SULFATE	13	1	2	2	3	0.9813999999999996	55.70040000000003	3	1	2	0
SULFAMETHOXAZOLE	17	5	2	3	6	1.36602	62.90290000000002	7	5	2	0
DOLASETRON	24	4	1	1	5	2.519	88.74920000000004	5	4	1	1
NOVOBIOCIN_SODIUM	44	11	5	6	13	3.6271200000000015	158.92099999999976	13	11	5	0
XYLOSE	10	5	4	4	5	-2.7397	31.17019999999999	5	5	4	0
BENPERIDOL	28	4	1	1	5	3.7687000000000026	107.23420000000004	6	4	1	1
THIORIDAZINE	25	4	0	0	2	5.8856000000000055	110.68000000000004	4	4	0	1
PHENOLPHTHALEIN	24	4	2	2	4	3.5601000000000016	87.95310000000002	4	4	2	0
AMISULPRIDE	25	6	2	3	7	1.2851000000000006	97.73540000000006	8	6	2	1
SUCRALFATE	54	27	8	8	35	-6.821300000000003	147.09279999999995	43	27	8	0
TROLEANDOMYCIN	57	16	0	0	16	3.620900000000008	202.2649999999992	16	16	0	0
BISOPROLOL_FUMARATE	23	5	2	2	5	2.3659	91.82650000000008	5	5	2	0
MIDODRINE_HYDROCHLORIDE	18	5	3	4	6	-0.1878999999999994	66.56990000000003	6	5	3	0
EMEPRONIUM	21	0	0	0	1	4.693400000000004	91.45540000000008	1	0	0	0
HALAZEPAM	24	2	0	0	3	4.086300000000001	86.80800000000004	7	2	0	1
SETIPTILINE	20	1	0	0	1	3.837100000000003	84.61800000000005	1	1	0	1
METHYLERGONOVINE	25	3	3	3	5	1.9247000000000003	99.19520000000006	5	3	3	0
PROCHLORPERAZINE	25	4	0	0	3	4.580200000000004	107.57700000000004	5	4	0	1
IOMAZENIL	22	5	0	0	6	2.2392000000000003	88.03500000000004	7	5	0	1
CLONAZEPAM	22	4	1	1	6	3.0377000000000014	83.68410000000002	7	4	1	1
FLUMAZENIL	22	5	0	0	6	1.7736999999999998	75.27600000000002	7	5	0	1
ANISINDIONE	19	3	0	0	3	2.8580000000000005	70.83800000000002	3	3	0	0
HYDROCORTISONE	26	5	3	3	5	1.7816	95.14240000000004	5	5	3	0
BROMOCRIPTINE	43	6	3	3	10	3.1928000000000023	164.15819999999968	11	6	3	1
BEMETIZIDE	25	5	3	4	7	1.821	95.4144	10	5	3	0
LIDOFLAZINE	36	3	1	1	4	5.750040000000006	141.30269999999987	6	3	1	0
REBOXETINE	23	4	1	1	4	3.1938000000000004	90.03170000000006	4	4	1	1
NEOSTIGMINE	16	2	0	0	4	1.9437	65.71900000000004	4	2	0	0
CHLOROTRIANISENE	27	3	0	0	3	5.867800000000004	110.75100000000003	4	3	0	0
COLCHICINE	29	6	1	1	7	2.8716000000000013	109.23470000000006	7	6	1	0
GLISOLAMIDE	30	6	3	3	9	2.27612	109.44540000000003	10	6	3	0
DISTIGMINE	30	4	0	0	8	2.4574000000000007	111.01200000000006	8	4	0	0
DEHYDROCHOLIC	29	4	1	1	5	4.073300000000003	107.03780000000008	5	4	1	0
PRAZEPAM	23	2	0	0	3	3.934000000000003	93.47700000000003	4	2	0	1
NITAZOXANIDE	21	7	1	1	8	2.2289000000000003	74.47260000000001	9	7	1	0
PHENAZOCINE	24	2	1	1	2	4.159100000000005	98.45080000000006	2	2	1	1
ATAZANAVIR	51	9	5	5	13	4.2116000000000025	193.8765999999994	13	9	5	0
IPODATE	19	2	1	1	4	3.7390000000000025	102.38880000000003	7	2	1	0
BENAZEPRIL	31	5	2	2	7	2.5731	116.8595000000001	7	5	2	0
PERGOLIDE	22	2	1	1	2	4.271100000000003	96.88470000000008	3	2	1	1
ROSARAMICIN	41	10	2	2	10	2.6704000000000017	151.8065999999998	10	10	2	0
BROXATEROL	14	4	2	2	4	1.8586	56.91850000000003	5	4	2	0
PHENOBARBITAL/PHENOBARBITONE	17	3	2	2	5	0.7003999999999997	60.09240000000002	5	3	2	1
VARDENAFIL	34	8	1	1	10	2.0704199999999995	129.81750000000002	11	8	1	0
BRIVUDINE	19	6	3	3	7	-0.4571	70.9033	8	6	3	0
DEMECLOCYCLINE_HYDROCHLORIDE	32	10	6	7	10	0.1082999999999998	110.51040000000006	11	10	6	0
ISOPROPAMIDE_IODIDE	26	1	1	2	3	4.111500000000003	108.79880000000007	3	1	1	0
CHLOROQUINE_PHOSPHATE	22	3	1	1	3	4.810600000000004	96.85970000000006	4	3	1	0
MEMANTINE	13	1	1	2	1	2.6941000000000006	54.32440000000004	1	1	1	1
SUMATRIPTAN	20	3	2	2	5	1.3211999999999997	82.24020000000004	6	3	2	1
OXAZEPAM	20	3	2	2	4	2.447900000000001	78.16950000000003	5	3	2	1
OXYPERTINE	28	4	1	1	5	3.858220000000004	114.93870000000004	5	4	1	1
CHLORMETHIAZOLE	8	2	0	0	1	1.9244	36.53800000000001	3	2	0	1
PALONOSETRON	22	2	0	0	3	2.6565000000000007	86.10950000000004	3	2	0	1
CEFDITOREN_PIVOXIL	41	14	2	3	13	2.298119999999999	154.51209999999975	16	14	2	0
FLUOCORTOLONE	27	4	2	2	4	2.6367000000000016	98.41460000000004	5	4	2	0
ERYTHRITYL	20	12	0	0	16	-1.4431999999999994	49.62760000000001	16	12	0	0
TRIAMCINOLONE	28	6	4	4	6	0.6204999999999998	96.78720000000004	7	6	4	0
NICORANDIL	15	5	1	1	7	0.01969999999999944	49.51660000000002	7	5	1	0
PREGABALIN	11	2	2	3	3	1.0821	44.2522	3	2	2	1
GEMIFLOXACIN	28	8	2	3	9	0.966	100.39270000000003	10	8	2	0
EPALRESTAT	21	4	1	1	4	2.918700000000001	87.71380000000003	6	4	1	0
FLUPIRTINE	22	5	3	4	6	2.9834000000000014	83.02080000000002	7	5	3	1
FENOTEROL	22	5	5	5	5	2.0576	84.00690000000002	5	5	5	0
QUINESTROL	27	2	1	1	2	5.228400000000006	107.72580000000008	2	2	1	0
LEVODROPROPIZINE	17	4	2	2	4	0.16179999999999994	68.18760000000005	4	4	2	0
DIPHENHYDRAMINE	19	2	0	0	2	3.3542000000000023	79.23300000000006	2	2	0	1
FENTANYL	25	2	0	0	3	4.136700000000004	103.82700000000006	3	2	0	1
CHLORDIAZEPOXIDE	21	3	1	1	4	1.8492	83.03650000000003	5	3	1	1
PARALDEHYDE	9	3	0	0	3	1.0878	31.640999999999984	3	3	0	1
ESTRADIOL	20	2	2	2	2	3.6092000000000017	78.73060000000005	2	2	2	0
ACETAZOLAMIDE	13	6	2	3	7	-0.8561000000000003	45.5859	9	6	2	1
CINOLAZEPAM	25	4	1	1	5	2.8951800000000016	92.08080000000004	7	4	1	1
ONDANSETRON	22	4	0	0	4	3.1285200000000017	86.02450000000003	4	4	0	1
BEVANTOLOL	25	5	2	2	5	2.584220000000001	98.80050000000006	5	5	2	0
PANTOTHENIC	15	4	4	4	6	-1.0432999999999997	52.13610000000003	6	4	4	0
SULINDAC	25	2	1	1	3	4.365500000000004	97.89220000000005	5	2	1	0
CORTISONE_ACETATE	26	5	2	2	5	1.9898	94.14260000000004	5	5	2	0
CLIDINIUM_BROMIDE	26	3	1	1	4	2.7045000000000003	99.27220000000004	4	3	1	0
LACTULOSE	23	11	8	8	11	-5.552999999999992	69.83240000000004	11	11	8	0
HYDROMORPHONE	21	4	1	1	4	1.6303	76.67080000000004	4	4	1	1
MEFENAMIC_ACID	18	2	2	2	3	3.7452400000000017	72.60000000000002	3	2	2	0
MEPHENYTOIN	16	2	1	1	4	1.4735000000000005	59.71270000000003	4	2	1	1
PENTOXIFYLLINE	20	7	0	0	7	0.1929999999999996	74.74700000000003	7	7	0	0
RIZATRIPTAN	20	4	1	1	5	1.9118	79.68070000000003	5	4	1	1
TRANEXAMIC_ACID	11	2	2	3	3	0.8361000000000001	42.13820000000001	3	2	2	0
ACITRETIN	24	2	1	1	3	5.167060000000005	100.52880000000003	3	2	1	0
DIETHYLSTILBESTROL_DIPHOSPHATE	20	2	2	2	2	4.828600000000005	83.60960000000004	2	2	2	0
GALANTAMINE	21	4	1	1	4	1.8503000000000005	79.80280000000005	4	4	1	1
MEBENDAZOLE	22	4	2	2	6	2.9722000000000013	81.99590000000002	6	4	2	0
HYDROXYZINE	26	4	1	1	4	3.0559000000000016	105.65480000000008	5	4	1	1
CYSTEAMINE_BITARTRATE	4	2	2	2	1	-0.12509999999999988	22.9074	2	2	2	0
PROTRIPTYLINE	20	1	1	1	1	4.301900000000003	86.81570000000004	1	1	1	1
IOCETAMIC_ACID	20	3	2	3	5	3.156200000000001	103.83220000000004	8	3	2	0
DIOSMIN	43	15	8	8	15	-1.0897000000000006	143.4184	15	15	8	0
LINCOMYCIN_HYDROCHLORIDE	27	8	5	5	8	-0.8569999999999969	103.24090000000004	9	8	5	0
THIOTHIXENE	30	5	0	0	5	3.4707000000000017	123.51280000000006	7	5	0	1
TRIAMTERENE	19	7	3	6	7	0.8333999999999999	73.80120000000002	7	7	3	0
RACECADOTRIL	27	5	1	1	5	2.9846000000000013	106.0227	6	5	1	0
LORAZEPAM	21	3	2	2	4	3.101300000000001	83.17950000000002	6	3	2	1
MEPTAZINOL	17	2	1	1	2	3.1557000000000017	71.42380000000004	2	2	1	1
RIBOFLAVIN	27	9	5	5	10	-1.7235599999999989	95.6209	10	9	5	0
TRIDIHEXETHYL_CHLORIDE	23	1	1	1	2	4.721100000000004	98.28120000000007	2	1	1	0
FROVATRIPTAN	18	2	3	4	4	1.3435	71.68930000000002	4	2	3	0
FLUOXYMESTERONE	24	3	2	2	3	3.3322000000000016	89.07260000000004	4	3	2	0
CELECOXIB	26	4	1	2	5	3.513920000000001	90.11220000000004	9	4	1	0
AZACITIDINE	17	9	4	5	9	-3.167999999999999	53.71380000000002	9	9	4	0
PHENINDIONE	17	2	0	0	2	2.849400000000001	64.28600000000003	2	2	0	0
ROPINIROLE	19	2	1	1	3	2.845700000000001	79.50170000000004	3	2	1	1
BUPROPION	16	2	1	1	2	3.2993000000000023	68.13320000000004	3	2	1	1
IOHEXOL	34	9	8	8	12	-1.6274999999999986	146.56419999999997	15	9	8	0
HEXOCYCLIUM_METHYLSULFATE	23	2	1	1	3	2.8465000000000007	95.19620000000006	3	2	1	0
CARBENICILLIN_INDANYL_SODIUM	35	6	2	2	8	2.4962	128.94350000000003	9	6	2	0
EPROSARTAN_MESYLATE	30	5	2	2	6	4.744400000000003	116.97810000000004	7	5	2	0
ENOXACIN	23	6	2	2	7	0.6633000000000002	83.67700000000002	8	6	2	0
ALPRAZOLAM	22	4	0	0	4	3.5801200000000017	86.89100000000002	5	4	0	1
MEPROBAMATE	15	4	2	4	6	0.9834000000000004	54.08580000000003	6	4	2	1
ANISOTROPINE	20	2	0	0	3	3.5158000000000023	81.33840000000006	3	2	0	0
RITONAVIR	50	9	4	4	11	5.905200000000005	196.89689999999942	13	9	4	0
VITAMIN	31	2	1	1	2	8.840260000000002	134.3908	2	2	1	0
PREDNISOLONE	26	5	3	3	5	1.5576	95.04840000000004	5	5	3	0
OTILONIUM	35	4	1	1	6	6.321400000000009	142.12409999999986	6	4	1	0
OXOLINIC	19	5	1	1	6	1.4483	66.96430000000001	6	5	1	0
ROPIVACAINE	20	2	1	1	3	3.5064400000000018	84.04870000000005	3	2	1	1
PINAVERIUM	32	4	0	0	5	5.2923000000000044	130.16840000000005	6	4	0	0
AZITHROMYCIN_DIHYDRATE	52	14	5	5	14	1.9007000000000047	194.17899999999938	14	14	5	0
LACTITOL	23	11	9	9	11	-5.761199999999992	70.83220000000004	11	11	9	0
AMBENONIUM_CHLORIDE	36	2	2	2	6	4.639200000000005	148.75019999999978	8	2	2	0
CARBETAPENTANE	24	4	0	0	4	3.4000000000000017	96.15400000000008	4	4	0	0
PIROXICAM	23	5	2	2	7	1.5810000000000002	83.80630000000005	8	5	2	0
TIMOLOL_MALEATE	21	8	2	2	7	0.5024999999999997	82.19850000000005	8	8	2	0
CLARITHROMYCIN	52	14	4	4	14	2.4397000000000046	191.04819999999938	14	14	4	0
FENFLURAMINE	16	1	1	1	1	3.2459000000000024	58.28670000000002	4	1	1	1
ASTEMIZOLE	34	5	1	1	5	5.351300000000005	135.01769999999996	6	5	1	0
TANDOSPIRONE	28	6	0	0	7	1.4098999999999997	104.45000000000006	7	6	0	1
IMIPRAMINE	21	2	0	0	2	3.875000000000004	90.46900000000008	2	2	0	1
HALOFANTRINE_HYDROCHLORIDE	33	2	1	1	2	8.644300000000001	132.3088	7	2	1	0
ERYTHROMYCIN	51	14	5	5	14	1.785600000000004	186.25799999999958	14	14	5	0
LORMETAZEPAM	22	3	1	1	4	3.1256000000000017	87.95980000000002	6	3	1	1
TRIMEPRAZINE	21	3	0	0	2	4.4870000000000045	91.73100000000008	3	3	0	1
REBAMIPIDE	26	3	3	3	6	2.6072000000000006	98.6147	7	3	3	0
MEFLOQUINE	26	3	2	2	3	4.4479000000000015	82.34850000000003	9	3	2	0
MESORIDAZINE	26	4	0	0	3	4.901100000000005	111.23140000000004	5	4	0	1
AMITRIPTYLINE	21	1	0	0	1	4.168600000000003	90.54200000000006	1	1	0	1
DIPYRIDAMOLE	36	12	4	4	12	-0.017599999999997284	140.02519999999998	12	12	4	0
POLYTHIAZIDE	25	6	2	3	7	1.655	88.56470000000004	14	6	2	0
TIRAPAZAMINE	13	4	1	2	6	-0.9162000000000003	44.07540000000001	6	4	1	0
TENOXICAM	22	6	2	2	7	1.6425	81.68330000000003	9	6	2	0
BUNAZOSIN	27	7	1	2	8	2.068	105.37240000000004	8	7	1	0
LEVOCARNITINE	11	2	2	2	4	-0.4718000000000007	41.159000000000006	4	2	2	0
ANASTROZOLE	22	5	0	0	5	2.9287600000000014	82.84400000000005	5	5	0	0
MOCLOBEMIDE	18	3	1	1	4	1.4019999999999997	71.04420000000003	5	3	1	1
ETODOLAC	21	2	2	2	4	3.3830000000000013	81.55450000000005	4	2	2	0
AMINOSALICYLIC_ACID	11	3	3	4	4	0.6726000000000001	39.4785	4	3	3	0
SATIGREL	25	4	1	1	5	3.8940800000000015	94.49280000000005	5	4	1	0
GLIPIZIDE	31	6	3	3	9	2.07812	114.97440000000003	10	6	3	0
TRIAMCINOLONE_DIACETATE	34	8	2	2	8	1.7620999999999996	115.88160000000003	9	8	2	0
CYCLIZINE	20	2	0	0	2	3.0234000000000014	83.79700000000005	2	2	0	1
BREQUINAR	28	2	1	1	3	5.853620000000004	104.2273	5	2	1	0
CYCLOPHOSPHAMIDE	14	2	1	1	4	1.884	59.19120000000004	7	2	1	0
CROMOLYN_SODIUM	34	9	3	3	11	2.1145	115.88340000000008	11	9	3	0
IBANDRONATE	19	4	5	5	8	0.4999999999999996	70.67700000000002	10	4	5	0
ZALCITABINE	15	6	2	3	6	-0.5046000000000008	53.13920000000002	6	6	2	0
DIRITHROMYCIN	58	16	5	5	16	2.201700000000009	213.5238999999992	16	16	5	0
TRILOSTANE	24	4	2	2	4	3.466880000000002	87.88160000000003	4	4	2	0
RILMENIDINE	13	3	1	1	3	1.1507999999999998	50.62570000000003	3	3	1	0
TELITHROMYCIN	58	14	1	1	15	4.929200000000005	214.25079999999932	15	14	1	0
ALPIDEM	27	3	0	0	4	5.4992000000000045	111.51400000000004	6	3	0	1
ISRADIPINE	27	8	1	1	8	2.5822000000000003	96.32470000000004	8	8	1	0
IPRIFLAVONE	21	3	0	0	3	4.247200000000003	83.68400000000005	3	3	0	0
FLUTAMIDE	19	3	1	1	5	3.2081000000000017	61.56610000000001	8	3	1	0
NEFOPAM	19	2	0	0	2	3.2380000000000018	77.01300000000005	2	2	0	1
ALOSETRON	22	3	1	1	5	2.4083200000000007	84.68820000000005	5	3	1	0
MEPERIDINE	18	3	0	0	3	2.2131	71.48400000000005	3	3	0	1
PIOGLITAZONE	25	5	1	1	5	3.159600000000001	97.87770000000003	6	5	1	0
TELMISARTAN	39	5	1	1	6	7.264420000000008	156.1122999999997	6	5	1	0
DICLOXACILLIN_SODIUM	30	6	2	2	8	3.2021200000000016	111.678	11	6	2	0
OXANDROLONE	22	3	1	1	3	3.5431000000000026	84.07580000000007	3	3	1	0
CIMETIDINE	17	4	3	3	6	0.5974	69.59710000000003	7	4	3	0
MARIMASTAT	23	5	5	5	8	-0.20809999999999906	84.33340000000005	8	5	5	0
CEPHALOGLYCIN	28	7	3	4	9	-0.011899999999999187	99.68790000000004	10	7	3	0
FLUDROCORTISONE_ACETATE	27	5	3	3	5	1.8737	95.49140000000004	6	5	3	0
MESNA	7	3	2	1	3	-0.19599999999999984	30.2686	5	3	2	0
SILDENAFIL_CITRATE	33	8	1	1	10	1.6109	125.98550000000006	11	8	1	0
REMIFENTANIL	27	6	0	0	7	2.0003	101.27300000000008	7	6	0	1
KANAMYCIN_SULFATE	33	15	11	15	15	-7.2913999999999985	107.7922	15	15	11	0
GEMFIBROZIL	18	2	1	1	3	3.573240000000002	72.06180000000005	3	2	1	0
ACETOPHENAZINE	29	6	1	1	5	3.4919000000000042	118.60030000000008	6	6	1	1
AMPHOTERICIN_B	65	17	12	13	18	0.7117000000000075	236.99119999999942	18	17	12	0
LANSOPRAZOLE	25	4	1	1	5	3.515220000000001	86.73010000000004	9	4	1	0
AMANTADINE	11	1	1	2	1	1.9139	45.09040000000002	1	1	1	1
PERFLUBRON	26	0	0	0	0	6.348200000000002	49.611	18	0	0	0
CLOTRIMAZOLE	25	2	0	0	2	5.376700000000002	101.84300000000002	3	2	0	0
NYLIDRIN	22	3	3	3	3	3.4250000000000016	89.88930000000003	3	3	3	0
INDOMETACIN	40	5	0	0	5	8.805120000000002	164.48349999999957	6	5	0	0
ROSIGLITAZONE_MALEATE	25	6	1	1	6	2.490900000000001	98.06570000000002	7	6	1	0
EBASTINE	35	3	0	0	3	7.217600000000008	143.9804999999998	3	3	0	0
FOLIC_ACID	32	9	6	7	13	-0.04479999999999952	111.89460000000004	13	9	6	0
OXYPHENBUTAZONE	24	3	1	1	5	3.4934000000000016	92.53580000000002	5	3	1	0
SODIUM_PHENYLBUTYRATE	12	1	1	1	2	2.0939	47.01580000000003	2	1	1	0
ESTRAMUSTINE	29	3	1	1	4	5.182000000000007	116.10280000000007	6	3	1	0
TOREMIFENE_CITRATE	29	2	0	0	2	6.215000000000006	124.62800000000004	3	2	0	0
ACETAMINOPHEN/PARACETAMOL	11	2	2	2	3	1.3505999999999998	42.41050000000002	3	2	2	1
METIXENE	22	2	0	0	1	5.015000000000005	93.68800000000006	2	2	0	1
CYCLANDELATE	20	3	1	1	3	3.4780000000000024	78.07780000000005	3	3	1	0
CEFDINIR	26	9	4	5	10	-0.17180000000000062	94.73140000000004	12	9	4	0
CARPHENAZINE	30	6	1	1	5	3.882000000000003	123.21730000000008	6	6	1	1
METHOTRIMEPRAZINE	23	4	0	0	3	4.495600000000005	98.28300000000007	4	4	0	1
GLISOXEPIDE	31	7	3	3	10	1.7344199999999994	112.61340000000006	11	7	3	0
TYROPANOATE_SODIUM	22	2	2	2	4	4.892300000000003	113.25150000000004	7	2	2	0
AZATADINE	22	2	0	0	2	3.7077000000000018	90.84000000000003	2	2	0	1
NICARDIPINE_HYDROCHLORIDE	35	8	1	1	9	3.677800000000003	130.12409999999997	9	8	1	0
CLEBOPRIDE	26	4	2	3	5	3.3252000000000024	104.62360000000002	6	4	2	0
GANCICLOVIR	18	8	4	5	9	-1.9708999999999992	61.60570000000001	9	8	4	0
TIPRANAVIR	42	6	2	2	7	7.325500000000009	152.28729999999982	11	6	2	0
NALOXONE	24	5	2	2	5	1.3014	87.27060000000004	5	5	2	1
TRIOXSALEN	17	3	0	0	3	3.4644600000000016	66.46700000000003	3	3	0	0
NATEGLINIDE	23	2	2	2	4	3.2609000000000012	89.99850000000006	4	2	2	0
OXYBUTYNIN	26	4	1	1	4	3.342900000000002	103.43680000000006	4	4	1	0
NILUTAMIDE	22	4	1	1	7	2.4484000000000004	68.1951	10	4	1	0
PHENOPERIDINE	27	4	1	1	4	3.7070000000000025	106.44580000000003	4	4	1	1
PHENDIMETRAZINE	14	2	0	0	2	2.0782	57.22700000000004	2	2	0	1
ETHACRYNIC_ACID	19	3	1	1	4	3.6057000000000015	73.35430000000005	6	3	1	0
ROSOXACIN	22	4	1	1	5	2.781600000000002	84.07230000000001	5	4	1	0
NEMONAPRIDE	27	4	2	2	5	3.783100000000002	109.73590000000006	6	4	2	1
HYDROCODONE	22	4	0	0	4	1.9333	81.55800000000005	4	4	0	1
BENZHEXOL	22	2	1	1	2	4.330500000000004	91.82180000000008	2	2	1	1
FORMOTEROL	25	5	4	4	6	2.2233	96.91600000000004	6	5	4	0
TADALAFIL	29	4	1	1	7	2.2113	104.68170000000003	7	4	1	0
MELPHALAN	19	3	2	3	4	1.925	79.41020000000003	6	3	2	0
ETIDRONATE_DISODIUM	11	3	5	5	7	-0.9922000000000002	34.711999999999996	9	3	5	0
ADEFOVIR_DIPIVOXIL	34	13	1	2	13	2.702500000000001	121.15890000000006	14	13	1	0
DELAVIRDINE_MESYLATE	32	6	3	3	9	2.7171000000000003	127.87740000000002	10	6	3	0
DIHYDROTACHYSTEROL	29	1	1	1	1	7.720900000000008	125.66580000000008	1	1	1	0
RIFAMPIN	59	15	6	6	16	4.3354200000000045	220.4791999999994	16	15	6	0
BUDESONIDE	31	6	2	2	6	2.716800000000001	112.86660000000003	6	6	2	0
MORICIZINE_HYDROCHLORIDE	30	6	1	1	7	4.106600000000003	116.67370000000004	8	6	1	0
FLUOXETINE	22	2	1	1	2	4.435000000000003	79.79870000000005	5	2	1	1
CEFTIBUTEN_DIHYDRATE	27	8	4	5	10	-0.048199999999999854	97.49770000000004	12	8	4	0
EPHEDRINE	12	2	2	2	2	1.3279	49.92350000000002	2	2	2	1
PROGLUMETACIN	60	11	1	1	13	6.164220000000006	231.61869999999925	14	11	1	0
OLMESARTAN_MEDOXOMIL	33	7	3	3	9	3.6566000000000014	122.57780000000002	9	7	3	0
CAPECITABINE	25	8	3	3	9	0.7602	84.54830000000003	10	8	3	0
TROFOSFAMIDE	17	2	0	0	4	2.8352000000000013	73.48150000000005	8	2	0	0
METHYLTESTOSTERONE	22	2	1	1	2	4.269300000000004	87.33380000000004	2	2	1	0
METHYCLOTHIAZIDE	20	5	2	3	7	0.5983000000000003	75.90470000000002	11	5	2	0
SULFAMETHIZOLE	17	6	2	3	6	1.2295199999999995	66.30890000000002	8	6	2	0
NAFCILLIN_SODIUM	29	5	2	2	7	2.9401	110.96450000000006	8	5	2	0
ACENOCOUMAROL	26	6	1	1	7	3.5178000000000016	94.38620000000002	7	6	1	0
FLAVOXATE	29	5	0	0	5	4.411120000000004	113.23050000000002	5	5	0	0
ARBIDOL	29	6	1	1	5	5.177000000000005	121.63430000000008	7	6	1	0
DIAZEPAM	20	2	0	0	3	3.1538000000000017	81.81000000000003	4	2	0	1
DUTASTERIDE	37	2	2	2	4	6.576100000000006	124.02240000000003	10	2	2	0
DOXAZOSIN_MESYLATE	33	9	1	2	10	1.7177999999999995	122.20040000000002	10	9	1	0
AMBROXOL	18	3	3	4	3	3.1869000000000014	81.35690000000002	5	3	3	0
RISPERIDONE	30	6	0	0	6	3.5904200000000026	112.25800000000004	7	6	0	1
TAMSULOSIN_HYDROCHLORIDE	28	6	2	3	7	2.3409	108.64190000000004	8	6	2	0
METHYLPREDNISOLONE	27	5	3	3	5	1.8036000000000003	99.59540000000004	5	5	3	1
DELORAZEPAM	20	2	1	1	3	3.7829000000000015	82.03970000000002	5	2	1	1
BUTOBARBITONE	15	3	2	2	5	0.7948999999999998	53.86040000000002	5	3	2	1
ISOCARBOXAZID	17	4	2	2	5	1.41762	61.98790000000003	5	4	2	1
DOFETILIDE	29	6	2	2	8	1.9829	116.51300000000003	10	6	2	0
PHENAZOPYRIDINE	16	5	2	4	5	2.6613999999999995	63.67980000000002	5	5	2	0
TRICLOFOS_SODIUM	10	2	2	2	4	1.4658999999999998	38.28610000000001	8	2	2	0
OXYCODONE	23	5	1	1	5	1.0481999999999998	83.01780000000005	5	5	1	1
NIZOFENONE	29	6	0	0	7	4.506700000000005	111.72790000000003	8	6	0	1
AMOXICILLIN	25	6	4	5	8	0.023700000000000443	90.69370000000004	9	6	4	0
BENDROFLUMETHIAZIDE	27	5	3	4	7	1.6254	90.69540000000003	12	5	3	0
SIMVASTATIN	30	5	1	1	5	4.585600000000005	115.45480000000006	5	5	1	0
RIFAPENTINE	63	15	6	6	16	5.648220000000008	236.81119999999927	16	15	6	0
VANCOMYCIN_HYDROCHLORIDE	101	25	18	20	32	1.1968000000000056	350.4750000000006	34	25	18	0
NORETHINDRONE	22	2	1	1	2	3.4925000000000024	85.87580000000004	2	2	1	0
PHENACEMIDE	13	2	2	3	4	0.4240000000000001	47.87210000000002	4	2	2	1
MEPYRAMINE	21	4	0	0	4	2.6584000000000003	86.83500000000004	4	4	0	1
CICLETANINE	18	3	1	1	3	3.3686200000000017	68.72280000000003	4	3	1	0
PROBENECID	19	3	1	1	5	2.1955	72.74210000000005	6	3	1	0
TRANYLCYPROMINE	10	1	1	2	1	1.5012	41.77540000000001	1	1	1	1
ROSUVASTATIN	33	7	3	3	9	2.401700000000001	122.67920000000008	11	7	3	0
CHLORDIAZEPOXIDE	21	3	1	1	4	2.950700000000001	85.75410000000002	5	3	1	1
TETRACYCLINE_HYDROCHLORIDE	32	9	6	7	10	-0.2143999999999982	109.5409	10	9	6	0
TOCAINIDE_HYDROCHLORIDE	14	2	2	3	3	1.5891399999999998	58.19510000000002	3	2	2	0
SULTHIAME	18	4	1	2	6	0.2640000000000001	68.18200000000003	8	4	1	1
LEFLUNOMIDE	19	3	1	1	4	3.2541200000000012	60.63720000000001	7	3	1	0
CARBAMAZEPINE	18	1	1	2	3	3.3872000000000018	73.53440000000002	3	1	1	1
FELBAMATE	17	4	2	4	6	0.9608000000000004	60.25380000000003	6	4	2	1
CHLORZOXAZONE	11	2	1	1	3	1.7744999999999995	41.8447	4	2	1	1
AMINOCAPROIC_ACID	9	2	2	3	3	0.5901000000000001	35.158199999999994	3	2	2	0
DESIPRAMINE	20	2	1	1	2	3.5328000000000026	85.84170000000005	2	2	1	1
TIOPRONIN	10	3	3	2	4	-0.4945000000000005	39.0935	5	3	3	0
PIMOZIDE	34	3	1	1	4	5.8570000000000055	131.1467	6	3	1	1
CEFETAMET	26	9	3	4	10	-0.16569999999999918	95.4309	12	9	3	0
MYCOPHENOLATE_MOFETIL	31	8	1	1	8	2.524020000000001	113.42830000000004	8	8	1	0
BEZAFIBRATE	25	3	2	2	5	3.5545000000000013	96.27400000000006	6	3	2	0
TETRAZEPAM	20	2	1	1	3	3.4475000000000025	82.15670000000003	4	2	1	1
DIHYDROCODEINE	22	4	1	1	4	1.7251	82.55780000000007	4	4	1	1
BEXAROTENE	26	1	1	1	2	6.103720000000006	108.00230000000006	2	1	1	0
FAMOTIDINE	20	7	5	8	9	-0.5583299999999984	82.3324	12	7	5	0
FRAMYCETIN	42	19	13	19	19	-8.895300000000018	138.35600000000002	19	19	13	0
ETILEFRINE	13	3	3	3	3	1.0351	51.61030000000003	3	3	3	0
PYRVINIUM	29	2	0	0	3	5.308240000000006	123.62200000000004	3	2	0	0
PRAVASTATIN_SODIUM	30	6	4	4	7	2.4404000000000003	111.44320000000006	7	6	4	0
SIROLIMUS	65	13	3	3	14	6.180600000000008	245.13739999999908	14	13	3	0
MEBEVERINE	31	6	0	0	6	4.6025000000000045	122.46950000000004	6	6	0	0
QUINALBARBITONE	17	3	2	2	5	1.3510999999999995	63.00040000000002	5	3	2	1
ETHYLESTRENOL	21	1	1	1	1	5.0903000000000045	86.94380000000004	1	1	1	0
PIRMENOL	25	3	1	1	3	4.360600000000004	102.39280000000004	3	3	1	0
IOPANOIC_ACID	17	2	2	3	3	3.7359000000000018	94.12620000000004	6	2	2	0
MEGESTROL_ACETATE	25	3	1	1	3	4.004500000000003	96.86380000000004	3	3	1	0
PIPOBROMAN	16	2	0	0	4	1.2272	69.98200000000003	6	2	0	0
CARBIMAZOLE	12	5	0	0	4	1.56069	46.65700000000002	5	5	0	0
MILTEFOSINE	27	3	1	1	5	6.307500000000008	114.94070000000008	6	3	1	0
MESUXIMIDE	15	2	0	0	3	1.3329999999999995	56.18800000000004	3	2	0	1
PROPRANOLOL	19	3	2	2	3	2.577500000000001	78.58850000000005	3	3	2	1
INDIGOTINDISULFONATE	28	8	4	4	10	1.3082	95.44560000000004	12	8	4	0
PROCARBAZINE_HYDROCHLORIDE	16	3	3	3	4	1.0487999999999995	64.94360000000003	4	3	3	0
PRIMAQUINE_PHOSPHATE	19	4	2	3	4	2.782700000000001	79.66810000000002	4	4	2	0
RESCINNAMINE	46	10	1	1	11	4.570700000000004	170.39769999999953	11	10	1	0
TRAPIDIL	15	5	0	0	5	1.2789199999999998	59.08000000000003	5	5	0	0
MORNIFLUMATE	28	6	1	1	6	3.333000000000001	96.50520000000004	9	6	1	0
SULFINPYRAZONE	29	3	0	0	5	3.7955000000000023	113.68040000000002	6	3	0	0
NIFLUMIC	20	3	2	2	4	3.542200000000001	65.923	7	3	2	0
TACRINE	15	2	1	2	2	2.6958	62.79740000000002	2	2	1	1
DEXTROPROPOXYPHENE	25	3	0	0	3	4.2755000000000045	102.36700000000008	3	3	0	1
BROTIZOLAM	22	5	0	0	4	4.4041200000000025	92.468	7	5	0	1
BENZBROMARONE	22	3	1	1	3	5.456800000000002	92.53130000000002	5	3	1	0
QUINAGOLIDE	27	4	2	2	6	2.1361	108.03830000000008	7	4	2	1
MAPROTILINE	21	1	1	1	1	4.211400000000004	87.90170000000006	1	1	1	1
AMPICILLIN	24	5	3	4	7	0.3181000000000002	89.02890000000004	8	5	3	0
IFENPRODIL	24	3	2	2	3	3.7688000000000015	96.97160000000004	3	3	2	1
NIMODIPINE	30	8	1	1	9	2.970800000000001	108.43610000000004	9	8	1	1
PRIMIDONE	16	2	2	2	4	0.5378999999999994	59.56340000000003	4	2	2	1
CEPHRADINE	24	5	3	4	7	0.3486000000000002	89.79090000000004	8	5	3	0
FENOPROFEN_CALCIUM	18	2	1	1	3	3.6670000000000016	69.00880000000004	3	2	1	0
ZUCLOPENTHIXOL	27	4	1	1	3	4.236300000000004	113.67880000000002	5	4	1	1
PROQUAZONE	21	3	0	0	3	3.9528200000000018	86.56100000000004	3	3	0	0
GLIQUIDONE	37	6	2	2	9	3.5185000000000017	137.93569999999994	10	6	2	0
PARAMETHASONE_ACETATE	28	5	3	3	5	1.7515999999999998	99.87440000000004	6	5	3	0
TOLAZAMIDE	21	4	2	2	6	1.7739200000000002	80.07320000000004	7	4	2	0
ENOXIMONE	17	3	2	2	4	1.96432	67.80590000000001	5	3	2	0
MEDAZEPAM	19	2	0	0	2	3.627200000000002	81.67000000000004	3	2	0	1
CYCLACILLIN	23	5	3	4	7	0.2797000000000011	85.66190000000003	8	5	3	0
ACETYLDIGITOXIN	57	14	4	4	14	3.818100000000003	200.76819999999933	14	14	4	0
LEVORPHANOL	19	2	1	1	2	3.0804000000000022	76.48180000000005	2	2	1	1
DISULFIRAM	16	4	0	0	2	3.6212000000000018	86.22000000000004	6	4	0	0
SERTRALINE	20	1	1	1	1	5.179600000000003	85.78170000000004	3	1	1	1
MENATETRENONE	33	2	0	0	2	8.917900000000003	140.82399999999987	2	2	0	0
GLUTAMIC_ACID	10	3	3	4	5	-0.7368999999999997	32.480999999999995	5	3	3	0
CHOLECALCIFEROL	28	1	1	1	1	7.619000000000009	121.18880000000007	1	1	1	0
LEVALLORPHAN	21	2	1	1	2	3.6366000000000014	85.62180000000005	2	2	1	1
CLOXACILLIN_SODIUM	29	6	2	2	8	2.5487200000000003	106.66800000000003	10	6	2	0
BUPRENORPHINE	34	5	2	2	5	4.413800000000005	130.1996000000001	5	5	2	1
IDEBENONE	24	5	1	1	5	3.462300000000003	92.39680000000006	5	5	1	1
MIANSERIN	20	2	0	0	2	3.0839000000000016	83.27400000000007	2	2	0	1
MIRTAZAPINE	20	3	0	0	3	2.4789000000000003	81.06900000000005	3	3	0	1
EPLERENONE	30	6	0	0	6	3.1245000000000016	105.15300000000008	6	6	0	0
MITOLACTOL	12	4	4	4	4	-0.7802000000000002	51.61520000000003	6	4	4	0
IODOQUINOL	13	2	1	1	2	3.1496000000000013	68.8418	4	2	1	0
CLONIXIN	18	3	2	2	4	3.4852200000000013	70.66800000000002	5	3	2	0
GLYCOPYRROLATE	23	3	1	1	4	2.4563	88.63620000000006	4	3	1	0
METACLAZEPAM	23	3	0	0	3	4.4047000000000045	100.16700000000004	5	3	0	1
OXYTETRACYCLINE	33	10	7	8	11	-1.243599999999998	110.9307	11	10	7	0
TRIMETHADIONE	10	3	0	0	4	0.3736	33.32999999999999	4	3	0	1
ACETOHEXAMIDE	22	4	2	2	6	2.2098000000000004	82.17270000000005	7	4	2	0
TRICHLORMETHIAZIDE	20	5	3	4	7	0.8210000000000011	76.05140000000002	12	5	3	0
TIANEPTINE	29	4	2	2	6	4.192600000000001	114.04930000000007	8	4	2	1
CINOXACIN	19	6	1	1	7	0.8432999999999997	64.75930000000001	7	6	1	0
CALCITRIOL	30	3	3	3	3	5.704700000000009	124.03840000000008	3	3	3	0
HYDROCHLOROTHIAZIDE	17	5	3	4	7	-0.35129999999999945	61.63640000000001	10	5	3	0
BETAHISTINE	10	2	1	1	2	0.8434999999999999	41.86770000000002	2	2	1	1
ADEFOVIR	18	7	3	4	9	-0.4397000000000001	62.598500000000016	10	7	3	0
CLOTIAZEPAM	21	3	0	0	3	3.777700000000003	89.06500000000004	5	3	0	1
ZALEPLON	23	5	0	0	6	2.6407800000000003	86.83900000000004	6	5	0	1
SELEGILINE	14	1	0	0	1	2.1826	61.07100000000004	1	1	0	1
FLUPENTHIXOL	30	4	1	1	3	4.6017000000000055	113.67080000000004	7	4	1	1
DYDROGESTERONE	23	2	0	0	2	4.499500000000004	90.78700000000003	2	2	0	0
PROCAINAMIDE_HYDROCHLORIDE	17	3	2	3	4	1.3403999999999996	70.97560000000004	4	3	2	0
JOSAMYCIN	58	16	3	3	16	3.0134000000000065	209.8513999999992	16	16	3	0
DIPHENYLPYRALINE	21	2	0	0	2	3.886800000000004	86.33100000000006	2	2	0	1
AMINEPTINE	25	2	2	2	3	4.4993000000000025	100.85850000000008	3	2	2	1
GLIMEPIRIDE	34	5	3	3	9	3.0740000000000016	128.52190000000004	10	5	3	0
TEGAFUR	14	4	1	1	5	-0.015300000000000038	45.50370000000001	6	4	1	0
CHLORPROPAMIDE	17	3	2	2	5	1.7379	65.46320000000003	7	3	2	0
PENTOBARBITAL	16	3	2	2	5	1.1849999999999998	58.47740000000002	5	3	2	1
BALSALAZIDE	26	6	4	4	9	2.7103	90.27010000000006	9	6	4	0
RIFAXIMIN	57	13	5	5	14	6.157840000000008	213.14339999999947	14	13	5	0
TRIMETHOPRIM	21	7	2	4	7	1.2575999999999998	79.76080000000003	7	7	2	0
OXPRENOLOL	19	4	2	2	4	1.9891	76.77450000000003	4	4	2	1
TEMOZOLOMIDE	14	7	1	2	8	-2.078099999999999	44.5409	8	7	1	0
PEMOLINE	13	3	1	2	4	0.5992000000000001	46.89740000000002	4	3	1	1
CAFFEINE	14	6	0	0	6	-1.0293	51.19600000000001	6	6	0	1
DOXYLAMINE	20	3	0	0	3	2.923300000000001	81.63900000000005	3	3	0	1
NICERGOLINE	31	6	0	0	6	3.9109000000000034	122.05450000000003	7	6	0	1
PHYTONADIONE	33	2	0	0	2	9.157600000000002	140.8959999999999	2	2	0	0
APOMORPHINE	20	3	2	2	3	2.8499000000000017	77.98660000000002	3	3	2	1
CHLORPROTHIXINE	21	2	0	0	1	5.188000000000004	92.26700000000004	3	2	0	1
ETHOSUXIMIDE	10	2	1	1	3	0.4492	36.1647	3	2	1	1
PIRENZEPINE	26	5	1	1	7	1.5593999999999992	99.71520000000004	7	5	1	0
CHLORAL_HYDRATE	7	2	2	2	2	0.6673000000000002	28.5156	5	2	2	1
TROVAFLOXACIN	30	6	2	3	7	1.8945	101.34170000000003	10	6	2	0
CYPROHEPTADINE	22	1	0	0	1	4.697900000000004	94.56500000000004	1	1	0	1
CHLORPHENIRAMINE	19	2	0	0	2	3.8186000000000018	80.70300000000005	3	2	0	1
PIVMECILLINAM	30	7	0	0	8	2.4116	114.91900000000008	9	7	0	0
CALUSTERONE	23	2	1	1	2	4.515300000000005	91.88080000000004	2	2	1	0
FLUCYTOSINE	9	3	2	3	4	-0.5088000000000001	29.228100000000005	5	3	2	0
PROCYCLIDINE	21	2	1	1	2	3.9404000000000043	87.20480000000006	2	2	1	1
METOCLOPRAMIDE	20	4	2	3	5	2.0024	82.53760000000005	6	4	2	1
OXACILLIN_SODIUM	28	6	2	2	8	1.8953200000000001	101.65800000000006	9	6	2	0
GLUCOSAMINE	12	6	5	6	6	-3.2549999999999994	37.954600000000006	6	6	5	0
LOFEXIDINE	16	3	1	1	3	2.7624000000000013	66.85670000000002	5	3	1	1
OLSALAZINE_SODIUM	22	6	4	4	8	2.9096	74.30820000000001	8	6	4	0
FORMESTANE	22	3	1	1	3	3.973100000000003	83.28880000000005	3	3	1	0
FLUSPIRILENE	35	3	1	1	4	5.305400000000005	134.21269999999996	6	3	1	1
BENFLUOREX	25	3	1	1	3	4.083000000000003	89.33720000000004	6	3	1	0
MAZINDOL	20	3	1	1	3	2.6092000000000017	79.00280000000005	4	3	1	1
MOEXIPRIL_HYDROCHLORIDE	36	7	2	2	9	2.5843	133.00550000000004	9	7	2	0
BROMPHENIRAMINE	19	2	0	0	2	3.9277000000000015	83.39300000000004	3	2	0	1
RIFABUTIN	61	14	5	5	15	4.615720000000004	226.76479999999933	15	14	5	0
FINASTERIDE	27	2	2	2	4	3.8145000000000016	106.84240000000008	4	2	2	0
BACAMPICILLIN_HYDROCHLORIDE	32	9	2	3	10	1.2958000000000005	115.05410000000002	11	9	2	0
DRONABINOL	23	2	1	1	2	5.735800000000006	95.26480000000004	2	2	1	0
BENZOCAINE	12	3	1	2	3	1.4455	46.81090000000002	3	3	1	0
PIPOTHIAZINE	32	6	1	1	6	4.024100000000004	130.3696000000001	8	6	1	1
AZATHIOPRINE	19	8	1	1	9	1.1457999999999997	65.6691	10	8	1	0
FENQUIZONE	22	4	3	4	6	1.8415	83.09710000000003	8	4	3	0
HYDROFLUMETHIAZIDE	20	5	3	4	7	0.0141000000000005	61.6284	12	5	3	0
BEPRIDIL	27	3	0	0	3	4.830200000000005	114.18600000000008	3	3	0	0
REPAGLINIDE	33	4	2	2	6	5.219900000000004	131.11900000000009	6	4	2	0
CLOTHIAPINE	23	4	0	0	3	4.1303000000000045	97.28400000000003	5	4	0	1
METRONIDAZOLE	12	5	1	1	6	0.09201999999999994	40.704200000000014	6	5	1	0
TRIAZOLAM	23	4	0	0	4	4.233520000000002	91.90100000000001	6	4	0	1
HYDRALAZINE_HYDROCHLORIDE	12	4	2	3	4	0.9153999999999998	47.34810000000002	4	4	2	0
PHENTERMINE	11	1	1	2	1	1.9664	48.41240000000003	1	1	1	1
FLUPHENAZINE	30	5	1	1	4	4.308100000000005	113.59780000000003	8	5	1	1
TORSEMIDE	24	5	3	3	7	2.5299200000000006	92.68790000000004	8	5	3	0
THIACETAZONE	16	3	3	4	5	0.8120999999999998	68.26080000000002	6	3	3	0
NORTRIPTYLINE	20	1	1	1	1	3.826400000000003	85.91470000000004	1	1	1	1
FURAZOLIDONE	16	6	0	0	8	0.9739	51.01040000000002	8	6	0	0
ENTACAPONE	22	6	2	2	8	1.7813799999999995	77.94400000000002	8	6	2	1
FLOXACILLIN	30	6	2	2	8	2.6878200000000003	106.62600000000002	11	6	2	0
BEFUNOLOL	21	5	2	2	5	2.3731	80.85900000000005	5	5	2	0
NIMESULIDE	21	5	1	1	7	2.7586000000000013	78.07890000000003	8	5	1	0
PROBUCOL	35	4	2	2	2	9.908299999999997	156.80659999999975	4	4	2	0
SERTINDOLE	31	3	1	1	5	4.627600000000005	121.62970000000007	7	3	1	1
LOVASTATIN	29	5	1	1	5	4.1955000000000044	110.83780000000007	5	5	1	0
METHDILAZINE	21	3	0	0	2	4.241000000000003	89.61700000000003	3	3	0	1
PARAMETHADIONE	11	3	0	0	4	0.7637	37.947	4	3	0	1
MECLIZINE/MECLOZINE	28	2	0	0	2	5.5556200000000056	117.76600000000003	3	2	0	1
TICRYNAFEN	20	4	1	1	4	3.7493000000000016	77.34430000000003	7	4	1	0
CITALOPRAM/ESCITALOPRAM	24	3	0	0	3	3.812980000000003	90.91400000000004	4	3	0	1
PIPEMIDIC	22	7	2	2	8	-0.0807999999999991	81.51400000000002	8	7	2	0
ACETOHYDROXAMIC_ACID	5	2	2	2	3	-0.4882999999999999	15.6032	3	2	2	0
PIZOTIFEN	21	2	0	0	1	4.3742000000000045	90.92200000000004	2	2	0	1
ESTAZOLAM	21	4	0	0	4	3.271700000000002	82.15400000000002	5	4	0	1
ISOXSUPRINE	22	4	3	3	4	2.8712000000000013	87.06330000000004	4	4	3	0
FLUMEQUINE	19	3	1	1	4	2.346	68.15730000000002	5	3	1	0
HYDROXYUREA	5	2	3	4	4	-0.9561000000000002	14.5056	4	2	3	0
BITHIONOL	19	3	2	2	2	5.862600000000001	80.37660000000002	7	3	2	0
FLUNARIZINE	30	2	0	0	2	5.3852000000000055	118.13200000000003	4	2	0	1
DROXIDOPA	15	5	5	6	6	-0.4569000000000003	50.34260000000001	6	5	5	1
CEFIXIME	30	10	4	5	12	-0.5447999999999993	106.53270000000006	14	10	4	0
PIRITREXIM	24	7	2	4	7	2.10562	93.2468	7	7	2	0
LEVODOPA	14	4	4	5	5	0.052199999999999684	49.08680000000001	5	4	4	1
ADINAZOLAM	25	5	0	0	5	3.3333000000000017	99.54500000000002	6	5	0	1
CYCLOBENZAPRINE	21	1	0	0	1	4.553800000000004	92.06200000000004	1	1	0	1
ACEMETACIN	29	6	1	1	7	3.4705200000000014	106.7063	8	6	1	0
TRIFLUOPERAZINE	28	4	0	0	3	4.945600000000004	107.56900000000006	7	4	0	1
TIAPROFENIC	18	3	1	1	3	3.167200000000001	70.24430000000002	4	3	1	0
CHLOROTHIAZIDE	17	5	2	3	7	-0.0608999999999999	61.2987	10	5	2	0
CHLORPROMAZINE	21	3	0	0	2	4.8944000000000045	92.19400000000005	4	3	0	1
INDINAVIR_SULFATE	45	7	4	4	9	2.866900000000002	174.06699999999958	9	7	4	0
BETA-CAROTENE	40	0	0	0	0	12.605799999999974	181.39199999999943	0	0	0	0
ALMITRINE	35	7	2	2	7	4.257200000000003	135.62939999999998	9	7	2	0
ZOTEPINE	22	3	0	0	2	4.880900000000003	94.39400000000003	4	3	0	1
PENICILLIN_V	24	5	2	2	7	0.6970999999999998	87.59550000000004	8	5	2	0
DIAZOXIDE	14	3	1	1	4	1.6818	54.54250000000002	6	3	1	0
FENBUFEN	19	2	1	1	3	3.4011000000000022	73.07830000000004	3	2	1	0
CLOZAPINE	23	4	1	1	4	3.7227000000000015	96.44370000000004	5	4	1	1
TENOFOVIR	19	7	3	4	9	-0.051200000000000134	67.19350000000001	10	7	3	0
LYSURIDE	25	2	2	2	5	2.841400000000001	101.63840000000006	5	2	2	1
PYRANTEL	14	3	0	0	2	2.4953000000000003	62.90200000000004	3	3	0	0
BUTALBITAL	16	3	2	2	5	0.961	58.383400000000016	5	3	2	1
PENTAZOCINE	21	2	1	1	2	3.882600000000003	87.73580000000004	2	2	1	1
TESTOLACTONE	22	3	0	0	3	3.5899000000000028	83.00600000000004	3	3	0	0
CLOFAZIMINE	33	4	1	1	4	7.489800000000005	138.13569999999993	6	4	1	0
DOXOFYLLINE	19	8	0	0	8	-1.1933999999999994	65.90700000000002	8	8	0	0
MEPENZOLATE_BROMIDE	25	3	1	1	4	2.7045000000000003	96.83920000000003	4	3	1	0
MILNACIPRAN	18	2	1	2	3	1.7713999999999996	73.20940000000004	3	2	1	1
THIOPROPERAZINE	30	6	0	0	6	3.177100000000001	123.43980000000006	8	6	0	1
NICLOSAMIDE	21	4	2	2	6	3.8595000000000006	79.17640000000002	8	4	2	0
ETORICOXIB	24	4	0	0	4	4.175920000000003	95.76080000000002	6	4	0	0
ETOZOLIN	19	5	0	0	5	1.4081	74.28900000000003	6	5	0	0
KETOCONAZOLE	36	7	0	0	8	4.205800000000004	137.59599999999992	10	7	0	0
MITOTANE	18	0	0	0	0	5.929000000000002	80.24100000000003	4	0	0	0
VALPROIC_ACID	10	1	1	1	2	2.2874	40.9418	2	1	1	1
RITANSERIN	34	5	0	0	4	5.483020000000005	132.27599999999995	7	5	0	1
CARTEOLOL_HYDROCHLORIDE	21	4	3	3	5	1.6990999999999998	82.65020000000003	5	4	3	0
METHYSERGIDE	26	4	2	2	5	1.9351000000000005	103.81550000000007	5	4	2	1
LOSARTAN_POTASSIUM	30	6	2	2	7	4.266800000000004	115.9235	8	6	2	0
PROPIVERINE	27	4	0	0	4	3.994200000000003	106.51800000000006	4	4	0	0
TREOSULFAN	16	8	2	2	8	-2.3393999999999986	53.60520000000003	10	8	2	0
OXYMORPHONE	22	5	2	2	5	0.7451999999999996	78.13060000000003	5	5	2	1
FLUTOPRAZEPAM	24	2	0	0	3	4.073100000000003	93.43500000000006	5	2	0	1
STANOZOLOL	24	2	2	2	3	4.118100000000003	94.49550000000006	3	2	2	0
CILOSTAZOL	27	6	1	1	7	3.464700000000001	101.76470000000003	7	6	1	0
CEFPODOXIME	28	10	3	4	11	-0.5391999999999986	101.63290000000003	13	10	3	0
SPIRAMYCIN	59	16	4	4	16	2.325100000000007	216.88619999999912	16	16	4	0
NELFINAVIR_MESYLATE	40	6	4	4	7	4.747620000000004	160.5924999999997	8	6	4	0
PENICILLAMINE	9	3	3	3	3	0.10669999999999984	38.67619999999999	4	3	3	0
KETAZOLAM	26	3	0	0	5	3.280100000000002	98.63900000000002	6	3	0	1
PIRAZOLAC	23	3	1	1	4	3.9589000000000025	85.30780000000004	6	3	1	0
ERGOLOID_MESYLATE	42	6	3	3	10	2.5206000000000013	155.83919999999978	10	6	3	1
SOTALOL_HYDROCHLORIDE	18	4	3	3	5	1.0895	73.00700000000005	6	4	3	0
ETHINYL_ESTRADIOL	22	2	2	2	2	3.612600000000002	86.50660000000003	2	2	2	0
MESALAMINE	11	3	3	4	4	0.6726000000000001	39.4785	4	3	3	0
SPIRONOLACTONE	29	5	0	0	4	4.852300000000005	112.21000000000004	5	5	0	0
URSODIOL	28	3	3	3	4	4.477900000000004	108.64740000000008	4	3	3	0
OXCARBAZEPINE	19	2	1	2	4	2.642199999999999	72.64090000000003	4	2	1	1
ETHOTOIN	15	2	1	1	4	1.2994	55.10170000000002	4	2	1	1
FENOFIBRATE	25	4	0	0	4	4.680000000000004	97.26150000000004	5	4	0	0
DEXTROTHYROXINE_SODIUM	24	4	3	4	5	4.5573000000000015	124.806	9	4	3	0
NABUMETONE	17	2	0	0	2	3.370000000000002	69.50200000000004	2	2	0	0
DRONABINOL	23	2	1	1	2	5.7358000000000064	95.26480000000004	2	2	1	1
BISACODYL	27	5	0	0	5	4.112400000000003	100.68400000000004	5	5	0	0
GUANFACINE_HYDROCHLORIDE	15	2	3	4	4	1.5455700000000003	60.22280000000001	6	2	3	0
CYCLOFENIL	27	4	0	0	4	5.303200000000005	104.60900000000004	4	4	0	0
NOVERIL	22	3	0	0	4	2.976300000000001	91.17750000000004	4	3	0	1
GUANADREL_SULFATE	15	3	2	4	5	0.3355999999999998	57.31780000000003	5	3	2	0
PYRIMETHAMINE	17	4	2	4	4	2.5238000000000005	70.68080000000002	5	4	2	0
PAROMOMYCIN_SULFATE	42	19	13	18	19	-8.861700000000015	136.3874	19	19	13	0
BROMODIPHENHYDRAMINE	20	2	0	0	2	4.116700000000003	86.93300000000004	3	2	0	1
NITROFURANTOIN	17	6	1	1	9	0.07349999999999995	53.20110000000002	9	6	1	0
AMOBARBITAL	16	3	2	2	5	1.1849999999999998	58.47740000000002	5	3	2	1
ASPARTAME	21	5	3	4	7	-0.31109999999999954	74.32090000000002	7	5	3	0
NALIDIXIC_ACID	17	4	1	1	5	1.4230200000000002	63.37330000000001	5	4	1	0
PHENFORMIN	15	2	5	6	5	0.2365400000000009	60.92520000000002	5	2	5	0
SAPROPTERIN	17	7	6	7	8	-1.7001999999999995	62.85810000000001	8	7	6	0
PHENELZINE	10	2	2	3	2	0.6924000000000001	42.33610000000001	2	2	2	1
ISOPROTERENOL_HYDROCHLORIDE	15	4	4	4	4	1.1291999999999998	57.870100000000036	4	4	4	0
FLOCTAFENINE	29	6	3	3	6	3.507200000000002	99.84480000000002	9	6	3	0
METHOTREXATE_SODIUM	33	10	5	7	13	0.2684000000000003	118.26160000000006	13	10	5	0
