m_name	m_avg_weigth	n_HBA	n_HBD	n_hetero_atoms	n_strict_rotable_bonds	n_non_strict_rotable_bonds	n_HOH	n_O	n_Hydrogen_acceptors	n_Hydrogen_donnors	is_cns_molecule
BUMETANIDE	344.26300000000015	5	3	8	8	8	4	7	5	3	0
BACLOFEN	201.56799999999998	2	2	4	4	4	3	3	2	2	1
METYRAPONE	212.167	3	0	3	3	3	0	3	3	0	0
METHYLPHENOBARBITAL	232.15400000000002	3	1	5	2	2	1	5	3	1	1
DULOXETINE	278.27099999999996	3	1	3	6	6	1	2	3	1	1
FLUTICASONE	469.3310000000001	6	1	9	4	6	1	5	6	1	0
DIACEREIN	356.20100000000014	7	1	8	3	5	1	8	7	1	0
DOSULEPIN	274.283	2	0	2	3	3	0	1	2	0	1
CAPTOPRIL	202.17	3	2	5	3	4	1	4	3	2	0
PINACIDIL	226.178	3	2	5	2	5	2	5	3	2	0
ZONISAMIDE	204.166	4	1	6	2	2	2	5	4	1	1
GATIFLOXACIN	353.22400000000016	6	2	8	4	4	2	7	6	2	0
HETACILLIN	366.2930000000002	5	2	8	3	3	2	7	5	2	0
BENORILATE	298.189	5	1	6	4	7	1	6	5	1	0
CABERGOLINE	414.3190000000001	4	2	7	8	11	2	7	4	2	1
TANDOSPIRONE	354.2640000000002	6	0	7	6	6	0	7	6	0	0
GRANISETRON	288.225	4	1	5	2	3	1	5	4	1	1
SULFAPHENAZOLE	300.2580000000001	5	2	7	4	4	3	6	5	2	0
TALTIRELIN	382.23100000000017	6	4	12	6	8	5	12	6	4	1
QUINAPRIL	408.28400000000016	5	2	7	9	11	2	7	5	2	0
QUETIAPINE	358.3170000000002	6	1	6	5	6	1	5	6	1	1
LORCAINIDE	343.70800000000014	2	0	4	5	6	0	3	2	0	0
PIPERACETAZINE	380.3430000000001	5	1	5	7	7	1	4	5	1	1
CODEINE	278.20199999999994	4	1	4	1	1	1	4	4	1	1
THIABENDAZOLE	194.198	3	1	4	1	1	1	3	3	1	0
ALTRETAMINE	192.141	6	0	6	3	3	0	6	6	0	0
OXILOFRINE	166.11499999999995	3	3	3	3	3	3	3	3	3	0
METHANTHELINE_BROMIDE	314.235	3	0	4	6	7	0	4	3	0	0
TIAGABINE	350.35900000000015	4	1	5	6	6	1	3	4	1	1
THIOGUANINE	162.157	4	3	6	0	0	4	5	4	3	0
PIRACETAM	132.07799999999997	2	1	4	2	2	2	4	2	1	1
SUFENTANIL	356.32100000000014	4	0	5	8	9	0	4	4	0	1
FUSIDIC	468.3350000000003	5	3	6	5	6	3	6	5	3	0
CARVEDILOL	380.27400000000017	5	3	6	10	10	3	6	5	3	0
OXAPROZIN	278.202	3	1	4	5	5	1	4	3	1	0
RANITIDINE_BISMUTH_CITRATE	292.23500000000007	7	2	8	10	10	2	7	7	2	0
METHOXSALEN	208.128	4	0	4	1	1	0	4	4	0	0
GABAPENTIN	154.10399999999996	2	2	3	3	3	3	3	2	2	1
DEXPANTHENOL	186.102	4	4	5	6	7	4	5	4	4	0
OXIRACETAM	148.07699999999997	3	2	5	2	2	3	5	3	2	1
VENLAFAXINE	250.19199999999992	3	1	3	5	5	1	3	3	1	1
SULFOXONE_SODIUM	388.36300000000017	6	4	11	8	8	4	8	6	4	0
TALINOLOL	330.2380000000001	4	4	6	7	10	4	6	4	4	0
METHADONE	282.237	2	0	2	7	7	0	2	2	0	1
EDETATE_CALCIUM_DISODIUM	276.116	6	4	10	11	11	4	10	6	4	0
ZOPICLONE	371.67900000000014	7	0	10	2	4	0	9	7	0	1
MOXIFLOXACIN_HYDROCHLORIDE	377.24600000000015	6	2	8	4	4	2	7	6	2	0
DESMOPRESSIN	1004.7259999999992	15	14	28	19	23	18	26	15	14	0
PHENMETRAZINE	162.12699999999995	2	1	2	1	1	1	2	2	1	1
PAMIDRONATE	223.981	4	6	10	4	4	7	8	4	6	0
CEFACLOR	353.70200000000017	5	3	9	4	5	4	7	5	3	0
CARBOCYSTEINE	170.12499999999997	4	3	6	5	5	4	5	4	3	0
PENFLURIDOL	496.75700000000006	2	1	8	7	8	1	2	2	1	1
TRAZODONE	349.69600000000014	6	0	7	5	5	0	6	6	0	1
OLMESARTAN	528.3550000000004	11	2	12	10	11	2	12	11	2	0
ZAFIRLUKAST	542.4230000000001	7	2	10	8	11	2	9	7	2	0
VORICONAZOLE	335.20400000000006	6	1	9	5	5	1	6	6	1	0
DROSPIRENONE	336.26100000000014	3	0	3	0	0	0	3	3	0	0
METHYLPHENIDATE	214.15900000000002	3	1	3	3	4	1	3	3	1	1
TETRABENAZINE	290.213	4	0	4	4	4	0	4	4	0	1
MIDAZOLAM	312.67	3	0	5	1	1	0	3	3	0	1
DISOPYRAMIDE	310.2510000000001	3	1	4	8	8	2	4	3	1	0
EFAVIRENZ	306.60600000000005	2	1	7	0	1	1	3	2	1	0
NORGESTREL	284.2290000000001	2	1	2	1	1	1	2	2	1	0
FLURAZEPAM	364.702	3	0	6	6	6	0	4	3	0	1
OMEPRAZOLE	326.2720000000001	5	1	7	5	5	1	6	5	1	0
NIACIN	118.07099999999998	2	1	3	1	1	1	3	2	1	0
VOGLIBOSE	246.11	8	8	8	5	5	8	8	8	8	0
TRANDOLAPRIL	396.27300000000014	5	2	7	9	11	2	7	5	2	0
AMINOGLUTETHIMIDE	216.155	3	2	4	2	2	3	4	3	2	0
TAMOXIFEN	342.2920000000001	2	0	2	8	8	0	2	2	0	0
QUINETHAZONE	277.64799999999997	4	3	8	2	2	4	6	4	3	0
DESFLURANE	166.01999999999995	1	0	7	2	3	0	1	1	0	1
ATOVAQUONE	347.6920000000002	3	1	4	2	2	1	3	3	1	0
NIZATIDINE	310.2990000000001	8	2	9	10	10	2	7	8	2	0
TERBUTALINE_SULFATE	206.136	4	4	4	3	4	4	4	4	4	0
PROGLUMIDE	308.20800000000014	3	2	6	10	12	2	6	3	2	0
FLUPREDNISOLONE	351.22400000000016	5	3	6	2	2	3	5	5	3	0
ISOXICAM	322.23700000000014	6	2	9	2	3	2	8	6	2	0
BROMPERIDOL	397.13800000000003	3	1	5	6	6	1	3	3	1	1
METHAMPHETAMINE	134.11700000000002	1	1	1	3	3	1	1	1	1	1
FAMCICLOVIR	302.18500000000006	9	1	9	7	9	2	9	9	1	0
SAQUINAVIR	620.455	7	5	11	12	16	6	11	7	5	0
LEVOCETIRIZINE	363.69500000000016	4	1	6	8	8	1	5	4	1	0
BUTIZIDE	337.725	5	3	10	3	3	4	7	5	3	0
AMPHETAMINE	122.10599999999998	1	1	1	2	2	2	1	1	1	1
PHENYL_AMINOSALICYLATE	218.147	4	2	4	2	3	3	4	4	2	0
DICHLORPHENAMIDE	299.1160000000001	4	2	10	2	2	4	6	4	2	0
ISONIAZID	130.08599999999998	3	2	4	1	2	3	4	3	2	0
TRIPELENNAMINE	234.197	3	0	3	6	6	0	3	3	0	1
AMODIAQUINE	333.6930000000001	4	2	5	6	6	2	4	4	2	0
NITROGLYCERIN	222.045	9	0	12	8	8	0	12	9	0	0
SALICYLAMIDE	130.082	2	2	3	1	1	3	3	2	2	0
HEXOPRENALINE	388.25000000000017	8	8	8	13	13	8	8	8	8	0
AMLODIPINE_BESYLATE	383.6820000000001	7	2	8	8	10	3	7	7	2	0
ALPRENOLOL	226.17	3	2	3	8	8	2	3	3	2	0
CARPIPRAMINE	408.33500000000015	4	1	5	6	6	2	5	4	1	1
ASCORBIC	168.05999999999997	6	4	6	2	2	4	6	6	4	0
MEDROXYPROGESTERONE	312.2390000000001	3	1	3	1	1	1	3	3	1	0
DEXTROMETHORPHAN	246.20399999999992	2	0	2	1	1	0	2	2	0	1
ETIZOLAM	327.73500000000007	5	0	6	2	2	0	4	5	0	1
THYMOXAMINE	254.17999999999995	4	0	4	6	7	0	4	4	0	0
MECLOFENAMATE_SODIUM	285.06499999999994	2	2	5	3	3	2	3	2	2	0
BUSPIRONE	354.2640000000002	6	0	7	6	6	0	7	6	0	1
ZOTEPINE	313.72399999999993	3	0	4	4	4	0	2	3	0	1
BUTORPHANOL	298.2360000000001	3	2	3	2	2	2	3	3	2	1
RALOXIFENE_HYDROCHLORIDE	446.37800000000016	6	2	6	7	7	2	5	6	2	0
SULFAPYRIDINE	238.207	4	2	6	3	3	3	5	4	2	0
DANAZOL	310.24700000000007	3	1	3	0	0	1	3	3	1	0
LERCANIDIPINE	570.4110000000003	8	1	9	12	14	1	9	8	1	0
RECAINAM	238.185	2	3	4	6	8	3	4	2	3	0
FELBINAC	200.15200000000002	1	1	2	3	3	1	2	1	1	0
VINCAMINE	328.24200000000013	5	1	5	2	3	1	5	5	1	0
CHLORAMPHENICOL_PALMITATE	519.2110000000001	6	2	10	21	23	2	8	6	2	0
IRBESARTAN	400.31600000000014	5	1	7	7	7	1	7	5	1	0
CEFUROXIME_AXETIL	488.3050000000004	12	2	15	9	13	3	14	12	2	0
ALBENDAZOLE	250.218	4	2	6	4	6	2	5	4	2	0
ALCLOFENAC	215.571	2	1	4	5	5	1	3	2	1	0
PHENSUXIMIDE	178.12599999999995	2	0	3	1	1	0	3	2	0	1
ANILERIDINE	324.25400000000013	4	1	4	6	7	2	4	4	1	1
DICYCLOMINE_HYDROCHLORIDE	274.21399999999994	3	0	3	7	8	0	3	3	0	0
FOSAMPRENAVIR	549.3280000000002	8	4	14	13	15	5	12	8	4	0
BAMIFYLLINE	358.2520000000002	8	1	8	8	8	1	8	8	1	0
SULFISOXAZOLE	254.206	5	2	7	3	3	3	6	5	2	0
OXYPHENONIUM_BROMIDE	314.235	3	1	4	8	9	1	4	3	1	0
CISAPRIDE_MONOHYDRATE	436.7210000000002	6	2	9	9	10	3	7	6	2	0
MINOXIDIL	194.13299999999998	6	3	6	1	1	4	6	6	3	0
MENADIOL	164.11899999999997	2	2	2	0	0	2	2	2	2	0
STIRIPENTOL	216.15099999999995	3	1	3	2	3	1	3	3	1	1
FLECAINIDE_ACETATE	394.18600000000015	4	2	11	7	10	2	5	4	2	0
PAROXETINE	309.211	4	1	5	4	4	1	4	4	1	1
ENPROFYLLINE	184.114	4	2	6	2	2	2	6	4	2	0
NYSTATIN	850.5069999999997	17	12	18	3	3	13	18	17	12	0
NITRENDIPINE	340.20600000000013	7	1	8	5	7	1	8	7	1	0
CARBAZOCHROME	224.135	5	3	7	1	2	4	7	5	3	0
MELITRACEN	266.23799999999994	1	0	1	3	3	0	1	1	0	1
PRAZOSIN	362.2400000000002	8	1	9	4	5	2	9	8	1	0
ENALAPRIL	348.22900000000016	5	2	7	9	11	2	7	5	2	0
SALSALATE	248.149	4	2	5	3	4	2	5	4	2	0
PRALIDOXIME_CHLORIDE	128.08999999999997	2	1	3	1	1	1	3	2	1	0
METHOCARBAMOL	226.123	5	2	6	6	7	3	6	5	2	1
OSELTAMIVIR_PHOSPHATE	284.186	5	2	6	7	9	3	6	5	2	0
AMINOPHYLLINE	172.10299999999995	5	1	6	0	0	1	6	5	1	1
CARBENOXOLONE	520.3670000000004	5	2	7	5	6	2	7	5	2	0
DEXRAZOXANE	252.145	6	2	8	3	3	2	8	6	2	0
METHACYCLINE_HYDROCHLORIDE	420.24800000000016	9	6	10	2	2	7	10	9	6	0
INDOMETHACIN	341.66500000000013	4	1	6	4	5	1	5	4	1	0
BOSENTAN	522.3930000000004	10	2	12	10	11	2	11	10	2	0
PROPICILLIN	356.27400000000017	5	2	8	6	7	2	7	5	2	0
MIGLITOL	190.09	6	5	6	3	3	5	6	6	5	0
BENZTHIAZIDE	417.8360000000001	6	2	11	5	5	3	7	6	2	0
PRAMIPEXOLE	194.19799999999998	4	2	4	3	3	3	3	4	2	1
VALSARTAN	406.29600000000016	5	2	8	10	11	2	8	5	2	0
MENADIOL_SODIUM_DIPHOSPHATE	244.161	4	0	4	2	4	0	4	4	0	0
CLOBUTINOL	233.613	2	1	3	5	5	1	2	2	1	0
CLOPIDOGREL_BISULFATE	305.701	4	0	5	3	4	0	3	4	0	0
ROXITHROMYCIN	760.45	17	5	17	13	13	5	17	17	5	0
INDELOXAZINE	214.159	3	1	3	3	3	1	3	3	1	1
GLYCERIN	84.03	3	3	3	2	2	3	3	3	3	0
CHLORAZEPATE	303.6400000000001	3	2	6	2	2	2	5	3	2	1
SORIVUDINE	336.03300000000013	7	4	9	3	3	4	8	7	4	0
CANDESARTAN	332.23000000000013	6	1	6	1	1	1	6	6	1	0
NALBUPHINE	330.2340000000001	5	3	5	2	2	3	5	5	3	1
TOPIRAMATE	318.1980000000001	8	1	10	3	3	2	9	8	1	1
CHLORPHENESIN	191.549	3	2	4	4	4	2	3	3	2	1
PENTAERYTHRITOL	308.071	12	0	16	12	12	0	16	12	0	0
TROPISETRON	264.199	3	1	4	2	3	1	4	3	1	1
HYDROCORTISONE_CYPIONATE	444.31300000000033	6	2	6	6	7	2	6	6	2	0
SULPIRIDE	318.249	5	2	8	6	7	3	7	5	2	1
NIFURTIMOX	274.193	7	0	9	3	3	0	8	7	0	0
SULFACYTINE	280.224	6	2	8	4	4	3	7	6	2	0
DAPSONE	236.21099999999998	4	2	5	2	2	4	4	4	2	0
RIBAVIRIN	232.111	8	4	9	3	3	5	9	8	4	0
ETRETINATE	324.25000000000006	3	0	3	7	8	0	3	3	0	0
DICUMAROL	324.2030000000001	6	2	6	2	2	2	6	6	2	0
BROMFENAC	322.073	3	2	5	4	4	3	4	3	2	0
ACETYLCYSTEINE	154.12599999999995	3	3	5	3	4	2	4	3	3	0
ABACAVIR_SULFATE	268.19499999999994	7	3	7	4	4	4	7	7	3	0
DEXAMETHASONE	363.23500000000007	5	3	6	2	2	3	5	5	3	1
DOXEPIN	258.2149999999999	2	0	2	3	3	0	2	2	0	1
LACIDIPINE	422.28700000000015	7	1	7	7	11	1	7	7	1	0
CLOFIBRATE	227.582	3	0	4	4	5	0	3	3	0	0
STAVUDINE	212.12	5	2	6	2	2	2	6	5	2	0
PIPERAZINE_CITRATE	76.05799999999998	2	2	2	0	0	2	2	2	2	0
VITAMIN_A_PALMITATE	464.3940000000004	2	0	2	20	21	0	2	2	0	0
PHENOXYBENZAMINE_HYDROCHLORIDE	281.6570000000001	2	0	3	8	8	0	2	2	0	0
MELPERONE	241.17999999999995	2	0	3	5	5	0	2	2	0	1
ALFENTANIL	384.27000000000015	8	0	9	9	10	0	9	8	0	1
CLENBUTEROL	259.051	3	3	5	3	4	4	3	3	3	0
RILUZOLE	229.16199999999995	4	1	7	1	2	2	3	4	1	0
PHENINDAMINE	242.21599999999992	1	0	1	1	1	0	1	1	0	1
ETHIONAMIDE	156.16899999999995	2	1	3	2	2	2	2	2	1	0
ETHOPROPAZINE	288.29	3	0	3	5	5	0	2	3	0	1
BENZONATATE	550.3260000000004	12	1	12	32	33	1	12	12	1	0
DIPIPANONE	318.2700000000001	2	0	2	7	7	0	2	2	0	1
BROMHEXINE	355.97600000000017	2	1	4	3	3	2	2	2	1	0
METHAZOLAMIDE	228.21400000000003	6	1	9	1	2	2	7	6	1	0
PHENYLBUTAZONE	288.221	2	0	4	5	5	0	4	2	0	0
ACECAINIDE	254.184	3	2	5	7	9	2	5	3	2	0
BUSULFAN	232.194	6	0	8	7	7	0	6	6	0	0
QUINACRINE	369.72600000000017	4	1	5	9	9	1	4	4	1	0
ACETOPHENAZINE	382.33900000000017	6	1	6	7	7	1	5	6	1	1
SEMATILIDE	290.2390000000001	4	2	7	8	9	2	6	4	2	0
FOSFOMYCIN_TROMETHAMINE	131.003	2	2	5	1	1	2	4	2	2	0
PYRIDOSTIGMINE_BROMIDE	168.11099999999996	2	0	4	1	3	0	4	2	0	0
THIAMPHENICOL	341.10699999999997	5	3	9	6	7	3	6	5	3	0
TRAMADOL	238.18099999999995	3	1	3	4	4	1	3	3	1	1
QUAZEPAM	375.713	2	0	8	2	3	0	2	2	0	1
ITRACONAZOLE	667.3430000000002	12	0	14	11	11	0	12	12	0	0
METAXALONE	206.136	3	1	4	3	3	1	4	3	1	1
SULTAMICILLIN	564.4280000000002	11	2	15	7	10	3	13	11	2	0
TRIMIPRAMINE	268.23400000000004	2	0	2	4	4	0	2	2	0	1
LEVAMISOLE_HYDROCHLORIDE	192.202	3	0	3	1	1	0	2	3	0	0
CANDESARTAN_CILEXETIL	576.3990000000002	11	1	12	10	13	1	12	11	1	0
ALMOTRIPTAN	310.273	3	1	6	6	6	1	5	3	1	1
ATENOLOL	244.165	4	3	5	8	8	4	5	4	3	0
BETHANECHOL_CHLORIDE	144.089	2	1	4	3	4	2	4	2	1	0
BENZNIDAZOLE	248.157	5	1	7	5	6	1	7	5	1	0
TILIDINE	250.19199999999995	3	0	3	4	5	0	3	3	0	1
NEFAZODONE	437.76100000000014	7	0	8	10	10	0	7	7	0	1
INDAPAMIDE	349.71400000000006	4	2	8	3	4	3	6	4	2	0
OXYPHENCYCLIMINE_HYDROCHLORIDE	316.23100000000005	5	1	5	5	6	1	5	5	1	0
CHLORAMPHENICOL	311.03600000000006	5	3	9	6	7	3	7	5	3	0
TOLOXATONE	194.125	3	1	4	2	2	1	4	3	1	1
FLEROXACIN	351.19900000000007	5	1	9	4	4	1	6	5	1	0
DYPHYLLINE	240.13400000000001	8	2	8	3	3	2	8	8	2	0
VIGABATRIN	118.07099999999998	2	2	3	4	4	3	3	2	2	1
GLYBURIDE	465.78900000000016	5	3	10	8	11	3	8	5	3	0
CYCLOBENZAPRINE_HYDROCHLORIDE	254.22699999999992	1	0	1	3	3	0	1	1	0	0
COCAINE	282.18999999999994	5	0	5	3	5	0	5	5	0	1
CINNARIZINE	340.3000000000001	2	0	2	6	6	0	2	2	0	1
CEPHALEXIN	330.2600000000001	5	3	8	4	5	4	7	5	3	0
ORPHENADRINE	246.20399999999995	2	0	2	6	6	0	2	2	0	1
DIDANOSINE	224.135	6	2	7	2	2	2	7	6	2	0
OPIPRAMOL	334.27300000000014	4	1	4	6	6	1	4	4	1	1
THALIDOMIDE	248.153	4	1	6	1	1	1	6	4	1	1
ZOLPIDEM	286.2290000000001	3	0	4	3	4	0	4	3	0	1
PERINDOPRIL_ERBUMINE	336.21800000000013	5	2	7	8	10	2	7	5	2	0
NITISINONE	319.1499999999998	5	0	9	3	4	0	6	5	0	0
CHLORMEZANONE	261.645	3	0	6	1	1	0	4	3	0	1
ARIPIPRAZOLE	421.17800000000017	4	1	7	7	7	1	5	4	1	1
BENOXAPROFEN	289.6330000000001	3	1	5	3	3	1	4	3	1	0
BENZTROPINE	282.237	2	0	2	4	4	0	2	2	0	1
AMPRENAVIR	470.3570000000003	7	3	10	11	13	4	9	7	3	0
MORPHINE	266.1909999999999	4	2	4	0	0	2	4	4	2	1
RIVASTIGMINE	228.166	3	0	4	4	6	0	4	3	0	1
LISINOPRIL	374.2470000000001	5	4	8	12	13	5	8	5	4	0
PROMAZINE	264.268	3	0	3	4	4	0	2	3	0	1
ZOMEPIRAC	277.622	3	1	5	4	4	1	4	3	1	0
CLOMIPRAMINE	291.67599999999993	2	0	3	4	4	0	2	2	0	1
MYCOPHENOLATE	300.1810000000001	5	2	6	6	6	2	6	5	2	0
TOLMETIN_SODIUM	242.16899999999995	3	1	4	4	4	1	4	3	1	0
MODAFINIL	258.237	2	1	4	5	5	2	3	2	1	1
METHIMAZOLE	108.125	2	1	3	0	0	1	2	2	1	0
LOFEPRAMINE	391.7520000000002	3	0	4	7	7	0	3	3	0	1
INDECAINIDE_HYDROCHLORIDE	284.233	2	2	3	6	6	3	3	2	2	0
NITRAZEPAM	270.183	4	1	6	2	2	1	6	4	1	1
ENCAINIDE	324.25400000000013	3	1	4	6	7	1	4	3	1	0
CEFPROZIL	370.2810000000002	6	4	9	5	6	5	8	6	4	0
FLUORESCEIN	320.2150000000001	5	2	5	0	0	2	5	5	2	0
ANIRACETAM	206.136	3	0	4	2	3	0	4	3	0	1
HALOPERIDOL	352.68700000000007	3	1	5	6	6	1	3	3	1	1
DIAMORPHINE	346.2330000000002	6	0	6	2	4	0	6	6	0	1
CARBIDOPA	212.12	5	5	6	4	4	6	6	5	5	0
NORFLOXACIN	301.192	5	2	7	3	3	2	6	5	2	0
BENTIROMIDE	384.26200000000017	4	4	7	7	9	4	7	4	4	0
TRIFLUPROMAZINE	333.273	3	0	6	4	5	0	2	3	0	1
ERGOCALCIFEROL	352.30700000000013	1	1	1	5	5	1	1	1	1	0
FLUCONAZOLE	294.18	7	1	9	5	5	1	7	7	1	0
WARFARIN_SODIUM	292.2050000000001	4	1	4	4	4	1	4	4	1	0
TERAZOSIN	362.2400000000002	8	1	9	4	5	2	9	8	1	0
TACROLIMUS	734.4789999999998	12	3	13	7	7	3	13	12	3	0
DIPHEMANIL_METHYLSULFATE	254.22699999999992	0	0	1	2	2	0	1	0	0	0
BIPERIDEN	282.237	2	1	2	5	5	1	2	2	1	1
SUCCIMER	176.17399999999995	4	4	6	3	3	2	4	4	4	0
ALENDRONATE_SODIUM	235.99200000000002	4	6	10	5	5	7	8	4	6	0
AZANIDAZOLE	236.15	7	1	8	3	3	2	8	7	1	0
DICLOFENAC	285.06499999999994	2	2	5	4	4	2	3	2	2	1
CLOBAZAM	287.64099999999996	2	0	5	1	1	0	4	2	0	1
OXAMNIQUINE	258.172	5	3	6	5	5	3	6	5	3	0
AMTOLMETIN	396.27300000000014	6	1	7	8	10	1	7	6	1	0
FELODIPINE	365.10700000000014	5	1	7	4	6	1	5	5	1	0
LAMOTRIGINE	249.04	5	2	7	1	1	4	5	5	2	1
DONEPEZIL	350.26800000000014	4	0	4	6	6	0	4	4	0	1
CLEMASTINE	317.69000000000005	2	0	3	6	6	0	2	2	0	1
ETHCHLORVYNOL	135.529	1	1	2	2	2	1	1	1	1	1
TRIPROLIDINE	256.2229999999999	2	0	2	4	4	0	2	2	0	1
PERINDOPRILAT	312.196	4	3	7	7	8	3	7	4	3	0
LOPERAMIDE_HYDROCHLORIDE	443.78400000000033	3	1	5	7	8	1	4	3	1	0
CEFDITOREN	488.4470000000002	11	3	14	7	8	4	11	11	3	0
DEXMEDETOMIDINE	184.157	1	1	2	2	2	1	2	1	1	1
PANTOPRAZOLE	368.25600000000014	6	1	10	7	7	1	7	6	1	0
CLONIDINE	221.026	3	2	5	1	2	2	3	3	2	1
BEPOTASTINE	363.69500000000016	4	1	6	8	8	1	5	4	1	0
LOPRAZOLAM	443.7450000000002	7	0	10	3	3	0	9	7	0	1
SULFADIAZINE	240.203	5	2	7	3	3	3	6	5	2	0
ANTAZOLINE	246.208	3	1	3	5	5	1	3	3	1	0
AZARIBINE	354.16600000000005	11	1	12	5	8	1	12	11	1	0
TINIDAZOLE	234.172	6	0	8	5	5	0	7	6	0	0
LEVETIRACETAM	156.1	2	1	4	3	3	2	4	2	1	1
ATOMOXETINE	234.19299999999998	2	1	2	6	6	1	2	2	1	1
NABILONE	336.26100000000014	3	1	3	6	6	1	3	3	1	1
LOXAPINE	309.67099999999994	4	0	5	0	1	0	4	4	0	1
VALACYCLOVIR_HYDROCHLORIDE	304.1810000000001	9	3	10	7	8	5	10	9	3	0
TALIPEXOLE	194.19799999999998	4	1	4	2	2	2	3	4	1	1
DIETHYLCARBAMAZINE_CITRATE	178.12999999999997	2	0	4	2	4	0	4	2	0	0
THEOPHYLLINE	172.10299999999995	5	1	6	0	0	1	6	5	1	1
RITODRINE_HYDROCHLORIDE	266.1909999999999	4	4	4	6	6	4	4	4	4	0
ACECLOFENAC	341.0850000000001	4	2	7	6	7	2	5	4	2	0
TOLBUTAMIDE	252.20999999999995	3	2	6	5	7	2	5	3	2	0
PROPYPHENAZONE	212.167	3	0	3	2	2	0	3	3	0	0
DIPYRONE	294.2270000000001	6	1	8	4	4	1	7	6	1	0
SPARFLOXACIN	370.23000000000013	6	3	9	3	3	4	7	6	3	0
ORLISTAT	442.32100000000025	5	1	6	23	24	1	6	5	1	0
ACARBOSE	602.2640000000004	19	14	19	9	9	14	19	19	14	0
BENZPHETAMINE	218.19400000000002	1	0	1	5	5	0	1	1	0	1
PERICYAZINE	342.3180000000001	5	1	5	4	4	1	4	5	1	1
ANAGRELIDE_HYDROCHLORIDE	249.03599999999997	3	1	6	0	0	1	4	3	1	0
METAPROTERENOL	194.125	4	4	4	4	4	4	4	4	4	0
RAMIPRIL	384.26200000000017	5	2	7	9	11	2	7	5	2	0
CIPROFLOXACIN	313.2030000000001	5	2	7	3	3	2	6	5	2	0
THIETHYLPERAZINE	370.39700000000016	5	0	5	6	6	0	3	5	0	1
MIZORIBINE	246.114	8	5	9	3	3	6	9	8	5	0
OLANZAPINE	292.2820000000001	5	1	5	0	1	1	4	5	1	1
PEROSPIRONE	396.3460000000002	6	0	7	6	6	0	6	6	0	1
SPIRAPRIL	436.38500000000016	7	2	9	9	11	2	7	7	2	0
DESLORATADINE	291.676	2	1	3	0	0	1	2	2	1	0
IOFLUPANE	281.201	3	0	4	5	6	0	3	3	0	1
METOLAZONE	349.71400000000006	4	2	8	2	2	3	6	4	2	0
DIGOXIN	716.4370000000004	14	6	14	7	7	6	14	14	6	0
ACEBUTOLOL	308.20800000000014	5	3	6	10	11	3	6	5	3	0
DOXAPRAM	348.27600000000007	3	0	4	6	6	0	4	3	0	1
COLISTIN_SULFATE	1056.6709999999994	18	18	29	28	32	23	29	18	18	0
PHENYTOIN	240.17700000000002	2	2	4	2	2	2	4	2	2	1
ATORVASTATIN_CALCIUM	523.3700000000003	5	4	8	12	13	4	7	5	4	0
SULFASALAZINE	384.2880000000001	7	3	10	6	6	3	9	7	3	0
LAMIVUDINE	218.173	7	2	7	2	2	3	6	7	2	0
CYCLOTHIAZIDE	373.75800000000015	5	3	10	2	2	4	7	5	3	0
BROMAZEPAM	306.078	3	1	5	1	1	1	4	3	1	1
LETROZOLE	274.222	5	0	5	3	3	0	5	5	0	0
MERCAPTOPURINE	148.15	3	2	5	0	0	2	4	3	2	0
TOLCAPONE	262.15599999999995	5	2	6	3	3	2	6	5	2	1
THIOPROPAZATE	417.79200000000014	6	0	7	7	8	0	5	6	0	1
FLUFENAMIC	271.1529999999999	2	2	6	3	4	2	3	2	2	0
CHLOMETHIAZOLE	153.593	2	0	3	2	2	0	1	2	0	1
DROPERIDOL	357.25900000000007	4	1	6	6	6	1	5	4	1	1
NALMEFENE	314.23500000000007	4	2	4	2	2	2	4	4	2	1
ALFACALCIDOL	356.29500000000013	2	2	2	6	6	2	2	2	2	0
PRIFINIUM	278.249	0	0	1	4	4	0	1	0	0	0
BETAXOLOL_HYDROCHLORIDE	278.202	4	2	4	11	11	2	4	4	2	0
ISOTRETINOIN	272.218	1	1	2	5	5	1	2	1	1	0
SCOPOLAMINE	282.19	5	1	5	4	5	1	5	5	1	1
EMTRICITABINE	237.171	7	2	8	2	2	3	6	7	2	0
PROPYLTHIOURACIL	160.15699999999995	2	2	4	2	2	2	3	2	2	0
FLUNITRAZEPAM	301.19199999999995	4	0	7	2	2	0	6	4	0	1
URACIL_MUSTARD	241.013	3	2	7	5	5	2	5	3	2	0
DEFERIPRONE	130.08199999999997	3	1	3	0	0	1	3	3	1	0
DOXYCYCLINE	420.24800000000033	9	6	10	2	2	7	10	9	6	0
ISOSORBIDE_MONONITRATE	182.067	6	1	7	2	2	1	7	6	1	0
VALGANCICLOVIR_HYDROCHLORIDE	332.1910000000001	10	4	11	8	9	6	11	10	4	0
MELOXICAM	338.30500000000006	6	2	9	2	3	2	7	6	2	0
PROMETHAZINE	264.268	3	0	3	3	3	0	2	3	0	1
ZATEBRADINE	420.2950000000001	6	0	7	11	11	0	7	6	0	0
NICOTINE	148.12399999999997	2	0	2	1	1	0	2	2	0	1
TEMAZEPAM	287.64099999999996	3	1	5	1	1	1	4	3	1	1
PERPHENAZINE	377.7710000000001	5	1	6	6	6	1	4	5	1	1
TRIENTINE_HYDROCHLORIDE	128.094	4	4	4	7	7	6	4	4	4	0
FUROSEMIDE	319.66100000000006	5	3	9	5	5	4	7	5	3	0
AMIODARONE_HYDROCHLORIDE	616.0870000000002	4	0	6	11	11	0	4	4	0	0
TICLOPIDINE_HYDROCHLORIDE	249.68099999999995	2	0	3	2	2	0	1	2	0	0
SULFAMETER	268.21299999999997	6	2	8	4	4	3	7	6	2	0
PHENPROCOUMON	264.19499999999994	3	1	3	3	3	1	3	3	1	0
PROTOKYLOL_HYDROCHLORIDE	310.2000000000001	6	4	6	6	6	4	6	6	4	0
MOLINDONE	252.188	3	1	4	3	3	1	4	3	1	1
HOMATROPINE_METHYLBROMIDE	346.09500000000014	3	1	5	3	4	1	4	3	1	0
ESTROPIPATE	328.2600000000001	4	1	6	2	2	1	5	4	1	0
NEVIRAPINE	252.192	4	1	5	1	1	1	5	4	1	0
DILOXANIDE	225.01	2	1	5	2	3	1	3	2	1	0
DEXTROMORAMIDE	360.28700000000015	3	0	4	6	7	0	4	3	0	1
FLUVASTATIN_SODIUM	385.26500000000016	4	3	6	8	8	3	5	4	3	0
FOSINOPRIL_SODIUM	517.3040000000004	6	1	9	14	16	1	8	6	1	0
TILUDRONATE_DISODIUM	309.5390000000001	3	4	10	4	4	4	6	3	4	0
VILOXAZINE	218.14700000000002	4	1	4	5	5	1	4	4	1	1
NALTREXONE	318.22300000000007	5	2	5	2	2	2	5	5	2	1
BICALUTAMIDE	416.26700000000017	5	2	11	5	7	2	6	5	2	0
MEPARTRICIN	1040.6439999999993	21	12	21	10	11	14	21	21	12	0
IVERMECTIN	800.5139999999999	14	3	14	8	8	3	14	14	3	0
CIPROFIBRATE	275.046	2	1	5	4	4	1	3	2	1	0
LIOTHYRONINE	638.8800000000001	4	3	8	5	5	4	5	4	3	0
FLUVOXAMINE	297.17099999999994	4	1	7	9	10	2	4	4	1	1
DIFLUNISAL	242.136	2	2	5	2	2	2	3	2	2	0
IDARUBICIN	470.28400000000033	10	5	10	3	3	6	10	10	5	0
SIBUTRAMINE	253.64700000000002	1	0	2	5	5	0	1	1	0	1
ALLOPURINOL	132.082	3	2	5	0	0	2	5	3	2	0
GLICLAZIDE	302.25000000000006	4	2	7	3	5	2	6	4	2	0
SORBINIL	227.13	3	2	6	0	0	2	5	3	2	0
LEUCOVORIN	450.26200000000017	10	7	14	10	11	8	14	10	7	0
CILAZAPRIL	386.25800000000015	6	2	8	8	9	2	8	6	2	0
SULFISOXAZOLE_ACETYL	294.2270000000001	6	1	8	3	4	2	7	6	1	0
REMOXIPRIDE	348.09099999999995	4	1	6	6	7	1	5	4	1	1
BETHANIDINE_SULFATE	162.13099999999997	1	2	3	2	4	2	3	1	2	0
SULFAMETHOXAZOLE	242.195	5	2	7	3	3	3	6	5	2	0
DOLASETRON	304.22	4	1	5	2	3	1	5	4	1	1
NOVOBIOCIN_SODIUM	576.3440000000003	11	5	13	8	10	6	13	11	5	0
XYLOSE	140.04999999999998	5	4	5	4	4	4	5	5	4	0
BENPERIDOL	357.25900000000007	4	1	6	6	6	1	5	4	1	1
THIORIDAZINE	344.37900000000013	4	0	4	4	4	0	2	4	0	1
PHENOLPHTHALEIN	304.216	4	2	4	2	2	2	4	4	2	0
AMISULPRIDE	342.271	6	2	8	7	8	3	7	6	2	1
SUCRALFATE	948.6220000000003	27	8	43	20	20	8	35	27	8	0
TROLEANDOMYCIN	746.4430000000001	16	0	16	9	12	0	16	16	0	0
BISOPROLOL_FUMARATE	294.201	5	2	5	12	12	2	5	5	2	0
MIDODRINE_HYDROCHLORIDE	236.142	5	3	6	6	7	4	6	5	3	0
EMEPRONIUM	254.22699999999992	0	0	1	6	6	0	1	0	0	0
HALAZEPAM	340.647	2	0	7	2	3	0	3	2	0	1
SETIPTILINE	242.21599999999992	1	0	1	0	0	0	1	1	0	1
METHYLERGONOVINE	314.2390000000001	3	3	5	4	5	3	5	3	3	0
PROCHLORPERAZINE	349.76100000000014	4	0	5	4	4	0	3	4	0	1
IOMAZENIL	397.087	5	0	7	2	3	0	6	5	0	1
CLONAZEPAM	305.63599999999997	4	1	7	2	2	1	6	4	1	1
FLUMAZENIL	289.181	5	0	7	2	3	0	6	5	0	1
ANISINDIONE	240.173	3	0	3	2	2	0	3	3	0	0
HYDROCORTISONE	332.2260000000001	5	3	5	2	2	3	5	5	3	0
BROMOCRIPTINE	614.2860000000003	6	3	11	5	6	3	10	6	3	1
BEMETIZIDE	385.7690000000002	5	3	10	3	3	4	7	5	3	0
LIDOFLAZINE	456.3460000000003	3	1	6	9	10	1	4	3	1	0
REBOXETINE	290.213	4	1	4	6	6	1	4	4	1	1
NEOSTIGMINE	204.14399999999995	2	0	4	2	4	0	4	2	0	0
CHLOROTRIANISENE	359.70300000000015	3	0	4	6	6	0	3	3	0	0
COLCHICINE	374.24300000000017	6	1	7	5	6	1	7	6	1	0
GLISOLAMIDE	408.3100000000002	6	3	10	7	10	3	9	6	3	0
DISTIGMINE	384.26600000000013	4	0	8	9	13	0	8	4	0	0
DEHYDROCHOLIC	368.2590000000001	4	1	5	4	4	1	5	4	1	0
PRAZEPAM	307.67500000000007	2	0	4	3	3	0	3	2	0	1
NITAZOXANIDE	298.2150000000001	7	1	9	4	6	1	8	7	1	0
PHENAZOCINE	294.248	2	1	2	3	3	1	2	2	1	1
ATAZANAVIR	652.4530000000002	9	5	13	14	22	5	13	9	5	0
IPODATE	584.8560000000002	2	1	7	5	5	1	4	2	1	0
BENAZEPRIL	396.27300000000014	5	2	7	9	10	2	7	5	2	0
PERGOLIDE	288.29	2	1	3	4	4	1	2	2	1	1
ROSARAMICIN	530.3390000000004	10	2	10	6	6	2	10	10	2	0
BROXATEROL	248.015	4	2	5	3	4	2	4	4	2	0
PHENOBARBITAL/PHENOBARBITONE	220.143	3	2	5	2	2	2	5	3	2	1
VARDENAFIL	456.3580000000002	8	1	11	8	8	1	10	8	1	0
BRIVUDINE	320.03400000000005	6	3	8	3	3	3	7	6	3	0
DEMECLOCYCLINE_HYDROCHLORIDE	443.69000000000017	10	6	11	1	1	7	10	10	6	0
ISOPROPAMIDE_IODIDE	320.26600000000013	1	1	3	8	8	2	3	1	1	0
CHLOROQUINE_PHOSPHATE	293.672	3	1	4	8	8	1	3	3	1	0
MEMANTINE	158.13899999999995	1	1	1	0	0	2	1	1	1	1
SUMATRIPTAN	274.24	3	2	6	6	6	2	5	3	2	1
OXAZEPAM	275.63	3	2	5	1	1	2	4	3	2	1
OXYPERTINE	350.27200000000016	4	1	5	6	6	1	5	4	1	1
CHLORMETHIAZOLE	141.582	2	0	3	2	2	0	1	2	0	1
PALONOSETRON	272.222	2	0	3	1	1	0	3	2	0	1
CEFDITOREN_PIVOXIL	592.5110000000002	14	2	16	9	13	3	13	14	2	0
FLUOCORTOLONE	347.23600000000016	4	2	5	2	2	2	4	4	2	0
ERYTHRITYL	296.06	12	0	16	11	11	0	16	12	0	0
TRIAMCINOLONE	367.2230000000001	6	4	7	2	2	4	6	6	4	0
NICORANDIL	202.105	5	1	7	5	6	1	7	5	1	0
PREGABALIN	142.093	2	2	3	5	5	3	3	2	2	1
GEMIFLOXACIN	369.22700000000015	8	2	10	5	5	3	9	8	2	0
EPALRESTAT	306.30300000000005	4	1	6	4	4	1	4	4	1	0
FLUPIRTINE	287.189	5	3	7	5	7	4	6	5	3	1
FENOTEROL	282.18999999999994	5	5	5	6	6	5	5	5	5	0
QUINESTROL	332.27300000000014	2	1	2	2	2	1	2	2	1	0
LEVODROPROPIZINE	216.155	4	2	4	4	4	2	4	4	2	0
DIPHENHYDRAMINE	234.193	2	0	2	6	6	0	2	2	0	1
FENTANYL	308.25500000000005	2	0	3	6	7	0	3	2	0	1
CHLORDIAZEPOXIDE	285.649	3	1	5	1	1	1	4	3	1	1
PARALDEHYDE	120.06299999999996	3	0	3	0	0	0	3	3	0	1
ESTRADIOL	248.196	2	2	2	0	0	2	2	2	2	0
ACETAZOLAMIDE	216.203	6	2	9	2	3	3	7	6	2	1
CINOLAZEPAM	344.66800000000006	4	1	7	3	3	1	5	4	1	1
ONDANSETRON	274.218	4	0	4	2	2	0	4	4	0	1
BEVANTOLOL	318.22300000000007	5	2	5	10	10	2	5	5	2	0
PANTOTHENIC	202.101	4	4	6	6	7	4	6	4	4	0
SULINDAC	339.2820000000001	2	1	5	4	4	1	3	2	1	0
CORTISONE_ACETATE	332.2260000000001	5	2	5	2	2	2	5	5	2	0
CLIDINIUM_BROMIDE	326.2460000000001	3	1	4	4	5	1	4	3	1	0
LACTULOSE	320.1210000000001	11	8	11	8	8	8	11	11	8	0
HYDROMORPHONE	266.1909999999999	4	1	4	0	0	1	4	4	1	1
MEFENAMIC_ACID	226.17	2	2	3	3	3	2	3	2	2	0
MEPHENYTOIN	204.144	2	1	4	2	2	1	4	2	1	1
PENTOXIFYLLINE	260.16799999999995	7	0	7	5	5	0	7	7	0	0
RIZATRIPTAN	250.2	4	1	5	5	5	1	5	4	1	1
TRANEXAMIC_ACID	142.09299999999996	2	2	3	2	2	3	3	2	2	0
ACITRETIN	300.228	2	1	3	6	6	1	3	2	1	0
DIETHYLSTILBESTROL_DIPHOSPHATE	248.196	2	2	2	4	4	2	2	2	2	0
GALANTAMINE	266.1909999999999	4	1	4	1	1	1	4	4	1	1
MEBENDAZOLE	282.194	4	2	6	3	5	2	6	4	2	0
HYDROXYZINE	347.69600000000014	4	1	5	8	8	1	4	4	1	1
CYSTEAMINE_BITARTRATE	70.096	2	2	2	1	1	2	1	2	2	0
PROTRIPTYLINE	242.21599999999992	1	1	1	4	4	1	1	1	1	1
IOCETAMIC_ACID	600.855	3	2	8	4	5	3	5	3	2	0
DIOSMIN	576.2930000000002	15	8	15	7	7	8	15	15	8	0
LINCOMYCIN_HYDROCHLORIDE	372.27300000000014	8	5	9	7	8	5	8	8	5	0
THIOTHIXENE	414.4060000000002	5	0	7	5	5	0	5	5	0	1
TRIAMTERENE	242.18099999999998	7	3	7	1	1	6	7	7	3	0
RACECADOTRIL	362.30100000000016	5	1	6	9	12	1	5	5	1	0
LORAZEPAM	311.08299999999997	3	2	6	1	1	2	4	3	2	1
MEPTAZINOL	210.171	2	1	2	2	2	1	2	2	1	1
RIBOFLAVIN	356.2090000000002	9	5	10	5	5	5	10	9	5	0
TRIDIHEXETHYL_CHLORIDE	282.237	1	1	2	8	8	1	2	1	1	0
FROVATRIPTAN	226.17399999999995	2	3	4	2	2	4	4	2	3	0
FLUOXYMESTERONE	307.2150000000001	3	2	4	0	0	2	3	3	2	0
CELECOXIB	367.267	4	1	9	3	4	2	5	4	1	0
AZACITIDINE	232.111	9	4	9	2	2	5	9	9	4	0
PHENINDIONE	212.16299999999995	2	0	2	1	1	0	2	2	0	0
ROPINIROLE	236.18900000000002	2	1	3	7	7	1	3	2	1	1
BUPROPION	221.602	2	1	3	3	4	1	2	2	1	1
IOHEXOL	794.9330000000001	9	8	15	12	15	8	12	9	8	0
HEXOCYCLIUM_METHYLSULFATE	284.233	2	1	3	4	4	1	3	2	1	0
CARBENICILLIN_INDANYL_SODIUM	468.36100000000033	6	2	9	6	8	2	8	6	2	0
EPROSARTAN_MESYLATE	400.33000000000015	5	2	7	10	10	2	6	5	2	0
ENOXACIN	303.188	6	2	8	3	3	2	7	6	2	0
ALPRAZOLAM	295.668	4	0	5	1	1	0	4	4	0	1
MEPROBAMATE	200.10899999999995	4	2	6	6	8	4	6	4	2	1
ANISOTROPINE	250.19199999999995	2	0	3	6	7	0	3	2	0	0
RITONAVIR	672.5780000000002	9	4	13	17	22	4	11	9	4	0
VITAMIN	380.3170000000002	2	1	2	12	12	1	2	2	1	0
PREDNISOLONE	332.22600000000006	5	3	5	2	2	3	5	5	3	0
OTILONIUM	440.3290000000003	4	1	6	16	18	1	6	4	1	0
OXOLINIC	250.14499999999992	5	1	6	2	2	1	6	5	1	0
ROPIVACAINE	248.2	2	1	3	4	5	1	3	2	1	1
PINAVERIUM	470.1930000000004	4	0	6	10	10	0	5	4	0	0
AZITHROMYCIN_DIHYDRATE	676.4200000000002	14	5	14	7	7	5	14	14	5	0
LACTITOL	320.1210000000001	11	9	11	8	8	9	11	11	9	0
AMBENONIUM_CHLORIDE	495.2400000000004	2	2	8	14	17	2	6	2	2	0
CARBETAPENTANE	302.224	4	0	4	10	11	0	4	4	0	0
PIROXICAM	318.24900000000014	5	2	8	2	3	2	7	5	2	0
TIMOLOL_MALEATE	292.23500000000007	8	2	8	6	7	2	7	8	2	0
CLARITHROMYCIN	678.4120000000003	14	4	14	8	8	4	14	14	4	0
FENFLURAMINE	215.13299999999992	1	1	4	4	5	1	1	1	1	1
ASTEMIZOLE	427.33300000000025	5	1	6	8	8	1	5	5	1	0
TANDOSPIRONE	354.2640000000002	6	0	7	6	6	0	7	6	0	1
IMIPRAMINE	256.223	2	0	2	4	4	0	2	2	0	1
HALOFANTRINE_HYDROCHLORIDE	470.1920000000002	2	1	7	10	11	1	2	2	1	0
ERYTHROMYCIN	666.4010000000002	14	5	14	7	7	5	14	14	5	0
LORMETAZEPAM	323.09399999999994	3	1	6	1	1	1	4	3	1	1
TRIMEPRAZINE	276.279	3	0	3	4	4	0	2	3	0	1
REBAMIPIDE	355.672	3	3	7	5	6	3	6	3	3	0
MEFLOQUINE	362.18799999999993	3	2	9	2	4	2	3	3	2	0
MESORIDAZINE	360.37800000000016	4	0	5	4	4	0	3	4	0	1
AMITRIPTYLINE	254.22699999999992	1	0	1	3	3	0	1	1	0	1
DIPYRIDAMOLE	464.3160000000003	12	4	12	12	12	4	12	12	4	0
POLYTHIAZIDE	426.7860000000002	6	2	14	4	5	3	7	6	2	0
TIRAPAZAMINE	172.10299999999995	4	1	6	0	0	2	6	4	1	0
TENOXICAM	326.2940000000001	6	2	9	2	3	2	7	6	2	0
BUNAZOSIN	346.24100000000016	7	1	8	5	6	2	8	7	1	0
LEVOCARNITINE	146.08099999999996	2	2	4	4	4	2	4	2	2	0
ANASTROZOLE	274.222	5	0	5	4	4	0	5	5	0	0
MOCLOBEMIDE	251.608	3	1	5	4	5	1	4	3	1	1
ETODOLAC	266.191	2	2	4	4	4	2	4	2	2	0
AMINOSALICYLIC_ACID	146.08099999999996	3	3	4	1	1	4	4	3	3	0
SATIGREL	318.22300000000007	4	1	5	7	7	1	5	4	1	0
GLIPIZIDE	418.3290000000002	6	3	10	7	10	3	9	6	3	0
TRIAMCINOLONE_DIACETATE	447.26500000000016	8	2	9	4	6	2	8	8	2	0
CYCLIZINE	244.212	2	0	2	3	3	0	2	2	0	1
BREQUINAR	360.25400000000013	2	1	5	3	3	1	3	2	1	0
CYCLOPHOSPHAMIDE	245.96900000000002	2	1	7	5	5	1	4	2	1	0
CROMOLYN_SODIUM	452.2420000000003	9	3	11	8	8	3	11	9	3	0
IBANDRONATE	296.047	4	5	10	9	9	5	8	4	5	0
ZALCITABINE	198.11700000000002	6	2	6	2	2	3	6	6	2	0
DIRITHROMYCIN	756.462	16	5	16	12	12	5	16	16	5	0
TRILOSTANE	302.2240000000001	4	2	4	0	0	2	4	4	2	0
RILMENIDINE	164.12299999999996	3	1	3	3	4	1	3	3	1	0
TELITHROMYCIN	746.4979999999997	14	1	15	11	11	1	15	14	1	0
ALPIDEM	381.15700000000015	3	0	6	7	8	0	4	3	0	1
ISRADIPINE	350.22500000000014	8	1	8	4	6	1	8	8	1	0
IPRIFLAVONE	264.19499999999994	3	0	3	3	3	0	3	3	0	0
FLUTAMIDE	265.126	3	1	8	3	5	1	5	3	1	0
NEFOPAM	234.193	2	0	2	1	1	0	2	2	0	1
ALOSETRON	276.21399999999994	3	1	5	2	2	1	5	3	1	0
MEPERIDINE	226.17	3	0	3	3	4	0	3	3	0	1
PIOGLITAZONE	336.2870000000001	5	1	6	7	7	1	5	5	1	0
TELMISARTAN	484.3890000000004	5	1	6	7	7	1	6	5	1	0
DICLOXACILLIN_SODIUM	453.19800000000015	6	2	11	4	5	2	8	6	2	0
OXANDROLONE	276.20599999999996	3	1	3	0	0	1	3	3	1	0
CIMETIDINE	236.219	4	3	7	5	7	3	6	4	3	0
MARIMASTAT	302.1810000000001	5	5	8	7	11	5	8	5	5	0
CEPHALOGLYCIN	386.28000000000014	7	3	10	6	8	4	9	7	3	0
FLUDROCORTISONE_ACETATE	351.22400000000016	5	3	6	2	2	3	5	5	3	0
MESNA	136.153	3	2	5	2	2	1	3	3	2	0
SILDENAFIL_CITRATE	444.34700000000015	8	1	11	7	7	1	10	8	1	0
REMIFENTANIL	348.22900000000016	6	0	7	7	10	0	7	6	0	1
KANAMYCIN_SULFATE	448.21500000000015	15	11	15	6	6	15	15	15	11	0
GEMFIBROZIL	228.16199999999995	2	1	3	6	6	1	3	2	1	0
ACETOPHENAZINE	382.33900000000017	6	1	6	7	7	1	5	6	1	1
AMPHOTERICIN_B	850.5069999999997	17	12	18	3	3	13	18	17	12	0
LANSOPRAZOLE	355.25600000000014	4	1	9	5	6	1	5	4	1	0
AMANTADINE	134.11699999999996	1	1	1	0	0	2	1	1	1	1
PERFLUBRON	498.958	0	0	18	6	7	0	0	0	0	0
CLOTRIMAZOLE	327.709	2	0	3	4	4	0	2	2	0	0
NYLIDRIN	274.21399999999994	3	3	3	7	7	3	3	3	3	0
INDOMETACIN	521.8300000000004	5	0	6	12	14	0	5	5	0	0
ROSIGLITAZONE_MALEATE	338.28300000000013	6	1	7	7	7	1	6	6	1	0
EBASTINE	430.3570000000003	3	0	3	9	10	0	3	3	0	0
FOLIC_ACID	422.2520000000002	9	6	13	9	10	7	13	9	6	0
OXYPHENBUTAZONE	304.22000000000014	3	1	5	5	5	1	5	3	1	0
SODIUM_PHENYLBUTYRATE	152.10799999999998	1	1	2	4	4	1	2	1	1	0
ESTRAMUSTINE	409.1630000000001	3	1	6	5	7	1	4	3	1	0
TOREMIFENE_CITRATE	377.7450000000002	2	0	3	9	9	0	2	2	0	0
ACETAMINOPHEN/PARACETAMOL	142.093	2	2	3	1	2	2	3	2	2	1
METIXENE	286.2940000000001	2	0	2	2	2	0	1	2	0	1
CYCLANDELATE	252.184	3	1	3	3	4	1	3	3	1	0
CEFDINIR	382.31800000000015	9	4	12	5	6	5	10	9	4	0
CARPHENAZINE	394.35000000000014	6	1	6	8	8	1	5	6	1	1
METHOTRIMEPRAZINE	304.289	4	0	4	5	5	0	3	4	0	1
GLISOXEPIDE	422.3170000000002	7	3	11	7	10	3	10	7	3	0
TYROPANOATE_SODIUM	622.8810000000002	2	2	7	7	8	2	4	2	2	0
AZATADINE	268.23400000000004	2	0	2	0	0	0	2	2	0	1
NICARDIPINE_HYDROCHLORIDE	450.30100000000033	8	1	9	9	11	1	9	8	1	0
CLEBOPRIDE	349.6920000000002	4	2	6	5	6	3	5	4	2	0
GANCICLOVIR	242.13	8	4	9	5	5	5	9	8	4	0
TIPRANAVIR	569.4110000000003	6	2	11	11	12	2	7	6	2	0
NALOXONE	306.2120000000001	5	2	5	2	2	2	5	5	2	1
TRIOXSALEN	216.15099999999995	3	0	3	0	0	0	3	3	0	0
NATEGLINIDE	290.213	2	2	4	6	7	2	4	2	2	0
OXYBUTYNIN	326.2460000000001	4	1	4	7	8	1	4	4	1	0
NILUTAMIDE	307.14300000000014	4	1	10	2	3	1	7	4	1	0
PHENOPERIDINE	338.2570000000001	4	1	4	7	8	1	4	4	1	1
PHENDIMETRAZINE	174.13799999999995	2	0	2	1	1	0	2	2	0	1
ETHACRYNIC_ACID	291.045	3	1	6	6	6	1	4	3	1	0
ROSOXACIN	280.198	4	1	5	3	3	1	5	4	1	0
NEMONAPRIDE	361.70300000000015	4	2	6	6	7	2	5	4	2	1
HYDROCODONE	278.20199999999994	4	0	4	1	1	0	4	4	0	1
BENZHEXOL	270.22599999999994	2	1	2	5	5	1	2	2	1	1
FORMOTEROL	320.21900000000005	5	4	6	9	9	4	6	5	4	0
TADALAFIL	370.2590000000001	4	1	7	1	1	1	7	4	1	0
MELPHALAN	287.061	3	2	6	8	8	3	4	3	2	0
ETIDRONATE_DISODIUM	197.963	3	5	9	2	2	5	7	3	5	0
ADEFOVIR_DIPIVOXIL	469.2210000000003	13	1	14	11	15	2	13	13	1	0
DELAVIRDINE_MESYLATE	428.3480000000001	6	3	10	6	7	3	9	6	3	0
DIHYDROTACHYSTEROL	352.30700000000013	1	1	1	5	5	1	1	1	1	0
RIFAMPIN	764.4889999999997	15	6	16	4	5	6	16	15	6	0
BUDESONIDE	396.2690000000002	6	2	6	4	4	2	6	6	2	0
MORICIZINE_HYDROCHLORIDE	402.32600000000025	6	1	8	5	8	1	7	6	1	0
FLUOXETINE	291.1869999999999	2	1	5	6	7	1	2	2	1	1
CEFTIBUTEN_DIHYDRATE	396.32100000000014	8	4	12	6	7	5	10	8	4	0
EPHEDRINE	150.11599999999996	2	2	2	3	3	2	2	2	2	1
PROGLUMETACIN	785.9859999999996	11	1	14	21	26	1	13	11	1	0
OLMESARTAN_MEDOXOMIL	420.30300000000017	7	3	9	8	8	3	9	7	3	0
CAPECITABINE	337.1780000000001	8	3	10	6	8	3	9	8	3	0
TROFOSFAMIDE	305.444	2	0	8	7	7	0	4	2	0	0
METHYLTESTOSTERONE	272.218	2	1	2	0	0	1	2	2	1	0
METHYCLOTHIAZIDE	349.15600000000006	5	2	11	2	2	3	7	5	2	0
SULFAMETHIZOLE	260.259	6	2	8	3	3	3	6	6	2	0
NAFCILLIN_SODIUM	392.3070000000001	5	2	8	5	6	2	7	5	2	0
ACENOCOUMAROL	338.2100000000001	6	1	7	5	5	1	7	6	1	0
FLAVOXATE	366.26700000000017	5	0	5	5	6	0	5	5	0	0
ARBIDOL	452.22400000000016	6	1	7	7	8	1	5	6	1	0
DIAZEPAM	271.64199999999994	2	0	4	1	1	0	3	2	0	1
DUTASTERIDE	498.29700000000014	2	2	10	2	5	2	4	2	2	0
DOXAZOSIN_MESYLATE	426.2830000000003	9	1	10	4	5	2	10	9	1	0
AMBROXOL	359.96400000000017	3	3	5	3	3	4	3	3	3	0
RISPERIDONE	383.27700000000016	6	0	7	4	4	0	6	6	0	1
TAMSULOSIN_HYDROCHLORIDE	380.29600000000016	6	2	8	11	11	3	7	6	2	0
METHYLPREDNISOLONE	344.23700000000014	5	3	5	2	2	3	5	5	3	1
DELORAZEPAM	295.08399999999995	2	1	5	1	1	1	3	2	1	1
BUTOBARBITONE	196.12099999999998	3	2	5	3	3	2	5	3	2	1
ISOCARBOXAZID	218.15099999999995	4	2	5	4	5	2	5	4	2	1
DOFETILIDE	414.35900000000015	6	2	10	11	11	2	8	6	2	0
PHENAZOPYRIDINE	202.15599999999998	5	2	5	2	2	4	5	5	2	0
TRICLOFOS_SODIUM	225.351	2	2	8	2	3	2	4	2	2	0
OXYCODONE	294.20099999999996	5	1	5	1	1	1	5	5	1	1
NIZOFENONE	391.7090000000002	6	0	8	8	8	0	7	6	0	1
AMOXICILLIN	346.25900000000007	6	4	9	4	5	5	8	6	4	0
BENDROFLUMETHIAZIDE	407.31000000000006	5	3	12	3	4	4	7	5	3	0
SIMVASTATIN	380.27000000000015	5	1	5	6	7	1	5	5	1	0
RIFAPENTINE	812.5329999999997	15	6	16	5	6	6	16	15	6	0
VANCOMYCIN_HYDROCHLORIDE	1371.6749999999993	25	18	34	13	14	20	32	25	18	0
NORETHINDRONE	272.218	2	1	2	0	0	1	2	2	1	0
PHENACEMIDE	168.111	2	2	4	2	4	3	4	2	2	1
MEPYRAMINE	262.20699999999994	4	0	4	7	7	0	4	4	0	1
CICLETANINE	249.612	3	1	4	1	1	1	3	3	1	0
PROBENECID	266.21299999999997	3	1	6	7	7	1	5	3	1	0
TRANYLCYPROMINE	122.10599999999998	1	1	1	1	1	2	1	1	1	1
ROSUVASTATIN	453.3220000000002	7	3	11	10	10	3	9	7	3	0
CHLORDIAZEPOXIDE	285.64899999999994	3	1	5	1	2	1	4	3	1	1
TETRACYCLINE_HYDROCHLORIDE	420.24800000000016	9	6	10	2	2	7	10	9	6	0
TOCAINIDE_HYDROCHLORIDE	176.13399999999996	2	2	3	2	3	3	3	2	2	0
SULTHIAME	276.254	4	1	8	2	2	2	6	4	1	1
LEFLUNOMIDE	261.138	3	1	7	2	4	1	4	3	1	0
CARBAMAZEPINE	224.178	1	1	3	0	1	2	3	1	1	1
FELBAMATE	224.13099999999997	4	2	6	5	7	4	6	4	2	1
CHLORZOXAZONE	165.535	2	1	4	0	0	1	3	2	1	1
AMINOCAPROIC_ACID	118.07099999999996	2	2	3	5	5	3	3	2	2	0
DESIPRAMINE	244.212	2	1	2	4	4	1	2	2	1	1
TIOPRONIN	154.12599999999995	3	3	5	3	4	2	4	3	3	0
PIMOZIDE	432.3240000000001	3	1	6	7	7	1	4	3	1	1
CEFETAMET	382.31800000000015	9	3	12	5	6	4	10	9	3	0
MYCOPHENOLATE_MOFETIL	402.25300000000016	8	1	8	9	10	1	8	8	1	0
BEZAFIBRATE	341.66500000000013	3	2	6	7	8	2	5	3	2	0
TETRAZEPAM	271.64199999999994	2	1	4	1	1	1	3	2	1	1
DIHYDROCODEINE	278.20199999999994	4	1	4	1	1	1	4	4	1	1
BEXAROTENE	320.26200000000006	1	1	2	3	3	1	2	1	1	0
FAMOTIDINE	322.336	7	5	12	7	8	8	9	7	5	0
FRAMYCETIN	568.2820000000003	19	13	19	9	9	19	19	19	13	0
ETILEFRINE	166.11499999999995	3	3	3	4	4	3	3	3	3	0
PYRVINIUM	354.30700000000013	2	0	3	4	4	0	3	2	0	0
PRAVASTATIN_SODIUM	388.24600000000015	6	4	7	10	11	4	7	6	4	0
SIROLIMUS	834.5550000000003	13	3	14	6	6	3	14	13	3	0
MEBEVERINE	394.27700000000016	6	0	6	13	14	0	6	6	0	0
QUINALBARBITONE	220.143	3	2	5	5	5	2	5	3	2	1
ETHYLESTRENOL	256.21899999999994	1	1	1	1	1	1	1	1	1	0
PIRMENOL	308.25500000000005	3	1	3	6	6	1	3	3	1	0
IOPANOIC_ACID	558.8380000000002	2	2	6	4	4	3	3	2	2	0
MEGESTROL_ACETATE	312.2390000000001	3	1	3	1	1	1	3	3	1	0
PIPOBROMAN	339.92999999999995	2	0	6	4	6	0	4	2	0	0
CARBIMAZOLE	176.15599999999995	5	0	5	1	3	0	4	5	0	0
MILTEFOSINE	361.20800000000014	3	1	6	20	20	1	5	3	1	0
MESUXIMIDE	190.137	2	0	3	1	1	0	3	2	0	1
PROPRANOLOL	238.18099999999995	3	2	3	6	6	2	3	3	2	1
INDIGOTINDISULFONATE	412.31600000000014	8	4	12	2	2	4	10	8	4	0
PROCARBAZINE_HYDROCHLORIDE	202.15200000000002	3	3	4	5	6	3	4	3	3	0
PRIMAQUINE_PHOSPHATE	238.185	4	2	4	6	6	3	4	4	2	0
RESCINNAMINE	592.3900000000002	10	1	11	9	11	1	11	10	1	0
TRAPIDIL	190.145	5	0	5	3	3	0	5	5	0	0
MORNIFLUMATE	375.2210000000002	6	1	9	6	8	1	6	6	1	0
SULFINPYRAZONE	384.3310000000001	3	0	6	6	6	0	5	3	0	0
NIFLUMIC	273.14899999999994	3	2	7	3	4	2	4	3	2	0
TACRINE	184.157	2	1	2	0	0	2	2	2	1	1
DEXTROPROPOXYPHENE	310.247	3	0	3	8	9	0	3	3	0	1
BROTIZOLAM	383.6170000000001	5	0	7	1	1	0	4	5	0	1
BENZBROMARONE	411.992	3	1	5	3	3	1	3	3	1	0
QUINAGOLIDE	362.3050000000002	4	2	7	7	7	2	6	4	2	1
MAPROTILINE	254.22699999999992	1	1	1	4	4	1	1	1	1	1
AMPICILLIN	330.2600000000001	5	3	8	4	5	4	7	5	3	0
IFENPRODIL	298.2360000000001	3	2	3	5	5	2	3	3	2	1
NIMODIPINE	392.23800000000017	8	1	9	8	10	1	9	8	1	1
PRIMIDONE	204.144	2	2	4	2	2	2	4	2	2	1
CEPHRADINE	330.2600000000001	5	3	8	4	5	4	7	5	3	0
FENOPROFEN_CALCIUM	228.16199999999995	2	1	3	4	4	1	3	2	1	0
ZUCLOPENTHIXOL	375.77500000000015	4	1	5	5	5	1	3	4	1	1
PROQUAZONE	260.211	3	0	3	2	2	0	3	3	0	0
GLIQUIDONE	494.3790000000003	6	2	10	7	9	2	9	6	2	0
PARAMETHASONE_ACETATE	363.2350000000001	5	3	6	2	2	3	5	5	3	0
TOLAZAMIDE	290.2390000000001	4	2	7	3	5	2	6	4	2	0
ENOXIMONE	236.21099999999998	3	2	5	3	3	2	4	3	2	0
MEDAZEPAM	255.643	2	0	3	1	1	0	2	2	0	1
CYCLACILLIN	318.249	5	3	8	3	4	4	7	5	3	0
ACETYLDIGITOXIN	740.4590000000003	14	4	14	8	9	4	14	14	4	0
LEVORPHANOL	234.193	2	1	2	0	0	1	2	2	1	1
DISULFIRAM	276.39200000000005	4	0	6	4	9	0	2	4	0	0
SERTRALINE	289.0999999999999	1	1	3	2	2	1	1	1	1	1
MENATETRENONE	404.33900000000017	2	0	2	11	11	0	2	2	0	0
GLUTAMIC_ACID	138.05799999999996	3	3	5	4	4	4	5	3	3	0
CHOLECALCIFEROL	340.2960000000001	1	1	1	6	6	1	1	1	1	0
LEVALLORPHAN	258.215	2	1	2	2	2	1	2	2	1	1
CLOXACILLIN_SODIUM	417.7450000000002	6	2	10	4	5	2	8	6	2	0
BUPRENORPHINE	426.3220000000002	5	2	5	4	5	2	5	5	2	1
IDEBENONE	308.20400000000006	5	1	5	12	12	1	5	5	1	1
MIANSERIN	244.212	2	0	2	0	0	0	2	2	0	1
MIRTAZAPINE	246.208	3	0	3	0	0	0	3	3	0	1
EPLERENONE	384.25800000000015	6	0	6	1	2	0	6	6	0	0
MITOLACTOL	295.87	4	4	6	5	5	4	4	4	4	0
IODOQUINOL	391.9130000000001	2	1	4	0	0	1	2	2	1	0
CLONIXIN	251.608	3	2	5	3	3	2	4	3	2	0
GLYCOPYRROLATE	290.21299999999997	3	1	4	4	5	1	4	3	1	0
METACLAZEPAM	375.568	3	0	5	3	3	0	3	3	0	1
OXYTETRACYCLINE	436.2470000000001	10	7	11	2	2	8	11	10	7	0
TRIMETHADIONE	134.07	3	0	4	0	0	0	4	3	0	1
ACETOHEXAMIDE	304.24200000000013	4	2	7	4	6	2	6	4	2	0
TRICHLORMETHIAZIDE	372.598	5	3	12	2	2	4	7	5	3	0
TIANEPTINE	411.76100000000014	4	2	8	8	8	2	6	4	2	1
CINOXACIN	252.141	6	1	7	2	2	1	7	6	1	0
CALCITRIOL	372.29400000000015	3	3	3	6	6	3	3	3	3	0
HYDROCHLOROTHIAZIDE	289.681	5	3	10	1	1	4	7	5	3	0
BETAHISTINE	124.10199999999998	2	1	2	3	3	1	2	2	1	1
ADEFOVIR	261.093	7	3	10	5	5	4	9	7	3	0
CLOTIAZEPAM	303.709	3	0	5	2	2	0	3	3	0	1
ZALEPLON	290.221	5	0	6	3	4	0	6	5	0	1
SELEGILINE	170.14999999999995	1	0	1	4	4	0	1	1	0	1
FLUPENTHIXOL	409.32700000000006	4	1	7	5	6	1	3	4	1	1
DYDROGESTERONE	284.2290000000001	2	0	2	1	1	0	2	2	0	0
PROCAINAMIDE_HYDROCHLORIDE	214.16299999999995	3	2	4	6	7	3	4	3	2	0
JOSAMYCIN	758.4540000000003	16	3	16	12	14	3	16	16	3	0
DIPHENYLPYRALINE	258.2149999999999	2	0	2	4	4	0	2	2	0	1
AMINEPTINE	310.247	2	2	3	8	8	2	3	2	2	1
GLIMEPIRIDE	456.35400000000016	5	3	10	7	11	3	9	5	3	0
TEGAFUR	191.097	4	1	6	1	1	1	5	4	1	0
CHLORPROPAMIDE	263.64099999999996	3	2	7	4	6	2	5	3	2	0
PENTOBARBITAL	208.132	3	2	5	4	4	2	5	3	2	1
BALSALAZIDE	342.2020000000001	6	4	9	7	8	4	9	6	4	0
RIFAXIMIN	734.4829999999997	13	5	14	2	3	5	14	13	5	0
TRIMETHOPRIM	272.17900000000003	7	2	7	5	5	4	7	7	2	0
OXPRENOLOL	242.16899999999995	4	2	4	9	9	2	4	4	2	1
TEMOZOLOMIDE	188.106	7	1	8	1	1	2	8	7	1	0
PEMOLINE	168.111	3	1	4	1	1	2	4	3	1	1
CAFFEINE	184.114	6	0	6	0	0	0	6	6	0	1
DOXYLAMINE	248.2	3	0	3	6	6	0	3	3	0	1
NICERGOLINE	458.18600000000015	6	0	7	4	5	0	6	6	0	1
PHYTONADIONE	404.33900000000017	2	0	2	14	14	0	2	2	0	0
APOMORPHINE	250.19199999999992	3	2	3	0	0	2	3	3	2	1
CHLORPROTHIXINE	297.7249999999999	2	0	3	3	3	0	1	2	0	1
ETHOSUXIMIDE	130.082	2	1	3	1	1	1	3	2	1	1
PIRENZEPINE	330.24200000000013	5	1	7	2	3	1	7	5	1	0
CHLORAL_HYDRATE	162.379	2	2	5	0	1	2	2	2	2	1
TROVAFLOXACIN	401.23900000000015	6	2	10	3	3	3	7	6	2	0
CYPROHEPTADINE	266.23799999999994	1	0	1	0	0	0	1	1	0	1
CHLORPHENIRAMINE	255.643	2	0	3	5	5	0	2	2	0	1
PIVMECILLINAM	406.31400000000014	7	0	9	5	8	0	8	7	0	0
CALUSTERONE	284.2290000000001	2	1	2	0	0	1	2	2	1	0
FLUCYTOSINE	125.062	3	2	5	0	0	3	4	3	2	0
PROCYCLIDINE	258.215	2	1	2	5	5	1	2	2	1	1
METOCLOPRAMIDE	277.626	4	2	6	7	8	3	5	4	2	1
OXACILLIN_SODIUM	382.29200000000014	6	2	9	4	5	2	8	6	2	0
GLUCOSAMINE	166.06799999999996	6	5	6	1	1	6	6	6	5	0
LOFEXIDINE	247.04	3	1	5	3	3	1	3	3	1	1
OLSALAZINE_SODIUM	292.1620000000001	6	4	8	4	4	4	8	6	4	0
FORMESTANE	276.20599999999996	3	1	3	0	0	1	3	3	1	0
FLUSPIRILENE	444.33500000000015	3	1	6	7	7	1	4	3	1	1
BENFLUOREX	331.20800000000014	3	1	6	7	9	1	3	3	1	0
MAZINDOL	271.64199999999994	3	1	4	1	1	1	3	3	1	1
MOEXIPRIL_HYDROCHLORIDE	464.3040000000003	7	2	9	11	13	2	9	7	2	0
BROMPHENIRAMINE	300.094	2	0	3	5	5	0	2	2	0	1
RIFABUTIN	784.5229999999997	14	5	15	4	5	5	15	14	5	0
FINASTERIDE	336.2650000000001	2	2	4	1	3	2	4	2	2	0
BACAMPICILLIN_HYDROCHLORIDE	438.3120000000003	9	2	11	7	11	3	10	9	2	0
DRONABINOL	284.2290000000001	2	1	2	4	4	1	2	2	1	0
BENZOCAINE	154.10399999999996	3	1	3	2	3	2	3	3	1	0
PIPOTHIAZINE	442.41600000000017	6	1	8	8	8	1	6	6	1	1
AZATHIOPRINE	270.213	8	1	10	3	3	1	9	8	1	0
FENQUIZONE	325.6920000000001	4	3	8	2	2	4	6	4	3	0
HYDROFLUMETHIAZIDE	323.23299999999995	5	3	12	1	2	4	7	5	3	0
BEPRIDIL	332.2770000000001	3	0	3	10	10	0	3	3	0	0
REPAGLINIDE	416.3070000000001	4	2	6	10	11	2	6	4	2	0
CLOTHIAPINE	325.7390000000001	4	0	5	0	1	0	3	4	0	1
METRONIDAZOLE	162.08399999999997	5	1	6	3	3	1	6	5	1	0
TRIAZOLAM	331.121	4	0	6	1	1	0	4	4	0	1
HYDRALAZINE_HYDROCHLORIDE	152.116	4	2	4	1	1	3	4	4	2	0
PHENTERMINE	134.11699999999996	1	1	1	2	2	2	1	1	1	1
FLUPHENAZINE	411.32300000000015	5	1	8	6	7	1	4	5	1	1
TORSEMIDE	328.26800000000014	5	3	8	5	7	3	7	5	3	0
THIACETAZONE	224.204	3	3	6	3	5	4	5	3	3	0
NORTRIPTYLINE	242.21599999999992	1	1	1	3	3	1	1	1	1	1
FURAZOLIDONE	218.104	6	0	8	3	3	0	8	6	0	0
ENTACAPONE	290.17	6	2	8	5	6	2	8	6	2	1
FLOXACILLIN	436.74300000000017	6	2	11	4	5	2	8	6	2	0
BEFUNOLOL	270.17900000000003	5	2	5	7	7	2	5	5	2	0
NIMESULIDE	296.219	5	1	8	5	5	1	7	5	1	0
PROBUCOL	468.47300000000035	4	2	4	4	8	2	2	4	2	0
SERTINDOLE	414.74200000000013	3	1	7	5	5	1	5	3	1	1
LOVASTATIN	368.2590000000001	5	1	5	6	7	1	5	5	1	0
METHDILAZINE	276.279	3	0	3	2	2	0	2	3	0	1
PARAMETHADIONE	146.08100000000005	3	0	4	1	1	0	4	3	0	1
MECLIZINE/MECLOZINE	363.7420000000001	2	0	3	5	5	0	2	2	0	1
TICRYNAFEN	323.112	4	1	7	5	5	1	4	4	1	0
CITALOPRAM/ESCITALOPRAM	303.231	3	0	4	5	5	0	3	3	0	1
PIPEMIDIC	286.186	7	2	8	3	3	2	8	7	2	0
ACETOHYDROXAMIC_ACID	70.027	2	2	3	0	1	2	3	2	2	0
PIZOTIFEN	274.283	2	0	2	0	0	0	1	2	0	1
ESTAZOLAM	283.65699999999987	4	0	5	1	1	0	4	4	0	1
ISOXSUPRINE	278.202	4	3	4	7	7	3	4	4	3	0
FLUMEQUINE	249.15599999999995	3	1	5	1	1	1	4	3	1	0
HYDROXYUREA	72.023	2	3	4	0	1	4	4	2	3	0
BITHIONOL	350.00900000000007	3	2	7	2	2	2	2	3	2	0
FLUNARIZINE	378.29600000000016	2	0	4	6	6	0	2	2	0	1
DROXIDOPA	202.101	5	5	6	3	3	6	6	5	5	1
CEFIXIME	438.33800000000025	10	4	14	8	9	5	12	10	4	0
PIRITREXIM	306.22000000000014	7	2	7	4	4	4	7	7	2	0
LEVODOPA	186.102	4	4	5	3	3	5	5	4	4	1
ADINAZOLAM	333.69699999999995	5	0	6	3	3	0	5	5	0	1
CYCLOBENZAPRINE	254.22699999999992	1	0	1	3	3	0	1	1	0	1
ACEMETACIN	397.6850000000002	6	1	8	6	8	1	7	6	1	0
TRIFLUOPERAZINE	383.31300000000016	4	0	7	4	5	0	3	4	0	1
TIAPROFENIC	248.218	3	1	4	4	4	1	3	3	1	0
CHLOROTHIAZIDE	289.6810000000001	5	2	10	1	1	3	7	5	2	0
CHLORPROMAZINE	299.721	3	0	4	4	4	0	2	3	0	1
INDINAVIR_SULFATE	566.4270000000002	7	4	9	11	14	4	9	7	4	0
BETA-CAROTENE	480.4400000000004	0	0	0	10	10	0	0	0	0	0
ALMITRINE	448.3310000000001	7	2	9	10	10	2	7	7	2	0
ZOTEPINE	313.72399999999993	3	0	4	4	4	0	2	3	0	1
PENICILLIN_V	332.25200000000007	5	2	8	5	6	2	7	5	2	0
DIAZOXIDE	223.62	3	1	6	0	0	1	4	3	1	0
FENBUFEN	240.173	2	1	3	5	5	1	3	2	1	0
CLOZAPINE	307.6790000000001	4	1	5	0	1	1	4	4	1	1
TENOFOVIR	273.10400000000004	7	3	10	5	5	4	9	7	3	0
LYSURIDE	312.24700000000007	2	2	5	3	5	2	5	2	2	1
PYRANTEL	192.202	3	0	3	2	2	0	2	3	0	0
BUTALBITAL	208.132	3	2	5	4	4	2	5	3	2	1
PENTAZOCINE	258.215	2	1	2	2	2	1	2	2	1	1
TESTOLACTONE	276.20599999999996	3	0	3	0	0	0	3	3	0	0
CLOFAZIMINE	451.23100000000017	4	1	6	4	4	1	4	4	1	0
DOXOFYLLINE	252.14499999999995	8	0	8	2	2	0	8	8	0	0
MEPENZOLATE_BROMIDE	314.235	3	1	4	4	5	1	4	3	1	0
MILNACIPRAN	224.178	2	1	3	5	6	2	3	2	1	1
THIOPROPERAZINE	416.40200000000016	6	0	8	6	6	0	6	6	0	1
NICLOSAMIDE	319.059	4	2	8	3	4	2	6	4	2	0
ETORICOXIB	343.73000000000013	4	0	6	3	3	0	4	4	0	0
ETOZOLIN	264.22099999999995	5	0	6	3	4	0	5	5	0	0
KETOCONAZOLE	503.2160000000002	7	0	10	7	8	0	8	7	0	0
MITOTANE	309.966	0	0	4	3	3	0	0	0	0	0
VALPROIC_ACID	128.08599999999998	1	1	2	5	5	1	2	1	1	1
RITANSERIN	452.3800000000003	5	0	7	5	5	0	4	5	0	1
CARTEOLOL_HYDROCHLORIDE	268.187	4	3	5	5	6	3	5	4	3	0
METHYSERGIDE	326.2500000000001	4	2	5	4	5	2	5	4	2	1
LOSARTAN_POTASSIUM	399.73600000000016	6	2	8	8	8	2	7	6	2	0
PROPIVERINE	338.2570000000001	4	0	4	7	8	0	4	4	0	0
TREOSULFAN	264.192	8	2	10	7	7	2	8	8	2	0
OXYMORPHONE	282.18999999999994	5	2	5	0	0	2	5	5	2	1
FLUTOPRAZEPAM	326.67300000000006	2	0	5	3	3	0	3	2	0	1
STANOZOLOL	296.244	2	2	3	0	0	2	3	2	2	0
CILOSTAZOL	342.2530000000002	6	1	7	7	7	1	7	6	1	0
CEFPODOXIME	410.32800000000015	10	3	13	7	8	4	11	10	3	0
SPIRAMYCIN	768.4730000000003	16	4	16	11	11	4	16	16	4	0
NELFINAVIR_MESYLATE	522.4360000000004	6	4	8	9	12	4	7	6	4	0
PENICILLAMINE	138.12699999999998	3	3	4	2	2	3	3	3	3	0
KETAZOLAM	351.684	3	0	6	1	1	0	5	3	0	1
PIRAZOLAC	318.6500000000001	3	1	6	4	4	1	4	3	1	0
ERGOLOID_MESYLATE	534.3820000000004	6	3	10	5	6	3	10	6	3	1
SOTALOL_HYDROCHLORIDE	252.21	4	3	6	6	6	3	5	4	3	0
ETHINYL_ESTRADIOL	272.218	2	2	2	0	0	2	2	2	2	0
MESALAMINE	146.08099999999996	3	3	4	1	1	4	4	3	3	0
SPIRONOLACTONE	384.32700000000017	5	0	5	1	2	0	4	5	0	0
URSODIOL	352.26000000000016	3	3	4	4	4	3	4	3	3	0
OXCARBAZEPINE	240.17700000000002	2	1	4	0	1	2	4	2	1	1
ETHOTOIN	192.13299999999995	2	1	4	2	2	1	4	2	1	1
FENOFIBRATE	339.6690000000001	4	0	5	6	7	0	4	4	0	0
DEXTROTHYROXINE_SODIUM	765.7839999999999	4	3	9	5	5	4	5	4	3	0
NABUMETONE	212.16299999999995	2	0	2	4	4	0	2	2	0	0
DRONABINOL	284.2290000000001	2	1	2	4	4	1	2	2	1	1
BISACODYL	342.2450000000001	5	0	5	5	7	0	5	5	0	0
GUANFACINE_HYDROCHLORIDE	237.02499999999995	2	3	6	2	4	4	4	2	3	0
CYCLOFENIL	340.24900000000014	4	0	4	4	6	0	4	4	0	0
NOVERIL	274.218	3	0	4	3	3	0	4	3	0	1
GUANADREL_SULFATE	194.12900000000002	3	2	5	2	2	4	5	3	2	0
PYRIMETHAMINE	235.613	4	2	5	2	2	4	4	4	2	0
PAROMOMYCIN_SULFATE	570.2740000000002	19	13	19	9	9	18	19	19	13	0
BROMODIPHENHYDRAMINE	314.09699999999987	2	0	3	6	6	0	2	2	0	1
NITROFURANTOIN	232.111	6	1	9	3	3	1	9	6	1	0
AMOBARBITAL	208.132	3	2	5	4	4	2	5	3	2	1
ASPARTAME	276.163	5	3	7	7	9	4	7	5	3	0
NALIDIXIC_ACID	220.143	4	1	5	2	2	1	5	4	1	0
PHENFORMIN	190.145	2	5	5	3	6	6	5	2	5	0
SAPROPTERIN	226.131	7	6	8	2	2	7	8	7	6	0
PHENELZINE	124.102	2	2	2	3	3	3	2	2	2	1
ISOPROTERENOL_HYDROCHLORIDE	194.125	4	4	4	4	4	4	4	4	4	0
FLOCTAFENINE	389.22400000000016	6	3	9	6	8	3	6	6	3	0
METHOTREXATE_SODIUM	432.2710000000001	10	5	13	9	10	7	13	10	5	0
