m_name	n_hetero_atoms	n_aliphatic_heterocycles	n_O	n_HBD	n_non_strict_rotable_bonds	n_atoms_stereo_centers	n_hetero_cycles	n_amide_bonds	n_briged_head_atoms	n_aromatic_carbocycles	fraction_CSP3	is_cns_molecule
BUMETANIDE	8	0	7	3	8	0	0	0	0	2	0.2352941176470588	0
BACLOFEN	4	0	3	2	4	1	0	0	0	1	0.3	1
METYRAPONE	3	0	3	0	3	0	2	0	0	0	0.21428571428571427	0
METHYLPHENOBARBITAL	5	1	5	1	2	1	1	4	0	1	0.3076923076923077	1
DULOXETINE	3	0	2	1	6	1	1	0	0	2	0.2222222222222222	1
FLUTICASONE	9	0	5	1	6	9	0	0	0	0	0.72	0
DIACEREIN	8	0	8	1	5	0	0	0	0	2	0.10526315789473684	0
DOSULEPIN	2	1	1	0	3	0	1	0	0	2	0.2631578947368421	1
CAPTOPRIL	5	1	4	2	4	2	1	1	0	0	0.7777777777777778	0
PINACIDIL	5	0	5	2	5	1	1	0	0	0	0.4615384615384616	0
ZONISAMIDE	6	0	5	1	2	0	1	0	0	1	0.125	1
GATIFLOXACIN	8	1	7	2	4	1	2	0	0	1	0.4736842105263158	0
HETACILLIN	8	3	7	2	3	4	3	2	0	1	0.5263157894736842	0
BENORILATE	6	0	6	1	7	0	0	1	0	2	0.1176470588235294	0
CABERGOLINE	7	1	7	2	11	3	2	3	0	1	0.5384615384615384	1
TANDOSPIRONE	7	2	7	0	6	4	3	2	2	0	0.7142857142857143	0
GRANISETRON	5	2	5	1	3	2	3	1	2	1	0.5555555555555556	1
SULFAPHENAZOLE	7	0	6	2	4	0	1	0	0	2	0.0	0
TALTIRELIN	12	2	12	4	8	3	3	6	0	0	0.5294117647058824	1
QUINAPRIL	7	1	7	2	11	3	1	1	0	2	0.4	0
QUETIAPINE	6	2	5	1	6	0	2	0	0	2	0.3809523809523809	1
LORCAINIDE	4	1	3	0	6	0	1	1	0	2	0.4090909090909091	0
PIPERACETAZINE	5	2	4	1	7	0	2	0	0	2	0.4583333333333333	1
CODEINE	4	2	4	1	1	5	2	0	2	1	0.5555555555555556	1
THIABENDAZOLE	4	0	3	1	1	0	2	0	0	1	0.0	0
ALTRETAMINE	6	0	6	0	3	0	1	0	0	0	0.6666666666666666	0
OXILOFRINE	3	0	3	3	3	2	0	0	0	1	0.4	0
METHANTHELINE_BROMIDE	4	1	4	0	7	0	1	0	0	2	0.3809523809523809	0
TIAGABINE	5	1	3	1	6	1	3	0	0	0	0.45	1
THIOGUANINE	6	0	5	3	0	0	2	0	0	0	0.0	0
PIRACETAM	4	1	4	1	2	0	1	2	0	0	0.6666666666666666	1
SUFENTANIL	5	1	4	0	9	0	2	1	0	1	0.5	1
FUSIDIC	6	0	6	3	6	10	0	0	0	0	0.8064516129032258	0
CARVEDILOL	6	0	6	3	10	1	1	0	0	3	0.25	0
OXAPROZIN	4	0	4	1	5	0	1	0	0	2	0.1111111111111111	0
RANITIDINE_BISMUTH_CITRATE	8	0	7	2	10	0	1	0	0	0	0.5384615384615384	0
METHOXSALEN	4	0	4	0	1	0	2	0	0	1	0.08333333333333333	0
GABAPENTIN	3	0	3	2	3	0	0	0	0	0	0.8888888888888888	1
DEXPANTHENOL	5	0	5	4	7	1	0	1	0	0	0.8888888888888888	0
OXIRACETAM	5	1	5	2	2	1	1	2	0	0	0.6666666666666666	1
VENLAFAXINE	3	0	3	1	5	1	0	0	0	1	0.6470588235294118	1
SULFOXONE_SODIUM	11	0	8	4	8	2	0	0	0	2	0.14285714285714285	0
TALINOLOL	6	0	6	4	10	1	0	2	0	1	0.65	0
METHADONE	2	0	2	0	7	1	0	0	0	2	0.3809523809523809	1
EDETATE_CALCIUM_DISODIUM	10	0	10	4	11	0	0	0	0	0	0.6	0
ZOPICLONE	10	2	9	0	4	1	4	2	0	0	0.35294117647058826	1
MOXIFLOXACIN_HYDROCHLORIDE	8	2	7	2	4	2	3	0	0	1	0.5238095238095238	0
DESMOPRESSIN	28	2	26	14	23	7	2	11	0	2	0.4782608695652174	0
PHENMETRAZINE	2	1	2	1	1	2	1	0	0	1	0.4545454545454545	1
PAMIDRONATE	10	0	8	6	4	0	0	0	0	0	1.0	0
CEFACLOR	9	2	7	3	5	3	2	2	0	1	0.26666666666666666	0
CARBOCYSTEINE	6	0	5	3	5	1	0	0	0	0	0.6	0
PENFLURIDOL	8	1	2	1	8	0	1	0	0	3	0.35714285714285715	1
TRAZODONE	7	1	6	0	5	0	3	0	0	1	0.3684210526315789	1
OLMESARTAN	12	0	12	2	11	0	3	0	0	2	0.3103448275862069	0
ZAFIRLUKAST	10	0	9	2	11	0	1	2	0	3	0.2903225806451613	0
VORICONAZOLE	9	0	6	1	5	2	2	0	0	1	0.25	0
DROSPIRENONE	3	1	3	0	0	10	1	0	0	0	0.8333333333333334	0
METHYLPHENIDATE	3	1	3	1	4	2	1	0	0	1	0.5	1
TETRABENAZINE	4	2	4	0	4	2	2	0	0	1	0.631578947368421	1
MIDAZOLAM	5	1	3	0	1	0	2	0	0	2	0.1111111111111111	1
DISOPYRAMIDE	4	0	4	1	8	1	1	1	0	1	0.42857142857142855	0
EFAVIRENZ	7	1	3	1	1	1	1	1	0	1	0.35714285714285715	0
NORGESTREL	2	0	2	1	1	6	0	0	0	0	0.7619047619047619	0
FLURAZEPAM	6	1	4	0	6	0	1	1	0	2	0.3333333333333333	1
OMEPRAZOLE	7	0	6	1	5	1	2	0	0	1	0.29411764705882354	0
NIACIN	3	0	3	1	1	0	1	0	0	0	0.0	0
VOGLIBOSE	8	0	8	8	5	5	0	0	0	0	1.0	0
TRANDOLAPRIL	7	1	7	2	11	5	1	1	0	1	0.625	0
AMINOGLUTETHIMIDE	4	1	4	2	2	1	1	2	0	1	0.38461538461538464	0
TAMOXIFEN	2	0	2	0	8	0	0	0	0	3	0.2307692307692308	0
QUINETHAZONE	8	1	6	3	2	1	1	1	0	1	0.3	0
DESFLURANE	7	0	1	0	3	1	0	0	0	0	1.0	1
ATOVAQUONE	4	0	3	1	2	0	0	0	0	2	0.2727272727272727	0
NIZATIDINE	9	0	7	2	10	0	1	0	0	0	0.5833333333333334	0
TERBUTALINE_SULFATE	4	0	4	4	4	1	0	0	0	1	0.5	0
PROGLUMIDE	6	0	6	2	12	1	0	2	0	1	0.5	0
FLUPREDNISOLONE	6	0	5	3	2	8	0	0	0	0	0.7142857142857143	0
ISOXICAM	9	1	8	2	3	0	2	1	0	1	0.14285714285714285	0
BROMPERIDOL	5	1	3	1	6	0	1	0	0	2	0.3809523809523809	1
METHAMPHETAMINE	1	0	1	1	3	1	0	0	0	1	0.4	1
FAMCICLOVIR	9	0	9	1	9	0	2	0	0	0	0.5	0
SAQUINAVIR	11	1	11	5	16	6	2	4	0	2	0.5	0
LEVOCETIRIZINE	6	1	5	1	8	1	1	0	0	2	0.3809523809523809	0
BUTIZIDE	10	1	7	3	3	1	1	0	0	1	0.4545454545454545	0
AMPHETAMINE	1	0	1	1	2	1	0	0	0	1	0.3333333333333333	1
PHENYL_AMINOSALICYLATE	4	0	4	2	3	0	0	0	0	2	0.0	0
DICHLORPHENAMIDE	10	0	6	2	2	0	0	0	0	1	0.0	0
ISONIAZID	4	0	4	2	2	0	1	1	0	0	0.0	0
TRIPELENNAMINE	3	0	3	0	6	0	1	0	0	1	0.3125	1
AMODIAQUINE	5	0	4	2	6	0	1	0	0	2	0.25	0
NITROGLYCERIN	12	0	12	0	8	0	0	0	0	0	1.0	0
SALICYLAMIDE	3	0	3	2	1	0	0	1	0	1	0.0	0
HEXOPRENALINE	8	0	8	8	13	2	0	0	0	2	0.4545454545454545	0
AMLODIPINE_BESYLATE	8	1	7	2	10	1	1	0	0	1	0.4	0
ALPRENOLOL	3	0	3	2	8	1	0	0	0	1	0.4666666666666667	0
CARPIPRAMINE	5	3	5	1	6	0	3	1	0	2	0.5357142857142857	1
ASCORBIC	6	1	6	4	2	2	1	0	0	0	0.5	0
MEDROXYPROGESTERONE	3	0	3	1	1	7	0	0	0	0	0.8181818181818182	0
DEXTROMETHORPHAN	2	1	2	0	1	3	1	0	2	1	0.6666666666666666	1
ETIZOLAM	6	1	4	0	2	0	3	0	0	1	0.2352941176470588	1
THYMOXAMINE	4	0	4	0	7	0	0	0	0	1	0.5625	0
MECLOFENAMATE_SODIUM	5	0	3	2	3	0	0	0	0	2	0.07142857142857142	0
BUSPIRONE	7	2	7	0	6	0	3	2	0	0	0.7142857142857143	1
ZOTEPINE	4	1	2	0	4	0	1	0	0	2	0.2222222222222222	1
BUTORPHANOL	3	1	3	2	2	3	1	0	2	1	0.7142857142857143	1
RALOXIFENE_HYDROCHLORIDE	6	1	5	2	7	0	2	0	0	3	0.25	0
SULFAPYRIDINE	6	0	5	2	3	0	1	0	0	1	0.0	0
DANAZOL	3	0	3	1	0	6	1	0	0	0	0.6818181818181818	0
LERCANIDIPINE	9	1	9	1	14	1	1	0	0	3	0.3333333333333333	0
RECAINAM	4	0	4	3	8	0	0	2	0	1	0.5333333333333333	0
FELBINAC	2	0	2	1	3	0	0	0	0	2	0.07142857142857142	0
VINCAMINE	5	3	5	1	3	3	4	0	0	1	0.5714285714285714	0
CHLORAMPHENICOL_PALMITATE	10	0	8	2	23	2	0	1	0	1	0.7037037037037037	0
IRBESARTAN	7	1	7	1	7	0	2	1	0	2	0.4	0
CEFUROXIME_AXETIL	15	2	14	2	13	3	3	3	0	0	0.4	0
ALBENDAZOLE	6	0	5	2	6	0	1	1	0	1	0.3333333333333333	0
ALCLOFENAC	4	0	3	1	5	0	0	0	0	1	0.18181818181818185	0
PHENSUXIMIDE	3	1	3	0	1	1	1	2	0	1	0.2727272727272727	1
ANILERIDINE	4	1	4	1	7	0	1	0	0	2	0.4090909090909091	1
DICYCLOMINE_HYDROCHLORIDE	3	0	3	0	8	0	0	0	0	0	0.9473684210526316	0
FOSAMPRENAVIR	14	1	12	4	15	3	1	1	0	2	0.48	0
BAMIFYLLINE	8	0	8	1	8	0	2	0	0	1	0.45	0
SULFISOXAZOLE	7	0	6	2	3	0	1	0	0	1	0.18181818181818185	0
OXYPHENONIUM_BROMIDE	4	0	4	1	9	1	0	0	0	1	0.6666666666666666	0
CISAPRIDE_MONOHYDRATE	9	1	7	2	10	2	1	1	0	2	0.43478260869565216	0
MINOXIDIL	6	1	6	3	1	0	2	0	0	0	0.5555555555555556	0
MENADIOL	2	0	2	2	0	0	0	0	0	2	0.09090909090909093	0
STIRIPENTOL	3	1	3	1	3	1	1	0	0	1	0.42857142857142855	1
FLECAINIDE_ACETATE	11	1	5	2	10	1	1	1	0	1	0.5882352941176471	0
PAROXETINE	5	2	4	1	4	2	2	0	0	2	0.3684210526315789	1
ENPROFYLLINE	6	0	6	2	2	0	2	0	0	0	0.375	0
NYSTATIN	18	2	18	12	3	18	2	0	0	0	0.6808510638297872	0
NITRENDIPINE	8	1	8	1	7	1	1	0	0	1	0.3333333333333333	0
CARBAZOCHROME	7	1	7	3	2	1	1	2	0	0	0.3	0
MELITRACEN	1	0	1	0	3	0	0	0	0	2	0.3333333333333333	1
PRAZOSIN	9	1	9	1	5	0	3	1	0	1	0.3157894736842105	0
ENALAPRIL	7	1	7	2	11	3	1	1	0	1	0.55	0
SALSALATE	5	0	5	2	4	0	0	0	0	2	0.0	0
PRALIDOXIME_CHLORIDE	3	0	3	1	1	0	1	0	0	0	0.14285714285714285	0
METHOCARBAMOL	6	0	6	2	7	1	0	1	0	1	0.3636363636363637	1
OSELTAMIVIR_PHOSPHATE	6	0	6	2	9	3	0	1	0	0	0.75	0
AMINOPHYLLINE	6	0	6	1	0	0	2	0	0	0	0.2857142857142857	1
CARBENOXOLONE	7	0	7	2	6	9	0	0	0	0	0.8235294117647058	0
DEXRAZOXANE	8	2	8	2	3	1	2	4	0	0	0.6363636363636364	0
METHACYCLINE_HYDROCHLORIDE	10	0	10	6	2	5	0	1	0	1	0.3181818181818182	0
INDOMETHACIN	6	0	5	1	5	0	1	0	0	2	0.15789473684210525	0
BOSENTAN	12	0	11	2	11	0	2	0	0	2	0.25925925925925924	0
PROPICILLIN	8	2	7	2	7	4	2	2	0	1	0.5	0
MIGLITOL	6	1	6	5	3	4	1	0	0	0	1.0	0
BENZTHIAZIDE	11	1	7	2	5	0	1	0	0	2	0.13333333333333333	0
PRAMIPEXOLE	4	0	3	2	3	1	1	0	0	0	0.7	1
VALSARTAN	8	0	8	2	11	1	1	1	0	2	0.375	0
MENADIOL_SODIUM_DIPHOSPHATE	4	0	4	0	4	0	0	0	0	2	0.2	0
CLOBUTINOL	3	0	2	1	5	2	0	0	0	1	0.5714285714285714	0
CLOPIDOGREL_BISULFATE	5	1	3	0	4	1	2	0	0	1	0.3125	0
ROXITHROMYCIN	17	3	17	5	13	18	3	0	0	0	0.9512195121951221	0
INDELOXAZINE	3	1	3	1	3	1	1	0	0	1	0.42857142857142855	1
GLYCERIN	3	0	3	3	2	0	0	0	0	0	1.0	0
CHLORAZEPATE	6	1	5	2	2	1	1	1	0	2	0.0625	1
SORIVUDINE	9	1	8	4	3	4	2	0	0	0	0.4545454545454545	0
CANDESARTAN	6	2	6	1	1	1	4	0	0	1	0.25	0
NALBUPHINE	5	2	5	3	2	5	2	0	2	1	0.7142857142857143	1
TOPIRAMATE	10	3	9	1	3	4	3	0	0	0	1.0	1
CHLORPHENESIN	4	0	3	2	4	1	0	0	0	1	0.3333333333333333	1
PENTAERYTHRITOL	16	0	16	0	12	0	0	0	0	0	1.0	0
TROPISETRON	4	2	4	1	3	2	3	0	2	1	0.4705882352941176	1
HYDROCORTISONE_CYPIONATE	6	0	6	2	7	7	0	0	0	0	0.8275862068965517	0
SULPIRIDE	8	1	7	2	7	1	1	1	0	1	0.5333333333333333	1
NIFURTIMOX	9	1	8	0	3	1	2	0	0	0	0.5	0
SULFACYTINE	8	0	7	2	4	0	1	0	0	1	0.16666666666666666	0
DAPSONE	5	0	4	2	2	0	0	0	0	2	0.0	0
RIBAVIRIN	9	1	9	4	3	4	2	1	0	0	0.625	0
ETRETINATE	3	0	3	0	8	0	0	0	0	1	0.3478260869565217	0
DICUMAROL	6	0	6	2	2	0	2	0	0	2	0.05263157894736842	0
BROMFENAC	5	0	4	2	4	0	0	0	0	2	0.06666666666666668	0
ACETYLCYSTEINE	5	0	4	3	4	1	0	1	0	0	0.6	0
ABACAVIR_SULFATE	7	0	7	3	4	2	2	0	0	0	0.5	0
DEXAMETHASONE	6	0	5	3	2	8	0	0	0	0	0.7272727272727273	1
DOXEPIN	2	1	2	0	3	0	1	0	0	2	0.2631578947368421	1
LACIDIPINE	7	1	7	1	11	0	1	0	0	1	0.4230769230769231	0
CLOFIBRATE	4	0	3	0	5	0	0	0	0	1	0.4166666666666667	0
STAVUDINE	6	1	6	2	2	2	2	0	0	0	0.4	0
PIPERAZINE_CITRATE	2	1	2	2	0	0	1	0	0	0	1.0	0
VITAMIN_A_PALMITATE	2	0	2	0	21	0	0	0	0	0	0.6944444444444444	0
PHENOXYBENZAMINE_HYDROCHLORIDE	3	0	2	0	8	1	0	0	0	2	0.3333333333333333	0
MELPERONE	3	1	2	0	5	0	1	0	0	1	0.5625	1
ALFENTANIL	9	1	9	0	10	0	2	1	0	1	0.6190476190476191	1
CLENBUTEROL	5	0	3	3	4	1	0	0	0	1	0.5	0
RILUZOLE	7	0	3	1	2	0	1	0	0	1	0.125	0
PHENINDAMINE	1	1	1	0	1	1	1	0	0	2	0.2631578947368421	1
ETHIONAMIDE	3	0	2	1	2	0	1	0	0	0	0.25	0
ETHOPROPAZINE	3	1	2	0	5	1	1	0	0	2	0.3684210526315789	1
BENZONATATE	12	0	12	1	33	0	0	0	0	1	0.7666666666666667	0
DIPIPANONE	2	1	2	0	7	1	1	0	0	2	0.4583333333333333	1
BROMHEXINE	4	0	2	1	3	0	0	0	0	1	0.5714285714285714	0
METHAZOLAMIDE	9	0	7	1	2	0	1	1	0	0	0.4	0
PHENYLBUTAZONE	4	1	4	0	5	0	1	2	0	2	0.2631578947368421	0
ACECAINIDE	5	0	5	2	9	0	0	2	0	1	0.4666666666666667	0
BUSULFAN	8	0	6	0	7	0	0	0	0	0	1.0	0
QUINACRINE	5	0	4	1	9	1	1	0	0	2	0.43478260869565216	0
ACETOPHENAZINE	6	2	5	1	7	0	2	0	0	2	0.43478260869565216	1
SEMATILIDE	7	0	6	2	9	0	0	1	0	1	0.5	0
FOSFOMYCIN_TROMETHAMINE	5	1	4	2	1	2	1	0	0	0	1.0	0
PYRIDOSTIGMINE_BROMIDE	4	0	4	0	3	0	1	1	0	0	0.3333333333333333	0
THIAMPHENICOL	9	0	6	3	7	2	0	1	0	1	0.4166666666666667	0
TRAMADOL	3	0	3	1	4	2	0	0	0	1	0.625	1
QUAZEPAM	8	1	2	0	3	0	1	0	0	2	0.17647058823529413	1
ITRACONAZOLE	14	2	12	0	11	3	4	0	0	3	0.3714285714285713	0
METAXALONE	4	1	4	1	3	1	1	1	0	1	0.4166666666666667	1
SULTAMICILLIN	15	4	13	2	10	6	4	3	0	1	0.56	0
TRIMIPRAMINE	2	1	2	0	4	1	1	0	0	2	0.4	1
LEVAMISOLE_HYDROCHLORIDE	3	2	2	0	1	1	2	0	0	1	0.3636363636363637	0
CANDESARTAN_CILEXETIL	12	0	12	1	13	1	2	0	0	3	0.3333333333333333	0
ALMOTRIPTAN	6	1	5	1	6	0	2	0	0	1	0.5294117647058824	1
ATENOLOL	5	0	5	3	8	1	0	1	0	1	0.5	0
BETHANECHOL_CHLORIDE	4	0	4	1	4	1	0	1	0	0	0.8571428571428571	0
BENZNIDAZOLE	7	0	7	1	6	0	1	1	0	1	0.16666666666666666	0
TILIDINE	3	0	3	0	5	2	0	0	0	1	0.4705882352941176	1
NEFAZODONE	8	1	7	0	10	0	2	0	0	2	0.44	1
INDAPAMIDE	8	1	6	2	4	1	1	1	0	2	0.1875	0
OXYPHENCYCLIMINE_HYDROCHLORIDE	5	1	5	1	6	1	1	0	0	1	0.6	0
CHLORAMPHENICOL	9	0	7	3	7	2	0	1	0	1	0.3636363636363637	0
TOLOXATONE	4	1	4	1	2	1	1	1	0	1	0.3636363636363637	1
FLEROXACIN	9	1	6	1	4	0	2	0	0	1	0.4117647058823529	0
DYPHYLLINE	8	0	8	2	3	1	2	0	0	0	0.5	0
VIGABATRIN	3	0	3	2	4	1	0	0	0	0	0.5	1
GLYBURIDE	10	0	8	3	11	0	0	3	0	2	0.39130434782608703	0
CYCLOBENZAPRINE_HYDROCHLORIDE	1	0	1	0	3	0	0	0	0	2	0.2	0
COCAINE	5	2	5	0	5	4	2	0	2	1	0.5294117647058824	1
CINNARIZINE	2	1	2	0	6	0	1	0	0	3	0.2307692307692308	1
CEPHALEXIN	8	2	7	3	5	3	2	2	0	1	0.3125	0
ORPHENADRINE	2	0	2	0	6	1	0	0	0	2	0.3333333333333333	1
DIDANOSINE	7	1	7	2	2	2	3	0	0	0	0.5	0
OPIPRAMOL	4	2	4	1	6	0	2	0	0	2	0.39130434782608703	1
THALIDOMIDE	6	2	6	1	1	1	2	4	0	1	0.2307692307692308	1
ZOLPIDEM	4	0	4	0	4	0	2	1	0	1	0.2631578947368421	1
PERINDOPRIL_ERBUMINE	7	1	7	2	10	5	1	1	0	0	0.8421052631578947	0
NITISINONE	9	0	6	0	4	0	0	0	0	1	0.35714285714285715	0
CHLORMEZANONE	6	1	4	0	1	1	1	1	0	1	0.3636363636363637	1
ARIPIPRAZOLE	7	2	5	1	7	0	2	1	0	2	0.43478260869565216	1
BENOXAPROFEN	5	0	4	1	3	1	1	0	0	2	0.125	0
BENZTROPINE	2	2	2	0	4	2	2	0	2	2	0.42857142857142855	1
AMPRENAVIR	10	1	9	3	13	3	1	1	0	2	0.48	0
MORPHINE	4	2	4	2	0	5	2	0	2	1	0.5294117647058824	1
RIVASTIGMINE	4	0	4	0	6	1	0	1	0	1	0.5	1
LISINOPRIL	8	1	8	4	13	3	1	1	0	1	0.5714285714285714	0
PROMAZINE	3	1	2	0	4	0	1	0	0	2	0.29411764705882354	1
ZOMEPIRAC	5	0	4	1	4	0	1	0	0	1	0.2	0
CLOMIPRAMINE	3	1	2	0	4	0	1	0	0	2	0.3684210526315789	1
MYCOPHENOLATE	6	1	6	2	6	0	1	0	0	1	0.4117647058823529	0
TOLMETIN_SODIUM	4	0	4	1	4	0	1	0	0	1	0.2	0
MODAFINIL	4	0	3	1	5	1	0	1	0	2	0.13333333333333333	1
METHIMAZOLE	3	0	2	1	0	0	1	0	0	0	0.25	0
LOFEPRAMINE	4	1	3	0	7	0	1	0	0	3	0.2692307692307692	1
INDECAINIDE_HYDROCHLORIDE	3	0	3	2	6	0	0	1	0	2	0.35	0
NITRAZEPAM	6	1	6	1	2	0	1	1	0	2	0.06666666666666668	1
ENCAINIDE	4	1	4	1	7	1	1	1	0	2	0.4090909090909091	0
CEFPROZIL	9	2	8	4	6	3	2	2	0	1	0.2777777777777778	0
FLUORESCEIN	5	2	5	2	0	0	2	0	0	3	0.05	0
ANIRACETAM	4	1	4	0	3	0	1	2	0	1	0.3333333333333333	1
HALOPERIDOL	5	1	3	1	6	0	1	0	0	2	0.3809523809523809	1
DIAMORPHINE	6	2	6	0	4	5	2	0	2	1	0.5238095238095238	1
CARBIDOPA	6	0	6	5	4	1	0	0	0	1	0.3	0
NORFLOXACIN	7	1	6	2	3	0	2	0	0	1	0.375	0
BENTIROMIDE	7	0	7	4	9	1	0	2	0	3	0.08695652173913042	0
TRIFLUPROMAZINE	6	1	2	0	5	0	1	0	0	2	0.3333333333333333	1
ERGOCALCIFEROL	1	0	1	1	5	6	0	0	0	0	0.7142857142857143	0
FLUCONAZOLE	9	0	7	1	5	0	2	0	0	1	0.2307692307692308	0
WARFARIN_SODIUM	4	0	4	1	4	1	1	0	0	2	0.15789473684210525	0
TERAZOSIN	9	2	9	1	5	1	3	1	0	1	0.5263157894736842	0
TACROLIMUS	13	3	13	3	7	14	3	1	2	0	0.7727272727272727	0
DIPHEMANIL_METHYLSULFATE	1	1	1	0	2	0	1	0	0	2	0.3	0
BIPERIDEN	2	1	2	1	5	4	1	0	2	1	0.6190476190476191	1
SUCCIMER	6	0	4	4	3	2	0	0	0	0	0.5	0
ALENDRONATE_SODIUM	10	0	8	6	5	0	0	0	0	0	1.0	0
AZANIDAZOLE	8	0	8	1	3	0	2	0	0	0	0.1	0
DICLOFENAC	5	0	3	2	4	0	0	0	0	2	0.07142857142857142	1
CLOBAZAM	5	1	4	0	1	0	1	2	0	2	0.125	1
OXAMNIQUINE	6	1	6	3	5	1	1	0	0	1	0.5714285714285714	0
AMTOLMETIN	7	0	7	1	10	0	1	1	0	2	0.2083333333333333	0
FELODIPINE	7	1	5	1	6	1	1	0	0	1	0.3333333333333333	0
LAMOTRIGINE	7	0	5	2	1	0	1	0	0	1	0.0	1
DONEPEZIL	4	1	4	0	6	1	1	0	0	2	0.4583333333333333	1
CLEMASTINE	3	1	2	0	6	2	1	0	0	2	0.42857142857142855	1
ETHCHLORVYNOL	2	0	1	1	2	1	0	0	0	0	0.42857142857142855	1
TRIPROLIDINE	2	1	2	0	4	0	2	0	0	1	0.3157894736842105	1
PERINDOPRILAT	7	1	7	3	8	5	1	1	0	0	0.8235294117647058	0
LOPERAMIDE_HYDROCHLORIDE	5	1	4	1	8	0	1	1	0	3	0.3448275862068966	0
CEFDITOREN	14	2	11	3	8	2	4	2	0	0	0.2631578947368421	0
DEXMEDETOMIDINE	2	0	2	1	2	1	1	0	0	1	0.3076923076923077	1
PANTOPRAZOLE	10	0	7	1	7	1	2	0	0	1	0.25	0
CLONIDINE	5	1	3	2	2	0	1	0	0	1	0.2222222222222222	1
BEPOTASTINE	6	1	5	1	8	1	2	0	0	1	0.42857142857142855	0
LOPRAZOLAM	10	3	9	0	3	0	3	1	0	2	0.2608695652173913	1
SULFADIAZINE	7	0	6	2	3	0	1	0	0	1	0.0	0
ANTAZOLINE	3	1	3	1	5	0	1	0	0	2	0.2352941176470588	0
AZARIBINE	12	1	12	1	8	4	2	0	0	0	0.5714285714285714	0
TINIDAZOLE	8	0	7	0	5	0	1	0	0	0	0.625	0
LEVETIRACETAM	4	1	4	1	3	1	1	2	0	0	0.75	1
ATOMOXETINE	2	0	2	1	6	1	0	0	0	2	0.29411764705882354	1
NABILONE	3	1	3	1	6	2	1	0	0	1	0.7083333333333334	1
LOXAPINE	5	2	4	0	1	0	2	0	0	2	0.2777777777777778	1
VALACYCLOVIR_HYDROCHLORIDE	10	0	10	3	8	1	2	0	0	0	0.5384615384615384	0
TALIPEXOLE	4	1	3	1	2	0	2	0	0	0	0.5	1
DIETHYLCARBAMAZINE_CITRATE	4	1	4	0	4	0	1	2	0	0	0.9	0
THEOPHYLLINE	6	0	6	1	0	0	2	0	0	0	0.2857142857142857	1
RITODRINE_HYDROCHLORIDE	4	0	4	4	6	2	0	0	0	2	0.29411764705882354	0
ACECLOFENAC	7	0	5	2	7	0	0	0	0	2	0.125	0
TOLBUTAMIDE	6	0	5	2	7	0	0	2	0	1	0.4166666666666667	0
PROPYPHENAZONE	3	0	3	0	2	0	1	0	0	1	0.35714285714285715	0
DIPYRONE	8	0	7	1	4	0	1	0	0	1	0.3076923076923077	0
SPARFLOXACIN	9	1	7	3	3	2	2	0	0	1	0.4736842105263158	0
ORLISTAT	6	1	6	1	24	4	1	1	0	0	0.8965517241379308	0
ACARBOSE	19	3	19	14	9	19	3	0	0	0	0.92	0
BENZPHETAMINE	1	0	1	0	5	1	0	0	0	2	0.29411764705882354	1
PERICYAZINE	5	2	4	1	4	0	2	0	0	2	0.3809523809523809	1
ANAGRELIDE_HYDROCHLORIDE	6	2	4	1	0	0	2	1	0	1	0.2	0
METAPROTERENOL	4	0	4	4	4	1	0	0	0	1	0.4545454545454545	0
RAMIPRIL	7	1	7	2	11	5	1	1	0	1	0.6086956521739131	0
CIPROFLOXACIN	7	1	6	2	3	0	2	0	0	1	0.4117647058823529	0
THIETHYLPERAZINE	5	2	3	0	6	0	2	0	0	2	0.4545454545454545	1
MIZORIBINE	9	1	9	5	3	4	2	1	0	0	0.5555555555555556	0
OLANZAPINE	5	2	4	1	1	0	3	0	0	1	0.35294117647058826	1
PEROSPIRONE	7	2	6	0	6	2	3	2	0	1	0.6086956521739131	1
SPIRAPRIL	9	2	7	2	11	3	2	1	0	1	0.5909090909090909	0
DESLORATADINE	3	1	2	1	0	0	2	0	0	1	0.3157894736842105	0
IOFLUPANE	4	2	3	0	6	4	2	0	2	1	0.6111111111111112	1
METOLAZONE	8	1	6	2	2	1	1	1	0	2	0.1875	0
DIGOXIN	14	4	14	6	7	21	4	0	0	0	0.9268292682926828	0
ACEBUTOLOL	6	0	6	3	11	1	0	1	0	1	0.5555555555555556	0
DOXAPRAM	4	2	4	0	6	1	2	1	0	2	0.4583333333333333	1
COLISTIN_SULFATE	29	1	29	18	32	13	1	11	0	0	0.7884615384615384	0
PHENYTOIN	4	1	4	2	2	0	1	3	0	2	0.06666666666666668	1
ATORVASTATIN_CALCIUM	8	0	7	4	13	2	1	1	0	3	0.2727272727272727	0
SULFASALAZINE	10	0	9	3	6	0	1	0	0	2	0.0	0
LAMIVUDINE	7	1	6	2	2	2	2	0	0	0	0.5	0
CYCLOTHIAZIDE	10	1	7	3	2	4	1	0	2	1	0.42857142857142855	0
BROMAZEPAM	5	1	4	1	1	0	2	1	0	1	0.07142857142857142	1
LETROZOLE	5	0	5	0	3	0	1	0	0	2	0.05882352941176471	0
MERCAPTOPURINE	5	0	4	2	0	0	2	0	0	0	0.0	0
TOLCAPONE	6	0	6	2	3	0	0	0	0	2	0.07142857142857142	1
THIOPROPAZATE	7	2	5	0	8	0	2	0	0	2	0.43478260869565216	1
FLUFENAMIC	6	0	3	2	4	0	0	0	0	2	0.07142857142857142	0
CHLOMETHIAZOLE	3	0	1	0	2	0	1	0	0	0	0.5	1
DROPERIDOL	6	1	5	1	6	0	2	0	0	2	0.2727272727272727	1
NALMEFENE	4	2	4	2	2	4	2	0	2	1	0.6190476190476191	1
ALFACALCIDOL	2	0	2	2	6	6	0	0	0	0	0.7777777777777778	0
PRIFINIUM	1	1	1	0	4	1	1	0	0	2	0.3636363636363637	0
BETAXOLOL_HYDROCHLORIDE	4	0	4	2	11	1	0	0	0	1	0.6666666666666666	0
ISOTRETINOIN	2	0	2	1	5	0	0	0	0	0	0.45	0
SCOPOLAMINE	5	3	5	1	5	5	3	0	2	1	0.5882352941176471	1
EMTRICITABINE	8	1	6	2	2	2	2	0	0	0	0.5	0
PROPYLTHIOURACIL	4	0	3	2	2	0	1	0	0	0	0.42857142857142855	0
FLUNITRAZEPAM	7	1	6	0	2	0	1	1	0	2	0.125	1
URACIL_MUSTARD	7	0	5	2	5	0	1	0	0	0	0.5	0
DEFERIPRONE	3	0	3	1	0	0	1	0	0	0	0.2857142857142857	0
DOXYCYCLINE	10	0	10	6	2	6	0	1	0	1	0.4090909090909091	0
ISOSORBIDE_MONONITRATE	7	2	7	1	2	4	2	0	0	0	1.0	0
VALGANCICLOVIR_HYDROCHLORIDE	11	0	11	4	9	2	2	0	0	0	0.5714285714285714	0
MELOXICAM	9	1	7	2	3	0	2	1	0	1	0.14285714285714285	0
PROMETHAZINE	3	1	2	0	3	1	1	0	0	2	0.29411764705882354	1
ZATEBRADINE	7	1	7	0	11	0	1	1	0	2	0.5	0
NICOTINE	2	1	2	0	1	1	2	0	0	0	0.5	1
TEMAZEPAM	5	1	4	1	1	1	1	1	0	2	0.125	1
PERPHENAZINE	6	2	4	1	6	0	2	0	0	2	0.42857142857142855	1
TRIENTINE_HYDROCHLORIDE	4	0	4	4	7	0	0	0	0	0	1.0	0
FUROSEMIDE	9	0	7	3	5	0	1	0	0	1	0.08333333333333333	0
AMIODARONE_HYDROCHLORIDE	6	0	4	0	11	0	1	0	0	2	0.4	0
TICLOPIDINE_HYDROCHLORIDE	3	1	1	0	2	0	2	0	0	1	0.2857142857142857	0
SULFAMETER	8	0	7	2	4	0	1	0	0	1	0.09090909090909093	0
PHENPROCOUMON	3	0	3	1	3	1	1	0	0	2	0.16666666666666666	0
PROTOKYLOL_HYDROCHLORIDE	6	1	6	4	6	2	1	0	0	2	0.3333333333333333	0
MOLINDONE	4	1	4	1	3	1	2	0	0	0	0.6875	1
HOMATROPINE_METHYLBROMIDE	5	2	4	1	4	3	2	0	2	1	0.5882352941176471	0
ESTROPIPATE	6	0	5	1	2	4	0	0	0	1	0.6111111111111112	0
NEVIRAPINE	5	1	5	1	1	0	3	1	0	0	0.26666666666666666	0
DILOXANIDE	5	0	3	1	3	0	0	1	0	1	0.2222222222222222	0
DEXTROMORAMIDE	4	2	4	0	7	1	2	1	0	2	0.48	1
FLUVASTATIN_SODIUM	6	0	5	3	8	2	1	0	0	2	0.2916666666666667	0
FOSINOPRIL_SODIUM	9	1	8	1	16	4	1	1	0	1	0.7	0
TILUDRONATE_DISODIUM	10	0	6	4	4	0	0	0	0	1	0.14285714285714285	0
VILOXAZINE	4	1	4	1	5	1	1	0	0	1	0.5384615384615384	1
NALTREXONE	5	2	5	2	2	4	2	0	2	1	0.65	1
BICALUTAMIDE	11	0	6	2	7	1	0	1	0	2	0.2222222222222222	0
MEPARTRICIN	21	3	21	12	11	19	3	0	2	1	0.5932203389830508	0
IVERMECTIN	14	6	14	3	8	20	6	0	2	0	0.8125	0
CIPROFIBRATE	5	0	3	1	4	1	0	0	0	1	0.4615384615384616	0
LIOTHYRONINE	8	0	5	3	5	1	0	0	0	2	0.13333333333333333	0
FLUVOXAMINE	7	0	4	1	10	0	0	0	0	1	0.5333333333333333	1
DIFLUNISAL	5	0	3	2	2	0	0	0	0	2	0.0	0
IDARUBICIN	10	1	10	5	3	6	1	0	0	2	0.4230769230769231	0
SIBUTRAMINE	2	0	1	0	5	1	0	0	0	1	0.6470588235294118	1
ALLOPURINOL	5	0	5	2	0	0	2	0	0	0	0.0	0
GLICLAZIDE	7	1	6	2	5	2	1	2	0	1	0.5333333333333333	0
SORBINIL	6	2	5	2	0	1	2	3	0	1	0.2727272727272727	0
LEUCOVORIN	14	1	14	7	11	2	2	2	0	1	0.3	0
CILAZAPRIL	8	2	8	2	9	3	2	1	0	1	0.5909090909090909	0
SULFISOXAZOLE_ACETYL	8	0	7	1	4	0	1	1	0	1	0.2307692307692308	0
REMOXIPRIDE	6	1	5	1	7	1	1	1	0	1	0.5625	1
BETHANIDINE_SULFATE	3	0	3	2	4	0	0	0	0	1	0.3	0
SULFAMETHOXAZOLE	7	0	6	2	3	0	1	0	0	1	0.1	0
DOLASETRON	5	4	5	1	3	2	5	0	4	1	0.4736842105263158	1
NOVOBIOCIN_SODIUM	13	1	13	5	10	4	2	2	0	2	0.3870967741935484	0
XYLOSE	5	0	5	4	4	3	0	0	0	0	0.8	0
BENPERIDOL	6	1	5	1	6	0	2	0	0	2	0.3636363636363637	1
THIORIDAZINE	4	2	2	0	4	1	2	0	0	2	0.42857142857142855	1
PHENOLPHTHALEIN	4	1	4	2	2	0	1	0	0	3	0.05	0
AMISULPRIDE	8	1	7	2	8	1	1	1	0	1	0.5882352941176471	1
SUCRALFATE	43	2	35	8	20	9	2	0	0	0	1.0	0
TROLEANDOMYCIN	16	4	16	0	12	18	4	0	0	0	0.8780487804878049	0
BISOPROLOL_FUMARATE	5	0	5	2	12	1	0	0	0	1	0.6666666666666666	0
MIDODRINE_HYDROCHLORIDE	6	0	6	3	7	1	0	1	0	1	0.4166666666666667	0
EMEPRONIUM	1	0	1	0	6	1	0	0	0	2	0.4	0
HALAZEPAM	7	1	3	0	3	0	1	1	0	2	0.17647058823529413	1
SETIPTILINE	1	1	1	0	0	0	1	0	0	2	0.2631578947368421	1
METHYLERGONOVINE	5	1	5	3	5	3	2	1	0	1	0.45	0
PROCHLORPERAZINE	5	2	3	0	4	0	2	0	0	2	0.4	1
IOMAZENIL	7	1	6	0	3	0	2	1	0	1	0.26666666666666666	1
CLONAZEPAM	7	1	6	1	2	0	1	1	0	2	0.06666666666666668	1
FLUMAZENIL	7	1	6	0	3	0	2	1	0	1	0.26666666666666666	1
ANISINDIONE	3	0	3	0	2	0	0	0	0	2	0.125	0
HYDROCORTISONE	5	0	5	3	2	7	0	0	0	0	0.8095238095238095	0
BROMOCRIPTINE	11	4	10	3	6	6	5	3	0	1	0.59375	1
BEMETIZIDE	10	1	7	3	3	2	1	0	0	2	0.2	0
LIDOFLAZINE	6	1	4	1	10	0	1	1	0	3	0.3666666666666665	0
REBOXETINE	4	1	4	1	6	2	1	0	0	2	0.3684210526315789	1
NEOSTIGMINE	4	0	4	0	4	0	0	1	0	1	0.4166666666666667	0
CHLOROTRIANISENE	4	0	3	0	6	0	0	0	0	3	0.13043478260869565	0
COLCHICINE	7	0	7	1	6	1	0	1	0	2	0.3636363636363637	0
GLISOLAMIDE	10	0	9	3	10	0	1	3	0	1	0.45	0
DISTIGMINE	8	0	8	0	13	0	2	2	0	0	0.4545454545454545	0
DEHYDROCHOLIC	5	0	5	1	4	8	0	0	0	0	0.8333333333333334	0
PRAZEPAM	4	1	3	0	3	0	1	1	0	2	0.2631578947368421	1
NITAZOXANIDE	9	0	8	1	6	0	1	1	0	1	0.08333333333333333	0
PHENAZOCINE	2	1	2	1	3	3	1	0	2	2	0.4545454545454545	1
ATAZANAVIR	13	0	13	5	22	4	1	4	0	2	0.4473684210526316	0
IPODATE	7	0	4	1	5	0	0	0	0	1	0.3333333333333333	0
BENAZEPRIL	7	1	7	2	10	2	1	1	0	2	0.375	0
PERGOLIDE	3	1	2	1	4	3	2	0	0	1	0.5789473684210527	1
ROSARAMICIN	10	3	10	2	6	13	3	0	0	0	0.8387096774193549	0
BROXATEROL	5	0	4	2	4	1	1	0	0	0	0.6666666666666666	0
PHENOBARBITAL/PHENOBARBITONE	5	1	5	2	2	0	1	4	0	1	0.25	1
VARDENAFIL	11	1	10	1	8	0	3	0	0	1	0.5217391304347826	0
BRIVUDINE	8	1	7	3	3	3	2	0	0	0	0.4545454545454545	0
DEMECLOCYCLINE_HYDROCHLORIDE	11	0	10	6	1	5	0	0	0	1	0.3809523809523809	0
ISOPROPAMIDE_IODIDE	3	0	3	1	8	0	0	1	0	2	0.43478260869565216	0
CHLOROQUINE_PHOSPHATE	4	0	3	1	8	1	1	0	0	1	0.5	0
MEMANTINE	1	0	1	1	0	2	0	0	4	0	1.0	1
SUMATRIPTAN	6	0	5	2	6	0	1	0	0	1	0.42857142857142855	1
OXAZEPAM	5	1	4	2	1	1	1	1	0	2	0.06666666666666668	1
OXYPERTINE	5	1	5	1	6	0	2	0	0	2	0.39130434782608703	1
CHLORMETHIAZOLE	3	0	1	0	2	0	1	0	0	0	0.4	1
PALONOSETRON	3	4	3	0	1	2	4	1	2	1	0.631578947368421	1
CEFDITOREN_PIVOXIL	16	2	13	2	13	2	4	2	0	0	0.4	0
FLUOCORTOLONE	5	0	4	2	2	9	0	0	0	0	0.7272727272727273	0
ERYTHRITYL	16	0	16	0	11	2	0	0	0	0	1.0	0
TRIAMCINOLONE	7	0	6	4	2	8	0	0	0	0	0.7142857142857143	0
NICORANDIL	7	0	7	1	6	0	1	1	0	0	0.25	0
PREGABALIN	3	0	3	2	5	1	0	0	0	0	0.875	1
GEMIFLOXACIN	10	1	9	2	5	1	3	0	0	0	0.4444444444444444	0
EPALRESTAT	6	1	4	1	4	0	1	1	0	1	0.13333333333333333	0
FLUPIRTINE	7	0	6	3	7	0	1	1	0	1	0.2	1
FENOTEROL	5	0	5	5	6	2	0	0	0	2	0.29411764705882354	0
QUINESTROL	2	0	2	1	2	5	0	0	0	1	0.68	0
LEVODROPROPIZINE	4	1	4	2	4	1	1	0	0	1	0.5384615384615384	0
DIPHENHYDRAMINE	2	0	2	0	6	0	0	0	0	2	0.29411764705882354	1
FENTANYL	3	1	3	0	7	0	1	1	0	2	0.4090909090909091	1
CHLORDIAZEPOXIDE	5	1	4	1	1	0	1	0	0	2	0.125	1
PARALDEHYDE	3	1	3	0	0	0	1	0	0	0	1.0	1
ESTRADIOL	2	0	2	2	0	5	0	0	0	1	0.6666666666666666	0
ACETAZOLAMIDE	9	0	7	2	3	0	1	1	0	0	0.25	1
CINOLAZEPAM	7	1	5	1	3	1	1	1	0	2	0.16666666666666666	1
ONDANSETRON	4	0	4	0	2	1	2	0	0	1	0.3333333333333333	1
BEVANTOLOL	5	0	5	2	10	1	0	0	0	2	0.4	0
PANTOTHENIC	6	0	6	4	7	1	0	1	0	0	0.7777777777777778	0
SULINDAC	5	0	3	1	4	1	0	0	0	2	0.15	0
CORTISONE_ACETATE	5	0	5	2	2	6	0	0	0	0	0.7619047619047619	0
CLIDINIUM_BROMIDE	4	3	4	1	5	1	3	0	2	2	0.4090909090909091	0
LACTULOSE	11	1	11	8	8	8	1	0	0	0	0.9166666666666666	0
HYDROMORPHONE	4	2	4	1	0	4	2	0	2	1	0.5882352941176471	1
MEFENAMIC_ACID	3	0	3	2	3	0	0	0	0	2	0.13333333333333333	0
MEPHENYTOIN	4	1	4	1	2	1	1	3	0	1	0.3333333333333333	1
PENTOXIFYLLINE	7	0	7	0	5	0	2	0	0	0	0.5384615384615384	0
RIZATRIPTAN	5	0	5	1	5	0	2	0	0	1	0.3333333333333333	1
TRANEXAMIC_ACID	3	0	3	2	2	0	0	0	0	0	0.875	0
ACITRETIN	3	0	3	1	6	0	0	0	0	1	0.2857142857142857	0
DIETHYLSTILBESTROL_DIPHOSPHATE	2	0	2	2	4	0	0	0	0	2	0.2222222222222222	0
GALANTAMINE	4	2	4	1	1	3	2	0	0	1	0.5294117647058824	1
MEBENDAZOLE	6	0	6	2	5	0	1	1	0	2	0.0625	0
HYDROXYZINE	5	1	4	1	8	1	1	0	0	2	0.42857142857142855	1
CYSTEAMINE_BITARTRATE	2	0	1	2	1	0	0	0	0	0	1.0	0
PROTRIPTYLINE	1	0	1	1	4	0	0	0	0	2	0.2631578947368421	1
IOCETAMIC_ACID	8	0	5	2	5	1	0	1	0	1	0.3333333333333333	0
DIOSMIN	15	2	15	8	7	10	3	0	0	2	0.4642857142857143	0
LINCOMYCIN_HYDROCHLORIDE	9	2	8	5	8	9	2	1	0	0	0.9444444444444444	0
THIOTHIXENE	7	2	5	0	5	0	2	0	0	2	0.39130434782608703	1
TRIAMTERENE	7	0	7	3	1	0	2	0	0	1	0.0	0
RACECADOTRIL	6	0	5	1	12	1	0	1	0	2	0.2857142857142857	0
LORAZEPAM	6	1	4	2	1	1	1	1	0	2	0.06666666666666668	1
MEPTAZINOL	2	1	2	1	2	1	1	0	0	1	0.6	1
RIBOFLAVIN	10	2	10	5	5	3	2	0	0	1	0.4117647058823529	0
TRIDIHEXETHYL_CHLORIDE	2	0	2	1	8	1	0	0	0	1	0.7142857142857143	0
FROVATRIPTAN	4	0	4	3	2	1	1	1	0	1	0.35714285714285715	0
FLUOXYMESTERONE	4	0	3	2	0	7	0	0	0	0	0.85	0
CELECOXIB	9	0	5	1	4	0	1	0	0	2	0.1176470588235294	0
AZACITIDINE	9	1	9	4	2	4	2	0	0	0	0.625	0
PHENINDIONE	2	0	2	0	1	0	0	0	0	2	0.06666666666666668	0
ROPINIROLE	3	1	3	1	7	0	1	1	0	1	0.5625	1
BUPROPION	3	0	2	1	4	1	0	0	0	1	0.4615384615384616	1
IOHEXOL	15	0	12	8	15	3	0	3	0	1	0.5263157894736842	0
HEXOCYCLIUM_METHYLSULFATE	3	1	3	1	4	1	1	0	0	1	0.7	0
CARBENICILLIN_INDANYL_SODIUM	9	2	8	2	8	4	2	2	0	2	0.38461538461538464	0
EPROSARTAN_MESYLATE	7	0	6	2	10	0	2	0	0	1	0.2608695652173913	0
ENOXACIN	8	1	7	2	3	0	3	0	0	0	0.4	0
ALPRAZOLAM	5	1	4	0	1	0	2	0	0	2	0.1176470588235294	1
MEPROBAMATE	6	0	6	2	8	0	0	2	0	0	0.7777777777777778	1
ANISOTROPINE	3	2	3	0	7	2	2	0	2	0	0.9411764705882352	0
RITONAVIR	13	0	11	4	22	4	2	4	0	2	0.4324324324324325	0
VITAMIN	2	1	2	1	12	3	1	0	0	1	0.7931034482758621	0
PREDNISOLONE	5	0	5	3	2	7	0	0	0	0	0.7142857142857143	0
OTILONIUM	6	0	6	1	18	0	0	1	0	2	0.5172413793103449	0
OXOLINIC	6	1	6	1	2	0	2	0	0	1	0.2307692307692308	0
ROPIVACAINE	3	1	3	1	5	1	1	1	0	1	0.5882352941176471	1
PINAVERIUM	6	1	5	0	10	3	1	0	2	1	0.7692307692307693	0
AZITHROMYCIN_DIHYDRATE	14	3	14	5	7	18	3	0	0	0	0.9736842105263158	0
LACTITOL	11	1	11	9	8	9	1	0	0	0	1.0	0
AMBENONIUM_CHLORIDE	8	0	6	2	17	0	0	2	0	2	0.5	0
CARBETAPENTANE	4	0	4	0	11	0	0	0	0	1	0.65	0
PIROXICAM	8	1	7	2	3	0	2	1	0	1	0.06666666666666668	0
TIMOLOL_MALEATE	8	1	7	2	7	1	2	0	0	0	0.8461538461538461	0
CLARITHROMYCIN	14	3	14	4	8	18	3	0	0	0	0.9473684210526316	0
FENFLURAMINE	4	0	1	1	5	1	0	0	0	1	0.5	1
ASTEMIZOLE	6	1	5	1	8	0	2	0	0	3	0.32142857142857145	0
TANDOSPIRONE	7	2	7	0	6	4	3	2	2	0	0.7142857142857143	1
IMIPRAMINE	2	1	2	0	4	0	1	0	0	2	0.3684210526315789	1
HALOFANTRINE_HYDROCHLORIDE	7	0	2	1	11	1	0	0	0	3	0.4615384615384616	0
ERYTHROMYCIN	14	3	14	5	7	18	3	0	0	0	0.9459459459459459	0
LORMETAZEPAM	6	1	4	1	1	1	1	1	0	2	0.125	1
TRIMEPRAZINE	3	1	2	0	4	1	1	0	0	2	0.3333333333333333	1
REBAMIPIDE	7	0	6	3	6	1	1	1	0	2	0.10526315789473684	0
MEFLOQUINE	9	1	3	2	4	2	2	0	0	1	0.4705882352941176	0
MESORIDAZINE	5	2	3	0	4	2	2	0	0	2	0.42857142857142855	1
AMITRIPTYLINE	1	0	1	0	3	0	0	0	0	2	0.3	1
DIPYRIDAMOLE	12	2	12	4	12	0	4	0	0	0	0.75	0
POLYTHIAZIDE	14	1	7	2	5	1	1	0	0	1	0.4545454545454545	0
TIRAPAZAMINE	6	0	6	1	0	0	1	0	0	1	0.0	0
TENOXICAM	9	1	7	2	3	0	3	1	0	0	0.07692307692307693	0
BUNAZOSIN	8	1	8	1	6	0	2	1	0	1	0.5263157894736842	0
LEVOCARNITINE	4	0	4	2	4	1	0	0	0	0	0.8571428571428571	0
ANASTROZOLE	5	0	5	0	4	0	1	0	0	1	0.4117647058823529	0
MOCLOBEMIDE	5	1	4	1	5	0	1	1	0	1	0.4615384615384616	1
ETODOLAC	4	1	4	2	4	1	2	0	0	1	0.4705882352941176	0
AMINOSALICYLIC_ACID	4	0	4	3	1	0	0	0	0	1	0.0	0
SATIGREL	5	0	5	1	7	0	0	0	0	2	0.2	0
GLIPIZIDE	10	0	9	3	10	0	1	3	0	1	0.42857142857142855	0
TRIAMCINOLONE_DIACETATE	9	0	8	2	6	8	0	0	0	0	0.68	0
CYCLIZINE	2	1	2	0	3	0	1	0	0	2	0.3333333333333333	1
BREQUINAR	5	0	3	1	3	0	1	0	0	3	0.043478260869565216	0
CYCLOPHOSPHAMIDE	7	1	4	1	5	1	1	0	0	0	1.0	0
CROMOLYN_SODIUM	11	0	11	3	8	0	2	0	0	2	0.13043478260869565	0
IBANDRONATE	10	0	8	5	9	0	0	0	0	0	1.0	0
ZALCITABINE	6	1	6	2	2	2	2	0	0	0	0.5555555555555556	0
DIRITHROMYCIN	16	4	16	5	12	20	4	0	2	0	0.9761904761904762	0
TRILOSTANE	4	1	4	2	0	8	1	0	0	0	0.85	0
RILMENIDINE	3	1	3	1	4	0	1	0	0	0	0.9	0
TELITHROMYCIN	15	3	15	1	11	13	5	1	0	0	0.7209302325581395	0
ALPIDEM	6	0	4	0	8	0	2	1	0	1	0.3333333333333333	1
ISRADIPINE	8	1	8	1	6	1	2	0	0	1	0.3684210526315789	0
IPRIFLAVONE	3	0	3	0	3	0	1	0	0	2	0.16666666666666666	0
FLUTAMIDE	8	0	5	1	5	0	0	1	0	1	0.3636363636363637	0
NEFOPAM	2	1	2	0	1	1	1	0	0	2	0.29411764705882354	1
ALOSETRON	5	1	5	1	2	0	3	1	0	1	0.29411764705882354	0
MEPERIDINE	3	1	3	0	4	0	1	0	0	1	0.5333333333333333	1
PIOGLITAZONE	6	1	5	1	7	1	2	2	0	1	0.3157894736842105	0
TELMISARTAN	6	0	6	1	7	0	2	0	0	4	0.18181818181818185	0
DICLOXACILLIN_SODIUM	11	2	8	2	5	3	3	2	0	1	0.3684210526315789	0
OXANDROLONE	3	1	3	1	0	7	1	0	0	0	0.9473684210526316	0
CIMETIDINE	7	0	6	3	7	0	1	0	0	0	0.5	0
MARIMASTAT	8	0	8	5	11	3	0	3	0	0	0.8	0
CEPHALOGLYCIN	10	2	9	3	8	3	2	2	0	1	0.3333333333333333	0
FLUDROCORTISONE_ACETATE	6	0	5	3	2	7	0	0	0	0	0.8095238095238095	0
MESNA	5	0	3	2	2	0	0	0	0	0	1.0	0
SILDENAFIL_CITRATE	11	1	10	1	7	0	3	0	0	1	0.5	0
REMIFENTANIL	7	1	7	0	10	0	1	1	0	1	0.55	1
KANAMYCIN_SULFATE	15	2	15	11	6	15	2	0	0	0	1.0	0
GEMFIBROZIL	3	0	3	1	6	0	0	0	0	1	0.5333333333333333	0
ACETOPHENAZINE	6	2	5	1	7	0	2	0	0	2	0.43478260869565216	1
AMPHOTERICIN_B	18	3	18	12	3	19	3	0	2	0	0.6595744680851063	0
LANSOPRAZOLE	9	0	5	1	6	1	2	0	0	1	0.25	0
AMANTADINE	1	0	1	1	0	0	0	0	4	0	1.0	1
PERFLUBRON	18	0	0	0	7	0	0	0	0	0	1.0	0
CLOTRIMAZOLE	3	0	2	0	4	0	1	0	0	3	0.045454545454545456	0
NYLIDRIN	3	0	3	3	7	3	0	0	0	2	0.3684210526315789	0
INDOMETACIN	6	0	5	0	14	0	1	0	0	2	0.35294117647058826	0
ROSIGLITAZONE_MALEATE	7	1	6	1	7	1	2	2	0	1	0.2777777777777778	0
EBASTINE	3	1	3	0	10	0	1	0	0	3	0.40625	0
FOLIC_ACID	13	0	13	6	10	1	2	1	0	1	0.21052631578947367	0
OXYPHENBUTAZONE	5	1	5	1	5	1	1	2	0	2	0.2631578947368421	0
SODIUM_PHENYLBUTYRATE	2	0	2	1	4	0	0	0	0	1	0.3	0
ESTRAMUSTINE	6	0	4	1	7	5	0	1	0	1	0.6956521739130435	0
TOREMIFENE_CITRATE	3	0	2	0	9	0	0	0	0	3	0.2307692307692308	0
ACETAMINOPHEN/PARACETAMOL	3	0	3	2	2	0	0	1	0	1	0.125	1
METIXENE	2	2	1	0	2	1	2	0	0	2	0.4	1
CYCLANDELATE	3	0	3	1	4	3	0	0	0	1	0.5882352941176471	0
CEFDINIR	12	2	10	4	6	2	3	2	0	0	0.21428571428571427	0
CARPHENAZINE	6	2	5	1	8	0	2	0	0	2	0.4583333333333333	1
METHOTRIMEPRAZINE	4	1	3	0	5	1	1	0	0	2	0.3684210526315789	1
GLISOXEPIDE	11	1	10	3	10	0	2	3	0	1	0.45	0
TYROPANOATE_SODIUM	7	0	4	2	8	1	0	1	0	1	0.4666666666666667	0
AZATADINE	2	1	2	0	0	0	2	0	0	1	0.35	1
NICARDIPINE_HYDROCHLORIDE	9	1	9	1	11	1	1	0	0	2	0.3076923076923077	0
CLEBOPRIDE	6	1	5	2	6	0	1	1	0	2	0.35	0
GANCICLOVIR	9	0	9	4	5	0	2	0	0	0	0.4444444444444444	0
TIPRANAVIR	11	1	7	2	12	2	2	0	0	2	0.3548387096774194	0
NALOXONE	5	2	5	2	2	4	2	0	2	1	0.5263157894736842	1
TRIOXSALEN	3	0	3	0	0	0	2	0	0	1	0.21428571428571427	0
NATEGLINIDE	4	0	4	2	7	1	0	1	0	1	0.5789473684210527	0
OXYBUTYNIN	4	0	4	1	8	1	0	0	0	1	0.5909090909090909	0
NILUTAMIDE	10	1	7	1	3	0	1	3	0	1	0.3333333333333333	0
PHENOPERIDINE	4	1	4	1	8	1	1	0	0	2	0.43478260869565216	1
PHENDIMETRAZINE	2	1	2	0	1	2	1	0	0	1	0.5	1
ETHACRYNIC_ACID	6	0	4	1	6	0	0	0	0	1	0.2307692307692308	0
ROSOXACIN	5	0	5	1	3	0	2	0	0	1	0.1176470588235294	0
NEMONAPRIDE	6	1	5	2	7	2	1	1	0	2	0.3809523809523809	1
HYDROCODONE	4	2	4	0	1	4	2	0	2	1	0.6111111111111112	1
BENZHEXOL	2	1	2	1	5	1	1	0	0	1	0.7	1
FORMOTEROL	6	0	6	4	9	2	0	1	0	2	0.3157894736842105	0
TADALAFIL	7	3	7	1	1	2	4	2	0	2	0.2727272727272727	0
MELPHALAN	6	0	4	2	8	1	0	0	0	1	0.4615384615384616	0
ETIDRONATE_DISODIUM	9	0	7	5	2	0	0	0	0	0	1.0	0
ADEFOVIR_DIPIVOXIL	14	0	13	1	15	0	2	0	0	0	0.65	0
DELAVIRDINE_MESYLATE	10	1	9	3	7	0	3	1	0	1	0.3636363636363637	0
DIHYDROTACHYSTEROL	1	0	1	1	5	7	0	0	0	0	0.7857142857142857	0
RIFAMPIN	16	4	16	6	5	9	4	1	5	2	0.5348837209302325	0
BUDESONIDE	6	1	6	2	4	9	1	0	0	0	0.76	0
MORICIZINE_HYDROCHLORIDE	8	2	7	1	8	0	2	2	0	2	0.3636363636363637	0
FLUOXETINE	5	0	2	1	7	1	0	0	0	2	0.29411764705882354	1
CEFTIBUTEN_DIHYDRATE	12	2	10	4	7	2	3	2	0	0	0.26666666666666666	0
EPHEDRINE	2	0	2	2	3	2	0	0	0	1	0.4	1
PROGLUMETACIN	14	1	13	1	26	1	2	2	0	3	0.4565217391304348	0
OLMESARTAN_MEDOXOMIL	9	0	9	3	8	0	2	0	0	2	0.2916666666666667	0
CAPECITABINE	10	1	9	3	8	4	2	1	0	0	0.6666666666666666	0
TROFOSFAMIDE	8	1	4	0	7	1	1	0	0	0	1.0	0
METHYLTESTOSTERONE	2	0	2	1	0	6	0	0	0	0	0.85	0
METHYCLOTHIAZIDE	11	1	7	2	2	1	1	0	0	1	0.3333333333333333	0
SULFAMETHIZOLE	8	0	6	2	3	0	1	0	0	1	0.1111111111111111	0
NAFCILLIN_SODIUM	8	2	7	2	6	3	2	2	0	2	0.3809523809523809	0
ACENOCOUMAROL	7	0	7	1	5	1	1	0	0	2	0.15789473684210525	0
FLAVOXATE	5	1	5	0	6	0	2	0	0	2	0.3333333333333333	0
ARBIDOL	7	0	5	1	8	0	1	0	0	2	0.3181818181818182	0
DIAZEPAM	4	1	3	0	1	0	1	1	0	2	0.125	1
DUTASTERIDE	10	1	4	2	5	7	1	2	0	1	0.6296296296296297	0
DOXAZOSIN_MESYLATE	10	2	10	1	5	1	3	1	0	2	0.3478260869565217	0
AMBROXOL	5	0	3	3	3	0	0	0	0	1	0.5384615384615384	0
RISPERIDONE	7	2	6	0	4	0	4	0	0	1	0.5217391304347826	1
TAMSULOSIN_HYDROCHLORIDE	8	0	7	2	11	1	0	0	0	2	0.4	0
METHYLPREDNISOLONE	5	0	5	3	2	8	0	0	0	0	0.7272727272727273	1
DELORAZEPAM	5	1	3	1	1	0	1	1	0	2	0.06666666666666668	1
BUTOBARBITONE	5	1	5	2	3	1	1	4	0	0	0.7	1
ISOCARBOXAZID	5	0	5	2	5	0	1	1	0	1	0.16666666666666666	1
DOFETILIDE	10	0	8	2	11	0	0	0	0	2	0.3684210526315789	0
PHENAZOPYRIDINE	5	0	5	2	2	0	1	0	0	1	0.0	0
TRICLOFOS_SODIUM	8	0	4	2	3	0	0	0	0	0	1.0	0
OXYCODONE	5	2	5	1	1	4	2	0	2	1	0.6111111111111112	1
NIZOFENONE	8	0	7	0	8	0	1	0	0	2	0.2380952380952381	1
AMOXICILLIN	9	2	8	4	5	4	2	2	0	1	0.4375	0
BENDROFLUMETHIAZIDE	12	1	7	3	4	1	1	0	0	2	0.2	0
SIMVASTATIN	5	1	5	1	7	7	1	0	0	0	0.76	0
RIFAPENTINE	16	4	16	6	6	9	4	1	5	2	0.5744680851063829	0
VANCOMYCIN_HYDROCHLORIDE	34	7	32	18	14	18	7	6	11	5	0.4328358208955224	0
NORETHINDRONE	2	0	2	1	0	6	0	0	0	0	0.75	0
PHENACEMIDE	4	0	4	2	4	0	0	3	0	1	0.1111111111111111	1
MEPYRAMINE	4	0	4	0	7	0	1	0	0	1	0.35294117647058826	1
CICLETANINE	4	1	3	1	1	1	2	0	0	1	0.21428571428571427	0
PROBENECID	6	0	5	1	7	0	0	0	0	1	0.4615384615384616	0
TRANYLCYPROMINE	1	0	1	1	1	2	0	0	0	1	0.3333333333333333	1
ROSUVASTATIN	11	0	9	3	10	2	1	0	0	1	0.4090909090909091	0
CHLORDIAZEPOXIDE	5	1	4	1	2	0	1	0	0	2	0.125	1
TETRACYCLINE_HYDROCHLORIDE	10	0	10	6	2	5	0	1	0	1	0.4090909090909091	0
TOCAINIDE_HYDROCHLORIDE	3	0	3	2	3	1	0	1	0	1	0.3636363636363637	0
SULTHIAME	8	1	6	1	2	0	1	0	0	1	0.4	1
LEFLUNOMIDE	7	0	4	1	4	0	1	1	0	1	0.16666666666666666	0
CARBAMAZEPINE	3	1	3	1	1	0	1	2	0	2	0.0	1
FELBAMATE	6	0	6	2	7	0	0	2	0	1	0.2727272727272727	1
CHLORZOXAZONE	4	0	3	1	0	0	1	0	0	1	0.0	1
AMINOCAPROIC_ACID	3	0	3	2	5	0	0	0	0	0	0.8333333333333334	0
DESIPRAMINE	2	1	2	1	4	0	1	0	0	2	0.3333333333333333	1
TIOPRONIN	5	0	4	3	4	1	0	1	0	0	0.6	0
PIMOZIDE	6	1	4	1	7	0	2	0	0	3	0.32142857142857145	1
CEFETAMET	12	2	10	3	6	2	3	2	0	0	0.35714285714285715	0
MYCOPHENOLATE_MOFETIL	8	2	8	1	10	0	2	0	0	1	0.5652173913043478	0
BEZAFIBRATE	6	0	5	2	8	0	0	1	0	2	0.2631578947368421	0
TETRAZEPAM	4	1	3	1	1	1	1	1	0	1	0.4375	1
DIHYDROCODEINE	4	2	4	1	1	5	2	0	2	1	0.6666666666666666	1
BEXAROTENE	2	0	2	1	3	0	0	0	0	2	0.375	0
FAMOTIDINE	12	0	9	5	8	0	1	0	0	0	0.375	0
FRAMYCETIN	19	3	19	13	9	19	3	0	0	0	1.0	0
ETILEFRINE	3	0	3	3	4	1	0	0	0	1	0.4	0
PYRVINIUM	3	0	3	0	4	0	2	0	0	2	0.19230769230769232	0
PRAVASTATIN_SODIUM	7	0	7	4	11	8	0	0	0	0	0.7391304347826086	0
SIROLIMUS	14	3	14	3	6	15	3	1	2	0	0.7450980392156863	0
MEBEVERINE	6	0	6	0	14	1	0	0	0	2	0.48	0
QUINALBARBITONE	5	1	5	2	5	1	1	4	0	0	0.5833333333333334	1
ETHYLESTRENOL	1	0	1	1	1	6	0	0	0	0	0.9	0
PIRMENOL	3	1	3	1	6	3	2	0	0	1	0.5	0
IOPANOIC_ACID	6	0	3	2	4	1	0	0	0	1	0.3636363636363637	0
MEGESTROL_ACETATE	3	0	3	1	1	6	0	0	0	0	0.7272727272727273	0
PIPOBROMAN	6	1	4	0	6	0	1	2	0	0	0.8	0
CARBIMAZOLE	5	0	4	0	3	0	1	0	0	0	0.42857142857142855	0
MILTEFOSINE	6	0	5	1	20	1	0	0	0	0	1.0	0
MESUXIMIDE	3	1	3	0	1	1	1	2	0	1	0.3333333333333333	1
PROPRANOLOL	3	0	3	2	6	1	0	0	0	2	0.375	1
INDIGOTINDISULFONATE	12	2	10	4	2	0	2	0	0	2	0.0	0
PROCARBAZINE_HYDROCHLORIDE	4	0	4	3	6	0	0	1	0	1	0.4166666666666667	0
PRIMAQUINE_PHOSPHATE	4	0	4	2	6	1	1	0	0	1	0.4	0
RESCINNAMINE	11	2	11	1	11	6	3	0	0	2	0.4857142857142857	0
TRAPIDIL	5	0	5	0	3	0	2	0	0	0	0.5	0
MORNIFLUMATE	9	1	6	1	8	0	2	0	0	1	0.3684210526315789	0
SULFINPYRAZONE	6	1	5	0	6	1	1	2	0	3	0.13043478260869565	0
NIFLUMIC	7	0	4	2	4	0	1	0	0	1	0.07692307692307693	0
TACRINE	2	0	2	1	0	0	1	0	0	1	0.3076923076923077	1
DEXTROPROPOXYPHENE	3	0	3	0	9	2	0	0	0	2	0.4090909090909091	1
BROTIZOLAM	7	1	4	0	1	0	3	0	0	1	0.13333333333333333	1
BENZBROMARONE	5	0	3	1	3	0	1	0	0	2	0.1176470588235294	0
QUINAGOLIDE	7	1	6	2	7	3	1	0	0	1	0.7	1
MAPROTILINE	1	0	1	1	4	0	0	0	2	2	0.4	1
AMPICILLIN	8	2	7	3	5	4	2	2	0	1	0.4375	0
IFENPRODIL	3	1	3	2	5	2	1	0	0	2	0.42857142857142855	1
NIMODIPINE	9	1	9	1	10	1	1	0	0	1	0.42857142857142855	1
PRIMIDONE	4	1	4	2	2	0	1	2	0	1	0.3333333333333333	1
CEPHRADINE	8	2	7	3	5	3	2	2	0	0	0.4375	0
FENOPROFEN_CALCIUM	3	0	3	1	4	1	0	0	0	2	0.13333333333333333	0
ZUCLOPENTHIXOL	5	2	3	1	5	0	2	0	0	2	0.3636363636363637	1
PROQUAZONE	3	0	3	0	2	0	1	0	0	2	0.2222222222222222	0
GLIQUIDONE	10	1	9	2	9	0	1	4	0	2	0.4444444444444444	0
PARAMETHASONE_ACETATE	6	0	5	3	2	9	0	0	0	0	0.7272727272727273	0
TOLAZAMIDE	7	1	6	2	5	0	1	2	0	1	0.5	0
ENOXIMONE	5	0	4	2	3	0	1	0	0	1	0.16666666666666666	0
MEDAZEPAM	3	1	2	0	1	0	1	0	0	2	0.1875	1
CYCLACILLIN	8	2	7	3	4	3	2	2	0	0	0.8	0
ACETYLDIGITOXIN	14	4	14	4	9	20	4	0	0	0	0.9069767441860463	0
LEVORPHANOL	2	1	2	1	0	3	1	0	2	1	0.6470588235294118	1
DISULFIRAM	6	0	2	0	9	0	0	0	0	0	0.8	0
SERTRALINE	3	0	1	1	2	2	0	0	0	2	0.29411764705882354	1
MENATETRENONE	2	0	2	0	11	0	0	0	0	1	0.41935483870967744	0
GLUTAMIC_ACID	5	0	5	3	4	1	0	0	0	0	0.6	0
CHOLECALCIFEROL	1	0	1	1	6	5	0	0	0	0	0.7777777777777778	0
LEVALLORPHAN	2	1	2	1	2	3	1	0	2	1	0.5789473684210527	1
CLOXACILLIN_SODIUM	10	2	8	2	5	3	3	2	0	1	0.3684210526315789	0
BUPRENORPHINE	5	2	5	2	5	7	2	0	4	1	0.7931034482758621	1
IDEBENONE	5	0	5	1	12	0	0	0	0	0	0.6842105263157895	1
MIANSERIN	2	2	2	0	0	1	2	0	0	2	0.3333333333333333	1
MIRTAZAPINE	3	2	3	0	0	1	3	0	0	1	0.35294117647058826	1
EPLERENONE	6	2	6	0	2	8	2	0	0	0	0.7916666666666666	0
MITOLACTOL	6	0	4	4	5	4	0	0	0	0	1.0	0
IODOQUINOL	4	0	2	1	0	0	1	0	0	1	0.0	0
CLONIXIN	5	0	4	2	3	0	1	0	0	1	0.07692307692307693	0
GLYCOPYRROLATE	4	1	4	1	5	2	1	0	0	1	0.631578947368421	0
METACLAZEPAM	5	1	3	0	3	1	1	0	0	2	0.2777777777777778	1
OXYTETRACYCLINE	11	0	11	7	2	6	0	1	0	1	0.4090909090909091	0
TRIMETHADIONE	4	1	4	0	0	0	1	2	0	0	0.6666666666666666	1
ACETOHEXAMIDE	7	0	6	2	6	0	0	2	0	1	0.4666666666666667	0
TRICHLORMETHIAZIDE	12	1	7	3	2	1	1	0	0	1	0.25	0
TIANEPTINE	8	1	6	2	8	1	1	0	0	2	0.3809523809523809	1
CINOXACIN	7	1	7	1	2	0	2	0	0	1	0.25	0
CALCITRIOL	3	0	3	3	6	6	0	0	0	0	0.7777777777777778	0
HYDROCHLOROTHIAZIDE	10	1	7	3	1	0	1	0	0	1	0.14285714285714285	0
BETAHISTINE	2	0	2	1	3	0	1	0	0	0	0.375	1
ADEFOVIR	10	0	9	3	5	0	2	0	0	0	0.375	0
CLOTIAZEPAM	5	1	3	0	2	0	2	1	0	1	0.25	1
ZALEPLON	6	0	6	0	4	0	2	1	0	1	0.17647058823529413	1
SELEGILINE	1	0	1	0	4	1	0	0	0	1	0.38461538461538464	1
FLUPENTHIXOL	7	2	3	1	6	0	2	0	0	2	0.39130434782608703	1
DYDROGESTERONE	2	0	2	0	1	6	0	0	0	0	0.7142857142857143	0
PROCAINAMIDE_HYDROCHLORIDE	4	0	4	2	7	0	0	1	0	1	0.4615384615384616	0
JOSAMYCIN	16	3	16	3	14	16	3	0	0	0	0.8095238095238095	0
DIPHENYLPYRALINE	2	1	2	0	4	0	1	0	0	2	0.3684210526315789	1
AMINEPTINE	3	0	3	2	8	0	0	0	0	2	0.4090909090909091	1
GLIMEPIRIDE	10	1	9	3	11	0	1	5	0	1	0.5416666666666666	0
TEGAFUR	6	1	5	1	1	1	2	0	0	0	0.5	0
CHLORPROPAMIDE	7	0	5	2	6	0	0	2	0	1	0.3	0
PENTOBARBITAL	5	1	5	2	4	1	1	4	0	0	0.7272727272727273	1
BALSALAZIDE	9	0	9	4	8	0	0	1	0	2	0.1176470588235294	0
RIFAXIMIN	14	2	14	5	3	9	4	1	4	2	0.4418604651162791	0
TRIMETHOPRIM	7	0	7	2	5	0	1	0	0	1	0.2857142857142857	0
OXPRENOLOL	4	0	4	2	9	1	0	0	0	1	0.4666666666666667	1
TEMOZOLOMIDE	8	0	8	1	1	0	2	1	0	0	0.16666666666666666	0
PEMOLINE	4	1	4	1	1	1	1	1	0	1	0.1111111111111111	1
CAFFEINE	6	0	6	0	0	0	2	0	0	0	0.375	1
DOXYLAMINE	3	0	3	0	6	1	1	0	0	1	0.35294117647058826	1
NICERGOLINE	7	1	6	0	5	3	3	0	0	1	0.4166666666666667	1
PHYTONADIONE	2	0	2	0	14	2	0	0	0	1	0.6129032258064516	0
APOMORPHINE	3	1	3	2	0	1	1	0	0	2	0.29411764705882354	1
CHLORPROTHIXINE	3	1	1	0	3	0	1	0	0	2	0.2222222222222222	1
ETHOSUXIMIDE	3	1	3	1	1	1	1	2	0	0	0.7142857142857143	1
PIRENZEPINE	7	2	7	1	3	0	3	2	0	1	0.3157894736842105	0
CHLORAL_HYDRATE	5	0	2	2	1	0	0	0	0	0	1.0	1
TROVAFLOXACIN	10	1	7	2	3	2	3	0	0	1	0.25	0
CYPROHEPTADINE	1	1	1	0	0	0	1	0	0	2	0.2380952380952381	1
CHLORPHENIRAMINE	3	0	2	0	5	1	1	0	0	1	0.3125	1
PIVMECILLINAM	9	3	8	0	8	3	3	1	0	0	0.8095238095238095	0
CALUSTERONE	2	0	2	1	0	7	0	0	0	0	0.8571428571428571	0
FLUCYTOSINE	5	0	4	2	0	0	1	0	0	0	0.0	0
PROCYCLIDINE	2	1	2	1	5	1	1	0	0	1	0.6842105263157895	1
METOCLOPRAMIDE	6	0	5	2	8	0	0	1	0	1	0.5	1
OXACILLIN_SODIUM	9	2	8	2	5	3	3	2	0	1	0.3684210526315789	0
GLUCOSAMINE	6	1	6	5	1	5	1	0	0	0	1.0	0
LOFEXIDINE	5	1	3	1	3	1	1	0	0	1	0.3636363636363637	1
OLSALAZINE_SODIUM	8	0	8	4	4	0	0	0	0	2	0.0	0
FORMESTANE	3	0	3	1	0	5	0	0	0	0	0.7894736842105263	0
FLUSPIRILENE	6	2	4	1	7	0	2	1	0	3	0.3448275862068966	1
BENFLUOREX	6	0	3	1	9	1	0	0	0	2	0.3157894736842105	0
MAZINDOL	4	2	3	1	1	1	2	0	0	2	0.1875	1
MOEXIPRIL_HYDROCHLORIDE	9	1	9	2	13	3	1	1	0	2	0.4444444444444444	0
BROMPHENIRAMINE	3	0	2	0	5	1	1	0	0	1	0.3125	1
RIFABUTIN	15	4	15	5	5	9	4	1	4	1	0.5869565217391305	0
FINASTERIDE	4	1	4	2	3	7	1	2	0	0	0.8260869565217391	0
BACAMPICILLIN_HYDROCHLORIDE	11	2	10	2	11	5	2	2	0	1	0.5238095238095238	0
DRONABINOL	2	1	2	1	4	2	1	0	0	1	0.6190476190476191	0
BENZOCAINE	3	0	3	1	3	0	0	0	0	1	0.2222222222222222	0
PIPOTHIAZINE	8	2	6	1	8	0	2	0	0	2	0.5	1
AZATHIOPRINE	10	0	9	1	3	0	3	0	0	0	0.1111111111111111	0
FENQUIZONE	8	1	6	3	2	1	1	1	0	2	0.07142857142857142	0
HYDROFLUMETHIAZIDE	12	1	7	3	2	0	1	0	0	1	0.25	0
BEPRIDIL	3	1	3	0	10	1	1	0	0	2	0.5	0
REPAGLINIDE	6	1	6	2	11	1	1	1	0	2	0.4814814814814815	0
CLOTHIAPINE	5	2	3	0	1	0	2	0	0	2	0.2777777777777778	1
METRONIDAZOLE	6	0	6	1	3	0	1	0	0	0	0.5	0
TRIAZOLAM	6	1	4	0	1	0	2	0	0	2	0.1176470588235294	1
HYDRALAZINE_HYDROCHLORIDE	4	0	4	2	1	0	1	0	0	1	0.0	0
PHENTERMINE	1	0	1	1	2	0	0	0	0	1	0.4	1
FLUPHENAZINE	8	2	4	1	7	0	2	0	0	2	0.4545454545454545	1
TORSEMIDE	8	0	7	3	7	0	1	2	0	1	0.25	0
THIACETAZONE	6	0	5	3	5	0	0	1	0	1	0.1	0
NORTRIPTYLINE	1	0	1	1	3	0	0	0	0	2	0.2631578947368421	1
FURAZOLIDONE	8	1	8	0	3	0	2	1	0	0	0.25	0
ENTACAPONE	8	0	8	2	6	0	0	1	0	1	0.2857142857142857	1
FLOXACILLIN	11	2	8	2	5	3	3	2	0	1	0.3684210526315789	0
BEFUNOLOL	5	0	5	2	7	1	1	0	0	1	0.4375	0
NIMESULIDE	8	0	7	1	5	0	0	0	0	2	0.07692307692307693	0
PROBUCOL	4	0	2	2	8	0	0	0	0	2	0.6129032258064516	0
SERTINDOLE	7	2	5	1	5	0	3	2	0	2	0.375	1
LOVASTATIN	5	1	5	1	7	8	1	0	0	0	0.75	0
METHDILAZINE	3	2	2	0	2	1	2	0	0	2	0.3333333333333333	1
PARAMETHADIONE	4	1	4	0	1	1	1	2	0	0	0.7142857142857143	1
MECLIZINE/MECLOZINE	3	1	2	0	5	1	1	0	0	3	0.28	1
TICRYNAFEN	7	0	4	1	5	0	1	0	0	1	0.07692307692307693	0
CITALOPRAM/ESCITALOPRAM	4	1	3	0	5	1	1	0	0	2	0.35	1
PIPEMIDIC	8	1	8	2	3	0	3	0	0	0	0.42857142857142855	0
ACETOHYDROXAMIC_ACID	3	0	3	2	1	0	0	1	0	0	0.5	0
PIZOTIFEN	2	1	1	0	0	0	2	0	0	1	0.3684210526315789	1
ESTAZOLAM	5	1	4	0	1	0	2	0	0	2	0.0625	1
ISOXSUPRINE	4	0	4	3	7	3	0	0	0	2	0.3333333333333333	0
FLUMEQUINE	5	1	4	1	1	1	2	0	0	1	0.2857142857142857	0
HYDROXYUREA	4	0	4	3	1	0	0	2	0	0	0.0	0
BITHIONOL	7	0	2	2	2	0	0	0	0	2	0.0	0
FLUNARIZINE	4	1	2	0	6	0	1	0	0	3	0.2307692307692308	1
DROXIDOPA	6	0	6	5	3	2	0	0	0	1	0.2222222222222222	1
CEFIXIME	14	2	12	4	9	2	3	2	0	0	0.25	0
PIRITREXIM	7	0	7	2	4	0	2	0	0	1	0.2352941176470588	0
LEVODOPA	5	0	5	4	3	1	0	0	0	1	0.2222222222222222	1
ADINAZOLAM	6	1	5	0	3	0	2	0	0	2	0.21052631578947367	1
CYCLOBENZAPRINE	1	0	1	0	3	0	0	0	0	2	0.2	1
ACEMETACIN	8	0	7	1	8	0	1	0	0	2	0.19047619047619047	0
TRIFLUOPERAZINE	7	2	3	0	5	0	2	0	0	2	0.42857142857142855	1
TIAPROFENIC	4	0	3	1	4	1	1	0	0	1	0.14285714285714285	0
CHLOROTHIAZIDE	10	1	7	2	1	0	1	0	0	1	0.0	0
CHLORPROMAZINE	4	1	2	0	4	0	1	0	0	2	0.29411764705882354	1
INDINAVIR_SULFATE	9	1	9	4	14	5	2	2	0	2	0.4722222222222222	0
BETA-CAROTENE	0	0	0	0	10	0	0	0	0	0	0.45	0
ALMITRINE	9	1	7	2	10	0	2	0	0	2	0.2692307692307692	0
ZOTEPINE	4	1	2	0	4	0	1	0	0	2	0.2222222222222222	1
PENICILLIN_V	8	2	7	2	6	3	2	2	0	1	0.4375	0
DIAZOXIDE	6	1	4	1	0	0	1	0	0	1	0.125	0
FENBUFEN	3	0	3	1	5	0	0	0	0	2	0.125	0
CLOZAPINE	5	2	4	1	1	0	2	0	0	2	0.2777777777777778	1
TENOFOVIR	10	0	9	3	5	1	2	0	0	0	0.4444444444444444	0
LYSURIDE	5	1	5	2	5	2	2	2	0	1	0.45	1
PYRANTEL	3	1	2	0	2	0	2	0	0	0	0.3636363636363637	0
BUTALBITAL	5	1	5	2	4	0	1	4	0	0	0.5454545454545454	1
PENTAZOCINE	2	1	2	1	2	3	1	0	2	1	0.5789473684210527	1
TESTOLACTONE	3	1	3	0	0	5	1	0	0	0	0.6842105263157895	0
CLOFAZIMINE	6	1	4	1	4	0	1	0	0	3	0.1111111111111111	0
DOXOFYLLINE	8	1	8	0	2	0	3	0	0	0	0.5454545454545454	0
MEPENZOLATE_BROMIDE	4	1	4	1	5	1	1	0	0	2	0.3809523809523809	0
MILNACIPRAN	3	0	3	1	6	2	0	1	0	1	0.5333333333333333	1
THIOPROPERAZINE	8	2	6	0	6	0	2	0	0	2	0.4545454545454545	1
NICLOSAMIDE	8	0	6	2	4	0	0	1	0	2	0.0	0
ETORICOXIB	6	0	4	0	3	0	2	0	0	1	0.1111111111111111	0
ETOZOLIN	6	2	5	0	4	1	2	1	0	0	0.6923076923076923	0
KETOCONAZOLE	10	2	8	0	8	2	3	1	0	2	0.38461538461538464	0
MITOTANE	4	0	0	0	3	1	0	0	0	2	0.14285714285714285	0
VALPROIC_ACID	2	0	2	1	5	0	0	0	0	0	0.875	1
RITANSERIN	7	1	4	0	5	0	3	0	0	2	0.25925925925925924	1
CARTEOLOL_HYDROCHLORIDE	5	1	5	3	6	1	1	1	0	1	0.5625	0
METHYSERGIDE	5	1	5	2	5	3	2	1	0	1	0.4761904761904762	1
LOSARTAN_POTASSIUM	8	0	7	2	8	0	2	0	0	2	0.2727272727272727	0
PROPIVERINE	4	1	4	0	8	0	1	0	0	2	0.43478260869565216	0
TREOSULFAN	10	0	8	2	7	2	0	0	0	0	1.0	0
OXYMORPHONE	5	2	5	2	0	4	2	0	2	1	0.5882352941176471	1
FLUTOPRAZEPAM	5	1	3	0	3	0	1	1	0	2	0.2631578947368421	1
STANOZOLOL	3	0	3	2	0	7	1	0	0	0	0.8571428571428571	0
CILOSTAZOL	7	1	7	1	7	0	2	1	0	1	0.6	0
CEFPODOXIME	13	2	11	3	8	2	3	2	0	0	0.4	0
SPIRAMYCIN	16	4	16	4	11	19	4	0	0	0	0.8604651162790697	0
NELFINAVIR_MESYLATE	8	1	7	4	12	5	1	2	0	2	0.5625	0
PENICILLAMINE	4	0	3	3	2	1	0	0	0	0	0.8	0
KETAZOLAM	6	2	5	0	1	1	2	2	0	2	0.2	1
PIRAZOLAC	6	0	4	1	4	0	1	0	0	2	0.05882352941176471	0
ERGOLOID_MESYLATE	10	4	10	3	6	7	5	3	0	1	0.65625	1
SOTALOL_HYDROCHLORIDE	6	0	5	3	6	1	0	0	0	1	0.5	0
ETHINYL_ESTRADIOL	2	0	2	2	0	5	0	0	0	1	0.6	0
MESALAMINE	4	0	4	3	1	0	0	0	0	1	0.0	0
SPIRONOLACTONE	5	1	4	0	2	7	1	0	0	0	0.7916666666666666	0
URSODIOL	4	0	4	3	4	10	0	0	0	0	0.9583333333333334	0
OXCARBAZEPINE	4	1	4	1	1	0	1	2	0	2	0.06666666666666668	1
ETHOTOIN	4	1	4	1	2	1	1	3	0	1	0.2727272727272727	1
FENOFIBRATE	5	0	4	0	7	0	0	0	0	2	0.3	0
DEXTROTHYROXINE_SODIUM	9	0	5	3	5	1	0	0	0	2	0.13333333333333333	0
NABUMETONE	2	0	2	0	4	0	0	0	0	2	0.26666666666666666	0
DRONABINOL	2	1	2	1	4	2	1	0	0	1	0.6190476190476191	1
BISACODYL	5	0	5	0	7	0	1	0	0	2	0.13636363636363635	0
GUANFACINE_HYDROCHLORIDE	6	0	4	3	4	0	0	1	0	1	0.1111111111111111	0
CYCLOFENIL	4	0	4	0	6	0	0	0	0	2	0.3043478260869565	0
NOVERIL	4	1	4	0	3	0	1	1	0	2	0.2777777777777778	1
GUANADREL_SULFATE	5	1	5	2	2	1	1	0	0	0	0.9	0
PYRIMETHAMINE	5	0	4	2	2	0	1	0	0	1	0.16666666666666666	0
PAROMOMYCIN_SULFATE	19	3	19	13	9	19	3	0	0	0	1.0	0
BROMODIPHENHYDRAMINE	3	0	2	0	6	1	0	0	0	2	0.29411764705882354	1
NITROFURANTOIN	9	1	9	1	3	0	2	3	0	0	0.125	0
AMOBARBITAL	5	1	5	2	4	0	1	4	0	0	0.7272727272727273	1
ASPARTAME	7	0	7	3	9	2	0	1	0	1	0.35714285714285715	0
NALIDIXIC_ACID	5	0	5	1	2	0	2	0	0	0	0.25	0
PHENFORMIN	5	0	5	5	6	0	0	0	0	1	0.2	0
SAPROPTERIN	8	1	8	6	2	3	2	0	0	0	0.5555555555555556	0
PHENELZINE	2	0	2	2	3	0	0	0	0	1	0.25	1
ISOPROTERENOL_HYDROCHLORIDE	4	0	4	4	4	1	0	0	0	1	0.4545454545454545	0
FLOCTAFENINE	9	0	6	3	8	1	1	0	0	2	0.2	0
METHOTREXATE_SODIUM	13	0	13	5	10	1	2	1	0	1	0.25	0
