m_name	n_HBD	n_O	n_aliphatic_heterocycles	m_logp	n_aromatic_rings	n_amide_bonds	n_briged_head_atoms	n_strict_rotable_bonds	n_saturated_rings	n_rings	n_HOH	n_non_strict_rotable_bonds	n_atoms_with_Hydrogen	n_primary_carbon_atoms	n_aromatic_heterocycles	n_saturated_heterocycles	m_avg_weigth	n_saturated_carbocycles	n_aliphatic_carbocycles	is_cns_molecule
BUMETANIDE	3	7	0	3.0365	2	0	0	8	0	2	4	8	45	17	0	0	344.26300000000015	0	0	0
BACLOFEN	2	3	0	1.8569999999999995	1	0	0	4	0	1	3	4	26	10	0	0	201.56799999999998	0	0	1
METYRAPONE	0	3	0	2.637100000000001	2	0	0	3	0	2	0	3	31	14	2	0	212.167	0	0	0
METHYLPHENOBARBITAL	1	5	1	1.0425999999999995	1	4	0	2	1	2	1	2	32	13	0	1	232.15400000000002	0	0	1
DULOXETINE	1	2	0	4.630900000000004	3	0	0	6	0	3	1	6	40	18	1	0	278.27099999999996	0	0	1
FLUTICASONE	1	5	0	4.430000000000004	0	0	0	4	3	4	1	6	65	25	0	0	469.3310000000001	3	4	0
DIACEREIN	1	8	0	2.0108	2	0	0	3	0	3	1	5	39	19	0	0	356.20100000000014	0	1	0
DOSULEPIN	0	1	1	4.675700000000004	2	0	0	3	0	3	0	3	42	19	0	0	274.283	0	0	1
CAPTOPRIL	2	4	1	0.6279000000000001	0	1	0	3	1	1	1	4	29	9	0	1	202.17	0	0	0
PINACIDIL	2	5	0	2.3547800000000008	1	0	0	2	0	1	2	5	37	13	1	0	226.178	0	0	0
ZONISAMIDE	1	5	0	0.6163	2	0	0	2	0	2	2	2	22	8	1	0	204.166	0	0	1
GATIFLOXACIN	2	7	1	1.9804	2	0	0	4	2	4	2	4	49	19	1	1	353.22400000000016	1	1	0
HETACILLIN	2	7	3	1.4111	1	2	0	3	3	4	2	3	50	19	0	3	366.2930000000002	0	0	0
BENORILATE	1	6	0	2.789500000000001	2	1	0	4	0	2	1	7	38	17	0	0	298.189	0	0	0
CABERGOLINE	2	7	1	3.193900000000002	2	3	0	8	1	4	2	11	70	26	1	1	414.3190000000001	0	1	1
TANDOSPIRONE	0	7	2	1.4098999999999997	1	2	2	6	4	5	0	6	57	21	1	2	354.2640000000002	2	2	0
GRANISETRON	1	5	2	2.3184000000000005	2	1	2	2	2	4	1	3	47	18	1	2	288.225	0	0	1
SULFAPHENAZOLE	2	6	0	2.2553	3	0	0	4	0	3	3	4	36	15	1	0	300.2580000000001	0	0	0
TALTIRELIN	4	12	2	-2.1463999999999954	1	6	0	6	2	3	5	8	52	17	1	2	382.23100000000017	0	0	1
QUINAPRIL	2	7	1	2.5671	2	1	0	9	0	3	2	11	62	25	0	0	408.28400000000016	0	0	0
QUETIAPINE	1	5	2	2.856000000000001	2	0	0	5	1	4	1	6	52	21	0	1	358.3170000000002	0	0	1
LORCAINIDE	0	3	1	4.788500000000004	2	1	0	5	1	3	0	6	53	22	0	1	343.70800000000014	0	0	0
PIPERACETAZINE	1	4	2	4.976400000000004	2	0	0	7	1	4	1	7	59	24	0	1	380.3430000000001	0	0	1
CODEINE	1	4	2	1.5010999999999997	1	0	2	1	1	5	1	1	43	18	0	1	278.20199999999994	0	2	1
THIABENDAZOLE	1	3	0	2.686400000000001	3	0	0	1	0	3	1	1	21	10	2	0	194.198	0	0	0
ALTRETAMINE	0	6	0	0.0696000000000001	1	0	0	3	0	1	0	3	33	9	1	0	192.141	0	0	0
OXILOFRINE	3	3	0	1.0334999999999996	1	0	0	3	0	1	3	3	28	10	0	0	166.11499999999995	0	0	0
METHANTHELINE_BROMIDE	0	4	1	3.953800000000003	2	0	0	6	0	3	0	7	51	21	0	0	314.235	0	0	0
TIAGABINE	1	3	1	5.044840000000004	2	0	0	6	1	3	1	6	50	20	2	1	350.35900000000015	0	0	1
THIOGUANINE	3	5	0	0.5976899999999999	2	0	0	0	0	2	4	0	16	5	2	0	162.157	0	0	0
PIRACETAM	1	4	1	-0.9058999999999996	0	2	0	2	1	1	2	2	20	6	0	1	132.07799999999997	0	0	1
SUFENTANIL	0	4	1	4.214800000000004	2	1	0	8	1	3	0	9	57	22	1	1	356.32100000000014	0	0	1
FUSIDIC	3	6	0	5.6661000000000055	0	0	0	5	4	4	3	6	85	31	0	0	468.3350000000003	4	4	0
CARVEDILOL	3	6	0	3.7380000000000018	4	0	0	10	0	4	3	10	56	24	1	0	380.27400000000017	0	0	0
OXAPROZIN	1	4	0	4.025800000000003	3	0	0	5	0	3	1	5	37	18	1	0	278.202	0	0	0
RANITIDINE_BISMUTH_CITRATE	2	7	0	1.4589999999999996	1	0	0	10	0	1	2	10	43	13	1	0	292.23500000000007	0	0	0
METHOXSALEN	0	4	0	2.5478000000000005	3	0	0	1	0	3	0	1	24	12	2	0	208.128	0	0	0
GABAPENTIN	2	3	0	1.3703	0	0	0	3	1	1	3	3	29	9	0	0	154.10399999999996	1	1	1
DEXPANTHENOL	4	5	0	-1.1355999999999995	0	1	0	6	0	0	4	7	33	9	0	0	186.102	0	0	0
OXIRACETAM	2	5	1	-1.9350999999999992	0	2	0	2	1	1	3	2	21	6	0	1	148.07699999999997	0	0	1
VENLAFAXINE	1	3	0	3.035600000000002	1	0	0	5	1	2	1	5	47	17	0	0	250.19199999999992	1	1	1
SULFOXONE_SODIUM	4	8	0	1.7015999999999998	2	0	0	8	0	2	4	8	41	14	0	0	388.36300000000017	0	0	0
TALINOLOL	4	6	0	3.268600000000002	1	2	0	7	1	2	4	10	59	20	0	0	330.2380000000001	1	1	0
METHADONE	0	2	0	4.292000000000004	2	0	0	7	0	2	0	7	50	21	0	0	282.237	0	0	1
EDETATE_CALCIUM_DISODIUM	4	10	0	-2.0711999999999957	0	0	0	11	0	0	4	11	36	10	0	0	276.116	0	0	0
ZOPICLONE	0	9	2	1.568	2	2	0	2	1	4	0	4	44	17	2	1	371.67900000000014	0	0	1
MOXIFLOXACIN_HYDROCHLORIDE	2	7	2	2.3705	2	0	0	4	3	5	2	4	53	21	1	2	377.24600000000015	1	1	0
DESMOPRESSIN	14	26	2	-4.1320300000000145	2	11	0	19	2	4	18	23	138	46	0	2	1004.7259999999992	0	0	0
PHENMETRAZINE	1	2	1	1.736	1	0	0	1	1	2	1	1	28	11	0	1	162.12699999999995	0	0	1
PAMIDRONATE	6	8	0	-1.6633000000000002	0	0	0	4	0	0	7	4	24	3	0	0	223.981	0	0	0
CEFACLOR	3	7	2	0.6213000000000004	1	2	0	4	1	3	4	5	38	15	0	1	353.70200000000017	0	0	0
CARBOCYSTEINE	3	5	0	-0.7838999999999998	0	0	0	5	0	0	4	5	20	5	0	0	170.12499999999997	0	0	0
PENFLURIDOL	1	2	1	7.532700000000008	3	0	0	7	1	4	1	8	63	28	0	1	496.75700000000006	0	0	1
TRAZODONE	0	6	1	2.3617	3	0	0	5	1	4	0	5	48	19	2	1	349.69600000000014	0	0	1
OLMESARTAN	2	12	0	4.1700200000000045	5	0	0	10	0	5	2	11	71	29	3	0	528.3550000000004	0	0	0
ZAFIRLUKAST	2	9	0	5.6959200000000045	4	2	0	8	1	5	2	11	74	31	1	0	542.4230000000001	1	1	0
VORICONAZOLE	1	6	0	2.1769	3	0	0	5	0	3	1	5	39	16	2	0	335.20400000000006	0	0	0
DROSPIRENONE	0	3	1	4.305900000000004	0	0	0	0	6	7	0	0	57	24	0	1	336.26100000000014	5	6	0
METHYLPHENIDATE	1	3	1	2.0853	1	0	0	3	1	2	1	4	36	14	0	1	214.15900000000002	0	0	1
TETRABENAZINE	0	4	2	3.238100000000002	1	0	0	4	1	3	0	4	50	19	0	1	290.213	0	0	1
MIDAZOLAM	0	3	1	4.324220000000002	3	0	0	1	0	4	0	1	36	18	1	0	312.67	0	0	1
DISOPYRAMIDE	1	4	0	3.3619000000000017	2	1	0	8	0	2	2	8	54	21	1	0	310.2510000000001	0	0	0
EFAVIRENZ	1	3	1	4.073100000000002	1	1	0	0	1	3	1	1	30	14	0	0	306.60600000000005	1	1	0
NORGESTREL	1	2	0	3.8826000000000014	0	0	0	1	3	4	1	1	51	21	0	0	284.2290000000001	3	4	0
FLURAZEPAM	0	4	1	4.004900000000005	2	1	0	6	0	3	0	6	50	21	0	0	364.702	0	0	1
OMEPRAZOLE	1	6	0	2.8997400000000013	3	0	0	5	0	3	1	5	43	17	2	0	326.2720000000001	0	0	0
NIACIN	1	3	0	0.7797999999999999	1	0	0	1	0	1	1	1	14	6	1	0	118.07099999999998	0	0	0
VOGLIBOSE	8	8	0	-4.492399999999994	0	0	0	5	1	1	8	5	39	10	0	0	246.11	1	1	0
TRANDOLAPRIL	2	7	1	2.7733	1	1	0	9	2	3	2	11	65	24	0	1	396.27300000000014	1	1	0
AMINOGLUTETHIMIDE	2	4	1	1.3531999999999995	1	2	0	2	1	2	3	2	33	13	0	1	216.155	0	0	0
TAMOXIFEN	0	2	0	5.9961000000000055	3	0	0	8	0	3	0	8	57	26	0	0	342.2920000000001	0	0	0
QUINETHAZONE	3	6	1	0.8788	1	1	0	2	0	2	4	2	30	10	0	0	277.64799999999997	0	0	0
DESFLURANE	0	1	0	2.0835	0	0	0	2	0	0	0	3	12	3	0	0	166.01999999999995	0	0	1
ATOVAQUONE	1	3	0	5.505100000000005	2	0	0	2	1	4	1	2	45	22	0	0	347.6920000000002	1	2	0
NIZATIDINE	2	7	0	1.3224999999999998	1	0	0	10	0	1	2	10	42	12	1	0	310.2990000000001	0	0	0
TERBUTALINE_SULFATE	4	4	0	1.5192999999999997	1	0	0	3	0	1	4	4	35	12	0	0	206.136	0	0	0
PROGLUMIDE	2	6	0	2.2984	1	2	0	10	0	1	2	12	50	18	0	0	308.20800000000014	0	0	0
FLUPREDNISOLONE	3	5	0	1.5056	0	0	0	2	3	4	3	2	54	21	0	0	351.22400000000016	3	4	0
ISOXICAM	2	8	1	1.48242	2	1	0	2	0	3	2	3	36	14	1	0	322.23700000000014	0	0	0
BROMPERIDOL	1	3	1	4.534700000000004	2	0	0	6	1	3	1	6	49	21	0	1	397.13800000000003	0	0	1
METHAMPHETAMINE	1	1	0	1.837	1	0	0	3	0	1	1	3	26	10	0	0	134.11700000000002	0	0	1
FAMCICLOVIR	1	9	0	0.5409999999999998	2	0	0	7	0	2	2	9	42	14	2	0	302.18500000000006	0	0	0
SAQUINAVIR	5	11	1	3.092400000000004	3	4	0	12	2	5	6	16	99	38	1	1	620.455	1	1	0
LEVOCETIRIZINE	1	5	1	3.148200000000002	2	0	0	8	1	3	1	8	52	21	0	1	363.69500000000016	0	0	0
BUTIZIDE	3	7	1	1.0634	1	0	0	3	0	2	4	3	37	11	0	0	337.725	0	0	0
AMPHETAMINE	1	1	0	1.5763	1	0	0	2	0	1	2	2	23	9	0	0	122.10599999999998	0	0	1
PHENYL_AMINOSALICYLATE	2	4	0	2.1936	2	0	0	2	0	2	3	3	28	13	0	0	218.147	0	0	0
DICHLORPHENAMIDE	2	6	0	0.2882000000000006	1	0	0	2	0	1	4	2	22	6	0	0	299.1160000000001	0	0	0
ISONIAZID	2	4	0	-0.3149000000000006	1	1	0	1	0	1	3	2	17	6	1	0	130.08599999999998	0	0	0
TRIPELENNAMINE	0	3	0	2.649800000000001	2	0	0	6	0	2	0	6	40	16	1	0	234.197	0	0	1
AMODIAQUINE	2	4	0	5.179200000000004	3	0	0	6	0	3	2	6	47	20	1	0	333.6930000000001	0	0	0
NITROGLYCERIN	0	12	0	-1.0200999999999996	0	0	0	8	0	0	0	8	20	3	0	0	222.045	0	0	0
SALICYLAMIDE	2	3	0	0.4911	1	1	0	1	0	1	3	1	17	7	0	0	130.082	0	0	0
HEXOPRENALINE	8	8	0	2.015600000000001	2	0	0	13	0	2	8	13	62	22	0	0	388.25000000000017	0	0	0
AMLODIPINE_BESYLATE	2	7	1	2.2663	1	0	0	8	0	2	3	10	53	20	0	0	383.6820000000001	0	0	0
ALPRENOLOL	2	3	0	2.1528	1	0	0	8	0	1	2	8	41	15	0	0	226.17	0	0	0
CARPIPRAMINE	1	5	3	4.119200000000002	2	1	0	6	2	5	2	6	71	28	0	2	408.33500000000015	0	0	1
ASCORBIC	4	6	1	-1.4074	0	0	0	2	0	1	4	2	20	6	0	0	168.05999999999997	0	0	0
MEDROXYPROGESTERONE	1	3	0	4.084400000000003	0	0	0	1	3	4	1	1	57	22	0	0	312.2390000000001	3	4	0
DEXTROMETHORPHAN	0	2	1	3.3834000000000017	1	0	2	1	2	4	0	1	45	18	0	1	246.20399999999992	1	2	1
ETIZOLAM	0	4	1	4.2040200000000025	3	0	0	2	0	4	0	2	38	17	2	0	327.73500000000007	0	0	1
THYMOXAMINE	0	4	0	2.9841200000000017	1	0	0	6	0	1	0	7	45	16	0	0	254.17999999999995	0	0	0
MECLOFENAMATE_SODIUM	2	3	0	4.743620000000003	2	0	0	3	0	2	2	3	30	14	0	0	285.06499999999994	0	0	0
BUSPIRONE	0	7	2	2.088199999999999	1	2	0	6	3	4	0	6	59	21	1	2	354.2640000000002	1	1	1
ZOTEPINE	0	2	1	4.880900000000003	2	0	0	4	0	3	0	4	40	18	0	0	313.72399999999993	0	0	1
BUTORPHANOL	2	3	1	3.365600000000003	1	0	2	2	3	5	2	2	53	21	0	1	298.2360000000001	2	3	1
RALOXIFENE_HYDROCHLORIDE	2	5	1	6.075200000000005	4	0	0	7	1	5	2	7	61	28	1	1	446.37800000000016	0	0	0
SULFAPYRIDINE	2	5	0	1.4646	2	0	0	3	0	2	3	3	28	11	1	0	238.207	0	0	0
DANAZOL	1	3	0	4.2210000000000045	1	0	0	0	3	5	1	0	52	22	1	0	310.24700000000007	3	4	0
LERCANIDIPINE	1	9	1	6.478400000000009	3	0	0	12	0	4	1	14	86	36	0	0	570.4110000000003	0	0	0
RECAINAM	3	4	0	2.8130400000000013	1	2	0	6	0	1	3	8	44	15	0	0	238.185	0	0	0
FELBINAC	1	2	0	2.980700000000001	2	0	0	3	0	2	1	3	28	14	0	0	200.15200000000002	0	0	0
VINCAMINE	1	5	3	2.952500000000001	2	0	0	2	1	5	1	3	52	21	1	1	328.24200000000013	0	0	0
CHLORAMPHENICOL_PALMITATE	2	8	0	6.941200000000008	1	1	0	21	0	1	2	23	79	27	0	0	519.2110000000001	0	0	0
IRBESARTAN	1	7	1	4.7774000000000045	3	1	0	7	1	5	1	7	60	25	1	0	400.31600000000014	1	1	0
CEFUROXIME_AXETIL	2	14	2	-0.16829999999999856	1	3	0	9	1	3	3	13	57	20	1	1	488.3050000000004	0	0	0
ALBENDAZOLE	2	5	0	3.2433000000000005	2	1	0	4	0	2	2	6	33	12	1	0	250.218	0	0	0
ALCLOFENAC	1	3	0	2.5319000000000007	1	0	0	5	0	1	1	5	26	11	0	0	215.571	0	0	0
PHENSUXIMIDE	0	3	1	1.1589	1	2	0	1	1	2	0	1	25	11	0	1	178.12599999999995	0	0	1
ANILERIDINE	1	4	1	3.4082000000000017	2	0	0	6	1	3	2	7	54	22	0	1	324.25400000000013	0	0	1
DICYCLOMINE_HYDROCHLORIDE	0	3	0	4.402200000000004	0	0	0	7	2	2	0	8	57	19	0	0	274.21399999999994	2	2	0
FOSAMPRENAVIR	4	12	1	2.5198	2	1	0	13	1	3	5	15	75	25	0	1	549.3280000000002	0	0	0
BAMIFYLLINE	1	8	0	0.3387000000000002	3	0	0	8	0	3	1	8	55	20	2	0	358.2520000000002	0	0	0
SULFISOXAZOLE	2	6	0	1.6744400000000002	2	0	0	3	0	2	3	3	31	11	1	0	254.206	0	0	0
OXYPHENONIUM_BROMIDE	1	4	0	3.484100000000001	1	0	0	8	1	2	1	9	59	21	0	0	314.235	1	1	0
CISAPRIDE_MONOHYDRATE	2	7	1	3.358100000000001	2	1	0	9	1	3	3	10	61	23	0	1	436.7210000000002	0	0	0
MINOXIDIL	3	6	1	0.17236999999999925	1	0	0	1	1	2	4	1	30	9	1	1	194.13299999999998	0	0	0
MENADIOL	2	2	0	2.5594200000000007	2	0	0	0	0	2	2	0	23	11	0	0	164.11899999999997	0	0	0
STIRIPENTOL	1	3	1	2.835500000000002	1	0	0	2	0	2	1	3	35	14	0	0	216.15099999999995	0	0	1
FLECAINIDE_ACETATE	2	5	1	3.440700000000001	1	1	0	7	1	2	2	10	48	17	0	1	394.18600000000015	0	0	0
PAROXETINE	1	4	2	3.3265000000000016	2	0	0	4	1	4	1	4	44	19	0	1	309.211	0	0	1
ENPROFYLLINE	2	6	0	-0.17710000000000065	2	0	0	2	0	2	2	2	24	8	2	0	184.114	0	0	0
NYSTATIN	12	18	2	0.7783000000000075	0	0	0	3	1	2	13	3	140	47	0	1	850.5069999999997	0	0	0
NITRENDIPINE	1	8	1	2.5657000000000005	1	0	0	5	0	2	1	7	46	18	0	0	340.20600000000013	0	0	0
CARBAZOCHROME	3	7	1	-1.2899999999999994	0	2	0	1	1	2	4	2	29	10	0	1	224.135	0	1	0
MELITRACEN	0	1	0	4.709300000000004	2	0	0	3	0	3	0	3	47	21	0	0	266.23799999999994	0	1	1
PRAZOSIN	1	9	1	1.7845999999999995	3	1	0	4	1	4	2	5	49	19	2	1	362.2400000000002	0	0	0
ENALAPRIL	2	7	1	1.6046	1	1	0	9	1	2	2	11	55	20	0	1	348.22900000000016	0	0	0
SALSALATE	2	5	0	2.309600000000001	2	0	0	3	0	2	2	4	29	14	0	0	248.149	0	0	0
PRALIDOXIME_CHLORIDE	1	3	0	0.3191999999999999	1	0	0	1	0	1	1	1	19	7	1	0	128.08999999999997	0	0	0
METHOCARBAMOL	2	6	0	0.5301999999999998	1	1	0	6	0	1	3	7	32	11	0	0	226.123	0	0	1
OSELTAMIVIR_PHOSPHATE	2	6	0	1.2853999999999997	0	1	0	7	0	1	3	9	50	16	0	0	284.186	0	1	0
AMINOPHYLLINE	1	6	0	-1.0397000000000003	2	0	0	0	0	2	1	0	21	7	2	0	172.10299999999995	0	0	1
CARBENOXOLONE	2	7	0	6.8283000000000085	0	0	0	5	4	5	2	6	91	34	0	0	520.3670000000004	4	5	0
DEXRAZOXANE	2	8	2	-2.708299999999996	0	4	0	3	2	2	2	3	35	11	0	2	252.145	0	0	0
METHACYCLINE_HYDROCHLORIDE	6	10	0	-0.4378999999999992	1	1	0	2	0	4	7	2	54	22	0	0	420.24800000000016	0	3	0
INDOMETHACIN	1	5	0	3.9273200000000026	3	0	0	4	0	3	1	5	41	19	1	0	341.66500000000013	0	0	0
BOSENTAN	2	11	0	4.203900000000004	4	0	0	10	0	4	2	11	68	27	2	0	522.3930000000004	0	0	0
PROPICILLIN	2	7	2	1.4756999999999998	1	2	0	6	2	3	2	7	48	18	0	2	356.27400000000017	0	0	0
MIGLITOL	5	6	1	-3.262099999999999	0	0	0	3	1	1	5	3	31	8	0	1	190.09	0	0	0
BENZTHIAZIDE	2	7	1	2.2427	2	0	0	5	0	3	3	5	40	15	0	0	417.8360000000001	0	0	0
PRAMIPEXOLE	2	3	0	1.5822	1	0	0	3	0	2	3	3	31	10	1	0	194.19799999999998	0	1	1
VALSARTAN	2	8	0	4.1617000000000015	3	1	0	10	0	3	2	11	61	24	1	0	406.29600000000016	0	0	0
MENADIOL_SODIUM_DIPHOSPHATE	0	4	0	2.998820000000001	2	0	0	2	0	2	0	4	33	15	0	0	244.161	0	0	0
CLOBUTINOL	1	2	0	2.8312000000000013	1	0	0	5	0	1	1	5	39	14	0	0	233.613	0	0	0
CLOPIDOGREL_BISULFATE	0	3	1	3.6739000000000015	2	0	0	3	0	3	0	4	37	16	1	0	305.701	0	0	0
ROXITHROMYCIN	5	17	3	2.2096000000000084	0	0	0	13	3	3	5	13	134	41	0	3	760.45	0	0	0
INDELOXAZINE	1	3	1	1.6230999999999998	1	0	0	3	1	3	1	3	34	14	0	1	214.159	0	1	1
GLYCERIN	3	3	0	-1.6681	0	0	0	2	0	0	3	2	14	3	0	0	84.03	0	0	0
CHLORAZEPATE	2	5	1	2.5827	2	1	0	2	0	3	2	2	33	16	0	0	303.6400000000001	0	0	1
SORIVUDINE	4	8	1	-1.4863000000000006	1	0	0	3	1	2	4	3	33	11	1	1	336.03300000000013	0	0	0
CANDESARTAN	1	6	2	2.0796	3	0	0	1	0	5	1	1	42	20	2	0	332.23000000000013	0	0	0
NALBUPHINE	3	5	2	1.7073000000000005	1	0	2	2	3	6	3	2	53	21	0	1	330.2340000000001	2	3	1
TOPIRAMATE	1	9	3	-0.3953999999999982	0	0	0	3	3	3	2	3	43	12	0	3	318.1980000000001	0	0	1
CHLORPHENESIN	2	3	0	1.0719999999999998	1	0	0	4	0	1	2	4	24	9	0	0	191.549	0	0	1
PENTAERYTHRITOL	0	16	0	-1.1939999999999995	0	0	0	12	0	0	0	12	29	5	0	0	308.071	0	0	0
TROPISETRON	1	4	2	2.9499000000000013	2	0	2	2	2	4	1	3	41	17	1	2	264.199	0	0	1
HYDROCORTISONE_CYPIONATE	2	6	0	4.302900000000005	0	0	0	6	4	5	2	7	77	29	0	0	444.31300000000033	4	5	0
SULPIRIDE	2	7	1	0.5567000000000012	1	1	0	6	1	2	3	7	46	15	0	1	318.249	0	0	1
NIFURTIMOX	0	8	1	0.6406000000000001	1	0	0	3	1	2	0	3	32	10	1	1	274.193	0	0	0
SULFACYTINE	2	7	0	0.6461999999999999	2	0	0	4	0	2	3	4	34	12	1	0	280.224	0	0	0
DAPSONE	2	4	0	1.6838000000000002	2	0	0	2	0	2	4	2	29	12	0	0	236.21099999999998	0	0	0
RIBAVIRIN	4	9	1	-3.0114999999999994	1	1	0	3	1	2	5	3	29	8	1	1	232.111	0	0	0
ETRETINATE	0	3	0	5.645560000000009	1	0	0	7	0	1	0	8	56	23	0	0	324.25000000000006	0	0	0
DICUMAROL	2	6	0	2.9014000000000006	4	0	0	2	0	4	2	2	37	19	2	0	324.2030000000001	0	0	0
BROMFENAC	2	4	0	2.889400000000001	2	0	0	4	0	2	3	4	32	15	0	0	322.073	0	0	0
ACETYLCYSTEINE	3	4	0	-0.4945	0	1	0	3	0	0	2	4	19	5	0	0	154.12599999999995	0	0	0
ABACAVIR_SULFATE	3	7	0	1.0922999999999998	2	0	0	4	1	4	4	4	39	14	2	0	268.19499999999994	1	2	0
DEXAMETHASONE	3	5	0	1.8957	0	0	0	2	3	4	3	2	57	22	0	0	363.23500000000007	3	4	1
DOXEPIN	0	2	1	3.9624000000000033	2	0	0	3	0	3	0	3	42	19	0	0	258.2149999999999	0	0	1
LACIDIPINE	1	7	1	4.402500000000004	1	0	0	7	0	2	1	11	66	26	0	0	422.28700000000015	0	0	0
CLOFIBRATE	0	3	0	3.060500000000001	1	0	0	4	0	1	0	5	31	12	0	0	227.582	0	0	0
STAVUDINE	2	6	1	-0.7090799999999999	1	0	0	2	0	2	2	2	28	10	1	0	212.12	0	0	0
PIPERAZINE_CITRATE	2	2	1	-0.8208	0	0	0	0	1	1	2	0	16	4	0	1	76.05799999999998	0	0	0
VITAMIN_A_PALMITATE	0	2	0	11.542499999999983	0	0	0	20	0	1	0	21	98	36	0	0	464.3940000000004	0	1	0
PHENOXYBENZAMINE_HYDROCHLORIDE	0	2	0	4.194900000000003	2	0	0	8	0	2	0	8	43	18	0	0	281.6570000000001	0	0	0
MELPERONE	0	2	1	3.520500000000003	1	0	0	5	1	2	0	5	41	16	0	1	241.17999999999995	0	0	1
ALFENTANIL	0	9	1	1.3839000000000006	2	1	0	9	1	3	0	10	62	21	1	1	384.27000000000015	0	0	1
CLENBUTEROL	3	3	0	2.9971000000000005	1	0	0	3	0	1	4	4	35	12	0	0	259.051	0	0	0
RILUZOLE	1	3	0	2.7771	2	0	0	1	0	2	2	2	20	8	1	0	229.16199999999995	0	0	0
PHENINDAMINE	0	1	1	3.9212000000000033	2	0	0	1	0	4	0	1	39	19	0	0	242.21599999999992	0	1	1
ETHIONAMIDE	1	2	0	1.2782	1	0	0	2	0	1	2	2	21	8	1	0	156.16899999999995	0	0	0
ETHOPROPAZINE	0	2	1	5.019600000000005	2	0	0	5	0	3	0	5	46	19	0	0	288.29	0	0	1
BENZONATATE	1	12	0	2.8346000000000027	1	0	0	32	0	1	1	33	95	30	0	0	550.3260000000004	0	0	0
DIPIPANONE	0	2	1	5.216300000000006	2	0	0	7	1	3	0	7	57	24	0	1	318.2700000000001	0	0	1
BROMHEXINE	1	2	0	4.5583000000000045	1	0	0	3	1	2	2	3	38	14	0	0	355.97600000000017	1	1	0
METHAZOLAMIDE	1	7	0	-1.4237999999999986	1	1	0	1	0	1	2	2	22	5	1	0	228.21400000000003	0	0	0
PHENYLBUTAZONE	0	4	1	3.7878000000000025	2	2	0	5	1	3	0	5	43	19	0	1	288.221	0	0	0
ACECAINIDE	2	5	0	1.7165999999999997	1	2	0	7	0	1	2	9	43	15	0	0	254.184	0	0	0
BUSULFAN	0	6	0	-0.2809999999999997	0	0	0	7	0	0	0	7	28	6	0	0	232.194	0	0	0
QUINACRINE	1	4	0	5.972400000000006	3	0	0	9	0	3	1	9	58	23	1	0	369.72600000000017	0	0	0
ACETOPHENAZINE	1	5	2	3.4919000000000024	2	0	0	7	1	4	1	7	58	23	0	1	382.33900000000017	0	0	1
SEMATILIDE	2	6	0	1.1297	1	1	0	8	0	1	2	9	44	14	0	0	290.2390000000001	0	0	0
FOSFOMYCIN_TROMETHAMINE	2	4	1	-0.09110000000000007	0	0	0	1	1	1	2	1	15	3	0	1	131.003	0	0	0
PYRIDOSTIGMINE_BROMIDE	0	4	0	0.5714999999999999	1	1	0	1	0	1	0	3	26	9	1	0	168.11099999999996	0	0	0
THIAMPHENICOL	3	6	0	0.40430000000000027	1	1	0	6	0	1	3	7	36	12	0	0	341.10699999999997	0	0	0
TRAMADOL	1	3	0	2.6346000000000007	1	0	0	4	1	2	1	4	44	16	0	0	238.18099999999995	1	1	1
QUAZEPAM	0	2	1	5.026200000000002	2	0	0	2	0	3	0	3	36	17	0	0	375.713	0	0	1
ITRACONAZOLE	0	12	2	5.5773000000000055	5	0	0	11	2	7	0	11	87	35	2	2	667.3430000000002	0	0	0
METAXALONE	1	4	1	1.7906399999999996	1	1	0	3	1	2	1	3	31	12	0	1	206.136	0	0	1
SULTAMICILLIN	2	13	4	-0.5885999999999969	1	3	0	7	4	5	3	10	70	25	0	4	564.4280000000002	0	0	0
TRIMIPRAMINE	0	2	1	4.121000000000003	2	0	0	4	0	3	0	4	48	20	0	0	268.23400000000004	0	0	1
LEVAMISOLE_HYDROCHLORIDE	0	2	2	2.1461	1	0	0	1	1	3	0	1	26	11	0	1	192.202	0	0	0
CANDESARTAN_CILEXETIL	1	12	0	6.319100000000009	5	0	0	10	1	6	1	13	79	33	2	0	576.3990000000002	1	1	0
ALMOTRIPTAN	1	5	1	2.1976000000000004	2	0	0	6	1	3	1	6	48	17	1	1	310.273	0	0	1
ATENOLOL	3	5	0	0.4521000000000001	1	1	0	8	0	1	4	8	41	14	0	0	244.165	0	0	0
BETHANECHOL_CHLORIDE	1	4	0	0.17640000000000045	0	1	0	3	0	0	2	4	28	7	0	0	144.089	0	0	0
BENZNIDAZOLE	1	7	0	1.1076999999999997	2	1	0	5	0	2	1	6	31	12	1	0	248.157	0	0	0
TILIDINE	0	3	0	2.7677000000000014	1	0	0	4	0	2	0	5	43	17	0	0	250.19199999999995	0	1	1
NEFAZODONE	0	7	1	3.5519000000000016	3	0	0	10	1	4	0	10	65	25	1	1	437.76100000000014	0	0	1
INDAPAMIDE	2	6	1	2.0834	2	1	0	3	0	3	3	4	40	16	0	0	349.71400000000006	0	0	0
OXYPHENCYCLIMINE_HYDROCHLORIDE	1	5	1	2.7317000000000013	1	0	0	5	1	3	1	6	53	20	0	0	316.23100000000005	1	1	0
CHLORAMPHENICOL	3	7	0	0.909	1	1	0	6	0	1	3	7	32	11	0	0	311.03600000000006	0	0	0
TOLOXATONE	1	4	1	1.3125199999999997	1	1	0	2	1	2	1	2	28	11	0	1	194.125	0	0	1
FLEROXACIN	1	6	1	1.6992	2	0	0	4	1	3	1	4	44	17	1	1	351.19900000000007	0	0	0
DYPHYLLINE	2	8	0	-2.2130999999999985	2	0	0	3	0	2	2	3	32	10	2	0	240.13400000000001	0	0	0
VIGABATRIN	2	3	0	0.3645000000000001	0	0	0	4	0	0	3	4	20	6	0	0	118.07099999999998	0	0	1
GLYBURIDE	3	8	0	3.641700000000002	2	3	0	8	1	3	3	11	61	23	0	0	465.78900000000016	1	1	0
CYCLOBENZAPRINE_HYDROCHLORIDE	0	1	0	2.6446000000000014	2	0	0	3	0	3	0	3	42	20	0	0	254.22699999999992	0	1	0
COCAINE	0	5	2	1.8677	1	0	2	3	2	3	0	5	43	17	0	2	282.18999999999994	0	0	1
CINNARIZINE	0	2	1	5.1070000000000055	3	0	0	6	1	4	0	6	56	26	0	1	340.3000000000001	0	0	1
CEPHALEXIN	3	7	2	0.44489999999999896	1	2	0	4	1	3	4	5	41	16	0	1	330.2600000000001	0	0	0
ORPHENADRINE	0	2	0	3.6626200000000018	2	0	0	6	0	2	0	6	43	18	0	0	246.20399999999995	0	0	1
DIDANOSINE	2	7	1	-0.21050000000000008	2	0	0	2	1	3	2	2	29	10	2	1	224.135	0	0	0
OPIPRAMOL	1	4	2	3.3085000000000027	2	0	0	6	1	4	1	6	56	23	0	1	334.27300000000014	0	0	1
THALIDOMIDE	1	6	2	0.08779999999999992	1	4	0	1	1	3	1	1	29	13	0	1	248.153	0	0	1
ZOLPIDEM	0	4	0	3.2488400000000013	3	1	0	3	0	3	0	4	44	19	2	0	286.2290000000001	0	0	1
PERINDOPRIL_ERBUMINE	2	7	1	1.9406	0	1	0	8	2	2	2	10	58	19	0	1	336.21800000000013	1	1	0
NITISINONE	0	6	0	2.7346000000000013	1	0	0	3	1	2	0	4	33	14	0	0	319.1499999999998	1	1	0
CHLORMEZANONE	0	4	1	1.6154999999999995	1	1	0	1	1	2	0	1	29	11	0	1	261.645	0	0	1
ARIPIPRAZOLE	1	5	2	4.859300000000005	2	1	0	7	1	4	1	7	57	23	0	1	421.17800000000017	0	0	1
BENOXAPROFEN	1	4	0	4.336300000000001	3	0	0	3	0	3	1	3	33	16	1	0	289.6330000000001	0	0	0
BENZTROPINE	0	2	2	4.417800000000004	2	0	2	4	2	4	0	4	48	21	0	2	282.237	0	0	1
AMPRENAVIR	3	9	1	2.4028	2	1	0	11	1	3	4	13	70	25	0	1	470.3570000000003	0	0	0
MORPHINE	2	4	2	1.1980999999999995	1	0	2	0	1	5	2	0	40	17	0	1	266.1909999999999	0	2	1
RIVASTIGMINE	0	4	0	2.7597000000000014	1	1	0	4	0	1	0	6	40	14	0	0	228.166	0	0	1
LISINOPRIL	4	8	1	1.2352000000000007	1	1	0	12	1	2	5	13	60	21	0	1	374.2470000000001	0	0	0
PROMAZINE	0	2	1	4.241000000000003	2	0	0	4	0	3	0	4	40	17	0	0	264.268	0	0	1
ZOMEPIRAC	1	4	0	2.8450200000000017	2	0	0	4	0	2	1	4	34	15	1	0	277.622	0	0	0
CLOMIPRAMINE	0	2	1	4.528400000000004	2	0	0	4	0	3	0	4	45	19	0	0	291.67599999999993	0	0	1
MYCOPHENOLATE	2	6	1	2.73322	1	0	0	6	0	2	2	6	43	17	0	0	300.1810000000001	0	0	0
TOLMETIN_SODIUM	1	4	0	2.1916199999999995	2	0	0	4	0	2	1	4	34	15	1	0	242.16899999999995	0	0	0
MODAFINIL	1	3	0	2.01	2	1	0	5	0	2	2	5	34	15	0	0	258.237	0	0	1
METHIMAZOLE	1	2	0	1.08269	1	0	0	0	0	1	1	0	13	4	1	0	108.125	0	0	0
LOFEPRAMINE	0	3	1	5.781500000000006	3	0	0	7	0	4	0	7	57	26	0	0	391.7520000000002	0	0	1
INDECAINIDE_HYDROCHLORIDE	2	3	0	3.216600000000001	2	1	0	6	0	3	3	6	47	20	0	0	284.233	0	1	0
NITRAZEPAM	1	6	1	2.3843	2	1	0	2	0	3	1	2	32	15	0	0	270.183	0	0	1
ENCAINIDE	1	4	1	4.536900000000005	2	1	0	6	1	3	1	7	54	22	0	1	324.25400000000013	0	0	0
CEFPROZIL	4	8	2	0.7066999999999994	1	2	0	5	1	3	5	6	46	18	0	1	370.2810000000002	0	0	0
FLUORESCEIN	2	5	2	3.6658000000000026	3	0	0	0	0	5	2	0	37	20	0	0	320.2150000000001	0	0	0
ANIRACETAM	0	4	1	1.4578	1	2	0	2	1	2	0	3	29	12	0	1	206.136	0	0	1
HALOPERIDOL	1	3	1	4.425600000000005	2	0	0	6	1	3	1	6	49	21	0	1	352.68700000000007	0	0	1
DIAMORPHINE	0	6	2	1.9886	1	0	2	2	1	5	0	4	50	21	0	1	346.2330000000002	0	2	1
CARBIDOPA	5	6	0	-0.05310000000000015	1	0	0	4	0	1	6	4	30	10	0	0	212.12	0	0	0
NORFLOXACIN	2	6	1	1.2683000000000002	2	0	0	3	1	3	2	3	41	16	1	1	301.192	0	0	0
BENTIROMIDE	4	7	0	3.0702000000000016	3	2	0	7	0	3	4	9	50	23	0	0	384.26200000000017	0	0	0
TRIFLUPROMAZINE	0	2	1	5.259800000000004	2	0	0	4	0	3	0	5	43	18	0	0	333.273	0	0	1
ERGOCALCIFEROL	1	1	0	7.641000000000008	0	0	0	5	3	3	1	5	73	28	0	0	352.30700000000013	3	3	0
FLUCONAZOLE	1	7	0	0.7357999999999993	3	0	0	5	0	3	1	5	34	13	2	0	294.18	0	0	0
WARFARIN_SODIUM	1	4	0	3.6096000000000017	3	0	0	4	0	3	1	4	39	19	1	0	292.2050000000001	0	0	0
TERAZOSIN	1	9	2	1.0567999999999995	2	1	0	4	2	4	2	5	53	19	1	2	362.2400000000002	0	0	0
TACROLIMUS	3	13	3	4.639000000000005	0	1	2	7	3	4	3	7	126	44	0	2	734.4789999999998	1	1	0
DIPHEMANIL_METHYLSULFATE	0	1	1	4.358700000000004	2	0	0	2	1	3	0	2	45	20	0	1	254.22699999999992	0	0	0
BIPERIDEN	1	2	1	3.962400000000004	1	0	2	5	2	4	1	5	52	21	0	1	282.237	1	2	1
SUCCIMER	4	4	0	-0.2476000000000001	0	0	0	3	0	0	2	3	16	4	0	0	176.17399999999995	0	0	0
ALENDRONATE_SODIUM	6	8	0	-1.2732	0	0	0	5	0	0	7	5	27	4	0	0	235.99200000000002	0	0	0
AZANIDAZOLE	1	8	0	0.8708999999999998	2	0	0	3	0	2	2	3	28	10	2	0	236.15	0	0	0
DICLOFENAC	2	3	0	4.364100000000001	2	0	0	4	0	2	2	4	30	14	0	0	285.06499999999994	0	0	1
CLOBAZAM	0	4	1	3.3712000000000018	2	2	0	1	0	3	0	1	34	16	0	0	287.64099999999996	0	0	1
OXAMNIQUINE	3	6	1	1.8118	1	0	0	5	0	2	3	5	41	14	0	0	258.172	0	0	0
AMTOLMETIN	1	7	0	2.8374200000000016	3	1	0	8	0	3	1	10	55	24	1	0	396.27300000000014	0	0	0
FELODIPINE	1	5	1	3.9643000000000033	1	0	0	4	0	2	1	6	44	18	0	0	365.10700000000014	0	0	0
LAMOTRIGINE	2	5	0	2.0098	2	0	0	1	0	2	4	1	23	9	1	0	249.04	0	0	1
DONEPEZIL	0	4	1	4.361100000000004	2	0	0	6	1	4	0	6	57	24	0	1	350.26800000000014	0	1	1
CLEMASTINE	0	2	1	5.1044000000000045	2	0	0	6	1	3	0	6	50	21	0	1	317.69000000000005	0	0	1
ETHCHLORVYNOL	1	1	0	1.5132	0	0	0	2	0	0	1	2	18	7	0	0	135.529	0	0	1
TRIPROLIDINE	0	2	1	3.9175200000000023	2	0	0	4	1	3	0	4	43	19	1	1	256.2229999999999	0	0	1
PERINDOPRILAT	3	7	1	1.4621	0	1	0	7	2	2	3	8	52	17	0	1	312.196	1	1	0
LOPERAMIDE_HYDROCHLORIDE	1	4	1	5.0880000000000045	3	1	0	7	1	4	1	8	67	29	0	1	443.78400000000033	0	0	0
CEFDITOREN	3	11	2	1.2927199999999996	2	2	0	7	1	4	4	8	51	19	2	1	488.4470000000002	0	0	0
DEXMEDETOMIDINE	1	2	0	3.1783400000000013	2	0	0	2	0	2	1	2	31	13	1	0	184.157	0	0	1
PANTOPRAZOLE	1	7	0	2.8843000000000005	3	0	0	7	0	3	1	7	41	16	2	0	368.25600000000014	0	0	0
CLONIDINE	2	3	1	2.3645	1	0	0	1	0	2	2	2	23	9	0	0	221.026	0	0	1
BEPOTASTINE	1	5	1	4.170200000000004	2	0	0	8	1	3	1	8	52	21	1	1	363.69500000000016	0	0	0
LOPRAZOLAM	0	9	3	2.9331000000000014	2	1	0	3	1	5	0	3	54	23	0	1	443.7450000000002	0	0	1
SULFADIAZINE	2	6	0	0.8596000000000001	2	0	0	3	0	2	3	3	27	10	1	0	240.203	0	0	0
ANTAZOLINE	1	3	1	2.6949000000000005	2	0	0	5	0	3	1	5	39	17	0	0	246.208	0	0	0
AZARIBINE	1	12	1	-1.744499999999998	1	0	0	5	1	2	1	8	43	14	1	1	354.16600000000005	0	0	0
TINIDAZOLE	0	7	0	0.5344199999999997	1	0	0	5	0	1	0	5	29	8	1	0	234.172	0	0	0
LEVETIRACETAM	1	4	1	-0.12729999999999994	0	2	0	3	1	1	2	3	26	8	0	1	156.1	0	0	1
ATOMOXETINE	1	2	0	3.7246200000000025	2	0	0	6	0	2	1	6	40	17	0	0	234.19299999999998	0	0	1
NABILONE	1	3	1	6.264000000000008	1	0	0	6	1	3	1	6	63	24	0	0	336.26100000000014	1	1	1
LOXAPINE	0	4	2	3.7714000000000025	2	0	0	0	1	4	0	1	41	18	0	1	309.67099999999994	0	0	1
VALACYCLOVIR_HYDROCHLORIDE	3	10	0	-0.7975999999999985	2	0	0	7	0	2	5	8	43	13	2	0	304.1810000000001	0	0	0
TALIPEXOLE	1	3	1	1.3119	1	0	0	2	0	2	2	2	29	10	1	0	194.19799999999998	0	0	1
DIETHYLCARBAMAZINE_CITRATE	0	4	1	0.6956	0	2	0	2	1	1	0	4	35	10	0	1	178.12999999999997	0	0	0
THEOPHYLLINE	1	6	0	-1.0397000000000003	2	0	0	0	0	2	1	0	21	7	2	0	172.10299999999995	0	0	1
RITODRINE_HYDROCHLORIDE	4	4	0	2.3520000000000003	2	0	0	6	0	2	4	6	42	17	0	0	266.1909999999999	0	0	0
ACECLOFENAC	2	5	0	3.907300000000002	2	0	0	6	0	2	2	7	36	16	0	0	341.0850000000001	0	0	0
TOLBUTAMIDE	2	5	0	1.78302	1	2	0	5	0	1	2	7	36	12	0	0	252.20999999999995	0	0	0
PROPYPHENAZONE	0	3	0	2.6078200000000007	2	0	0	2	0	2	0	2	35	14	1	0	212.167	0	0	0
DIPYRONE	1	7	0	0.7659199999999999	2	0	0	4	0	2	1	4	38	13	1	0	294.2270000000001	0	0	0
SPARFLOXACIN	3	7	1	2.0816	2	0	0	3	2	4	4	3	50	19	1	1	370.23000000000013	1	1	0
ORLISTAT	1	6	1	6.881900000000009	0	1	0	23	1	1	1	24	88	29	0	1	442.32100000000025	0	0	0
ACARBOSE	14	19	3	-8.564500000000011	0	0	0	9	3	4	14	9	87	25	0	3	602.2640000000004	0	1	0
BENZPHETAMINE	0	1	0	3.749600000000002	2	0	0	5	0	2	0	5	39	17	0	0	218.19400000000002	0	0	1
PERICYAZINE	1	4	2	4.007780000000004	2	0	0	4	1	4	1	4	49	21	0	1	342.3180000000001	0	0	1
ANAGRELIDE_HYDROCHLORIDE	1	4	2	1.9263	1	1	0	0	1	3	1	0	23	10	0	1	249.03599999999997	0	0	0
METAPROTERENOL	4	4	0	1.1291999999999998	1	0	0	4	0	1	4	4	32	11	0	0	194.125	0	0	0
RAMIPRIL	2	7	1	2.3831999999999995	1	1	0	9	2	3	2	11	62	23	0	1	384.26200000000017	1	1	0
CIPROFLOXACIN	2	6	1	1.5833	2	0	0	3	2	4	2	3	42	17	1	1	313.2030000000001	1	1	0
THIETHYLPERAZINE	0	3	2	5.0388000000000055	2	0	0	6	1	4	0	6	56	22	0	1	370.39700000000016	0	0	1
MIZORIBINE	5	9	1	-2.7009	1	1	0	3	1	2	6	3	31	9	1	1	246.114	0	0	0
OLANZAPINE	1	4	2	3.439220000000004	2	0	0	0	1	4	1	1	42	17	1	1	292.2820000000001	0	0	1
PEROSPIRONE	0	6	2	3.3737000000000017	2	2	0	6	3	5	0	6	60	23	1	2	396.3460000000002	1	1	1
SPIRAPRIL	2	7	2	2.3908000000000005	1	1	0	9	2	3	2	11	61	22	0	2	436.38500000000016	0	0	0
DESLORATADINE	1	2	1	4.018900000000003	2	0	0	0	1	4	1	0	41	19	1	1	291.676	0	1	0
IOFLUPANE	0	3	2	3.1557000000000013	1	0	2	5	2	3	0	6	46	18	0	2	281.201	0	0	1
METOLAZONE	2	6	1	2.7141199999999994	2	1	0	2	0	3	3	2	40	16	0	0	349.71400000000006	0	0	0
DIGOXIN	6	14	4	2.218100000000001	0	0	0	7	7	8	6	7	119	41	0	3	716.4370000000004	4	4	0
ACEBUTOLOL	3	6	0	2.3655	1	1	0	10	0	1	3	11	52	18	0	0	308.20800000000014	0	0	0
DOXAPRAM	0	4	2	3.173300000000002	2	1	0	6	2	4	0	6	58	24	0	2	348.27600000000007	0	0	1
COLISTIN_SULFATE	18	29	1	-5.8314999999999975	0	11	0	28	1	1	23	32	179	52	0	1	1056.6709999999994	0	0	0
PHENYTOIN	2	4	1	1.7696	2	3	0	2	1	3	2	2	31	15	0	1	240.17700000000002	0	0	1
ATORVASTATIN_CALCIUM	4	7	0	6.313600000000008	4	1	0	12	0	4	4	13	76	33	1	0	523.3700000000003	0	0	0
SULFASALAZINE	3	9	0	3.7016000000000018	3	0	0	6	0	3	3	6	42	18	1	0	384.2880000000001	0	0	0
LAMIVUDINE	2	6	1	-0.5941000000000005	1	0	0	2	1	2	3	2	26	8	1	1	218.173	0	0	0
CYCLOTHIAZIDE	3	7	1	1.2295000000000005	1	0	2	2	1	4	4	2	40	14	0	0	373.75800000000015	1	2	0
BROMAZEPAM	1	4	1	2.6336000000000004	2	1	0	1	0	3	1	1	29	14	1	0	306.078	0	0	1
LETROZOLE	0	5	0	2.659160000000001	3	0	0	3	0	3	0	3	33	17	1	0	274.222	0	0	0
MERCAPTOPURINE	2	4	0	1.0154899999999998	2	0	0	0	0	2	2	0	14	5	2	0	148.15	0	0	0
TOLCAPONE	2	6	0	2.5454200000000022	2	0	0	3	0	2	2	3	31	14	0	0	262.15599999999995	0	0	1
THIOPROPAZATE	0	5	2	4.513500000000004	2	0	0	7	1	4	0	8	58	23	0	1	417.79200000000014	0	0	1
FLUFENAMIC	2	3	0	4.1472000000000016	2	0	0	3	0	2	2	4	30	14	0	0	271.1529999999999	0	0	0
CHLOMETHIAZOLE	0	1	0	2.2328200000000002	1	0	0	2	0	1	0	2	17	6	1	0	153.593	0	0	1
DROPERIDOL	1	5	1	3.6784000000000026	3	0	0	6	0	4	1	6	50	22	1	0	357.25900000000007	0	0	1
NALMEFENE	2	4	2	2.512500000000002	1	0	2	2	3	6	2	2	50	21	0	1	314.23500000000007	2	3	1
ALFACALCIDOL	2	2	0	6.589800000000008	0	0	0	6	3	3	2	6	73	27	0	0	356.29500000000013	3	3	0
PRIFINIUM	0	1	1	5.137300000000005	2	0	0	4	1	3	0	4	51	22	0	1	278.249	0	0	0
BETAXOLOL_HYDROCHLORIDE	2	4	0	2.3934	1	0	0	11	1	2	2	11	51	18	0	0	278.202	1	1	0
ISOTRETINOIN	1	2	0	5.602600000000005	0	0	0	5	0	1	1	5	50	20	0	0	272.218	0	1	0
SCOPOLAMINE	1	5	3	0.9180999999999993	1	0	2	4	3	4	1	5	43	17	0	3	282.19	0	0	1
EMTRICITABINE	2	6	1	-0.4550000000000002	1	0	0	2	1	2	3	2	26	8	1	1	237.171	0	0	0
PROPYLTHIOURACIL	2	3	0	1.38499	1	0	0	2	0	1	2	2	21	7	1	0	160.15699999999995	0	0	0
FLUNITRAZEPAM	0	6	1	2.5477000000000007	2	1	0	2	0	3	0	2	35	16	0	0	301.19199999999995	0	0	1
URACIL_MUSTARD	2	5	0	0.3472000000000001	1	0	0	5	0	1	2	5	26	8	1	0	241.013	0	0	0
DEFERIPRONE	1	3	0	0.39932	1	0	0	0	0	1	1	0	19	7	1	0	130.08199999999997	0	0	0
DOXYCYCLINE	6	10	0	-0.34759999999999863	1	1	0	2	0	4	7	2	56	22	0	0	420.24800000000033	0	3	0
ISOSORBIDE_MONONITRATE	1	7	2	-1.2781999999999996	0	0	0	2	2	2	1	2	22	6	0	2	182.067	0	0	0
VALGANCICLOVIR_HYDROCHLORIDE	4	11	0	-1.4366999999999974	2	0	0	8	0	2	6	9	47	14	2	0	332.1910000000001	0	0	0
MELOXICAM	2	7	1	1.95092	2	1	0	2	0	3	2	3	36	14	1	0	338.30500000000006	0	0	0
PROMETHAZINE	0	2	1	4.239400000000004	2	0	0	3	0	3	0	3	40	17	0	0	264.268	0	0	1
ZATEBRADINE	0	7	1	3.212800000000001	2	1	0	11	0	3	0	11	69	26	0	0	420.2950000000001	0	0	0
NICOTINE	0	2	1	1.8483	1	0	0	1	1	2	0	1	26	10	1	1	148.12399999999997	0	0	1
TEMAZEPAM	1	4	1	2.472200000000001	2	1	0	1	0	3	1	1	34	16	0	0	287.64099999999996	0	0	1
PERPHENAZINE	1	4	2	3.942700000000003	2	0	0	6	1	4	1	6	53	21	0	1	377.7710000000001	0	0	1
TRIENTINE_HYDROCHLORIDE	4	4	0	-1.9169999999999976	0	0	0	7	0	0	6	7	28	6	0	0	128.094	0	0	0
FUROSEMIDE	3	7	0	1.8907	2	0	0	5	0	2	4	5	32	12	1	0	319.66100000000006	0	0	0
AMIODARONE_HYDROCHLORIDE	0	4	0	6.936200000000008	3	0	0	11	0	3	0	11	60	25	1	0	616.0870000000002	0	0	0
TICLOPIDINE_HYDROCHLORIDE	0	1	1	3.9598000000000018	2	0	0	2	0	3	0	2	31	14	1	0	249.68099999999995	0	0	0
SULFAMETER	2	7	0	0.8681999999999999	2	0	0	4	0	2	3	4	31	11	1	0	268.21299999999997	0	0	0
PHENPROCOUMON	1	3	0	4.0405000000000015	3	0	0	3	0	3	1	3	37	18	1	0	264.19499999999994	0	0	0
PROTOKYLOL_HYDROCHLORIDE	4	6	1	2.0807	2	0	0	6	0	3	4	6	45	18	0	0	310.2000000000001	0	0	0
MOLINDONE	1	4	1	1.96282	1	0	0	3	1	3	1	3	44	16	1	1	252.188	0	1	1
HOMATROPINE_METHYLBROMIDE	1	4	2	-0.962999999999996	1	0	2	3	2	3	1	4	46	17	0	2	346.09500000000014	0	0	0
ESTROPIPATE	1	5	0	3.293400000000002	1	0	0	2	2	4	1	2	46	18	0	0	328.2600000000001	2	3	0
NEVIRAPINE	1	5	1	2.6512200000000004	2	1	0	1	1	4	1	1	34	15	2	0	252.192	1	1	0
DILOXANIDE	1	3	0	2.1587	1	1	0	2	0	1	1	3	23	9	0	0	225.01	0	0	0
DEXTROMORAMIDE	0	4	2	3.5634000000000023	2	1	0	6	2	4	0	7	61	25	0	2	360.28700000000015	0	0	1
FLUVASTATIN_SODIUM	3	5	0	4.6281000000000025	3	0	0	8	0	3	3	8	56	24	1	0	385.26500000000016	0	0	0
FOSINOPRIL_SODIUM	1	8	1	6.121300000000009	1	1	0	14	2	3	1	16	85	30	0	1	517.3040000000004	1	1	0
TILUDRONATE_DISODIUM	4	6	0	2.0711000000000013	1	0	0	4	0	1	4	4	26	7	0	0	309.5390000000001	0	0	0
VILOXAZINE	1	4	1	1.4525	1	0	0	5	1	2	1	5	36	13	0	1	218.14700000000002	0	0	1
NALTREXONE	2	5	2	1.5254	1	0	2	2	3	6	2	2	48	20	0	1	318.22300000000007	2	3	1
BICALUTAMIDE	2	6	0	2.8795800000000016	2	1	0	5	0	2	2	7	43	18	0	0	416.26700000000017	0	0	0
MEPARTRICIN	12	21	3	2.37480000000001	1	0	2	10	2	4	14	11	166	59	0	2	1040.6439999999993	0	0	0
IVERMECTIN	3	14	6	5.601400000000008	0	0	2	8	5	7	3	8	136	48	0	5	800.5139999999999	0	1	0
CIPROFIBRATE	1	3	0	3.589800000000003	1	0	0	4	1	2	1	4	32	13	0	0	275.046	1	1	0
LIOTHYRONINE	3	5	0	3.952700000000001	2	0	0	5	0	2	4	5	35	15	0	0	638.8800000000001	0	0	0
FLUVOXAMINE	1	4	0	3.201500000000001	1	0	0	9	0	1	2	10	43	15	0	0	297.17099999999994	0	0	1
DIFLUNISAL	2	3	0	3.0356000000000005	2	0	0	2	0	2	2	2	26	13	0	0	242.136	0	0	0
IDARUBICIN	5	10	1	1.0202999999999989	2	0	0	3	1	5	6	3	63	26	0	1	470.28400000000033	0	2	0
SIBUTRAMINE	0	1	0	4.738000000000005	1	0	0	5	1	2	0	5	45	17	0	0	253.64700000000002	1	1	1
ALLOPURINOL	2	5	0	-0.3538000000000001	2	0	0	0	0	2	2	0	14	5	2	0	132.082	0	0	0
GLICLAZIDE	2	6	1	1.6298200000000005	1	2	0	3	2	3	2	5	43	15	0	1	302.25000000000006	1	1	0
SORBINIL	2	5	2	0.6428999999999999	1	3	0	0	1	3	2	0	26	11	0	1	227.13	0	0	0
LEUCOVORIN	7	14	1	-0.3188000000000001	2	2	0	10	0	3	8	11	57	20	1	0	450.26200000000017	0	0	0
CILAZAPRIL	2	8	2	1.5955	1	1	0	8	2	3	2	9	61	22	0	2	386.25800000000015	0	0	0
SULFISOXAZOLE_ACETYL	1	7	0	1.6154400000000002	2	1	0	3	0	2	2	4	36	13	1	0	294.2270000000001	0	0	0
REMOXIPRIDE	1	5	1	2.680400000000001	1	1	0	6	1	2	1	7	45	16	0	1	348.09099999999995	0	0	1
BETHANIDINE_SULFATE	2	3	0	0.9813999999999996	1	0	0	2	0	1	2	4	28	10	0	0	162.13099999999997	0	0	0
SULFAMETHOXAZOLE	2	6	0	1.36602	2	0	0	3	0	2	3	3	28	10	1	0	242.195	0	0	0
DOLASETRON	1	5	4	2.519	2	0	4	2	4	6	1	3	44	19	1	4	304.22	0	0	1
NOVOBIOCIN_SODIUM	5	13	1	3.6271200000000015	3	2	0	8	1	4	6	10	80	31	1	1	576.3440000000003	0	0	0
XYLOSE	4	5	0	-2.7397	0	0	0	4	0	0	4	4	20	5	0	0	140.04999999999998	0	0	0
BENPERIDOL	1	5	1	3.7687000000000026	3	0	0	6	1	4	1	6	52	22	1	1	357.25900000000007	0	0	1
THIORIDAZINE	0	2	2	5.8856000000000055	2	0	0	4	1	4	0	4	51	21	0	1	344.37900000000013	0	0	1
PHENOLPHTHALEIN	2	4	1	3.5601000000000016	3	0	0	2	0	4	2	2	38	20	0	0	304.216	0	0	0
AMISULPRIDE	2	7	1	1.2851000000000006	1	1	0	7	1	2	3	8	52	17	0	1	342.271	0	0	1
SUCRALFATE	8	35	2	-6.821300000000003	0	0	0	20	2	2	8	20	74	11	0	2	948.6220000000003	0	0	0
TROLEANDOMYCIN	0	16	4	3.620900000000008	0	0	0	9	4	4	0	12	124	41	0	4	746.4430000000001	0	0	0
BISOPROLOL_FUMARATE	2	5	0	2.3659	1	0	0	12	0	1	2	12	54	18	0	0	294.201	0	0	0
MIDODRINE_HYDROCHLORIDE	3	6	0	-0.1878999999999994	1	1	0	6	0	1	4	7	36	12	0	0	236.142	0	0	0
EMEPRONIUM	0	1	0	4.693400000000004	2	0	0	6	0	2	0	6	49	20	0	0	254.22699999999992	0	0	0
HALAZEPAM	0	3	1	4.086300000000001	2	1	0	2	0	3	0	3	36	17	0	0	340.647	0	0	1
SETIPTILINE	0	1	1	3.837100000000003	2	0	0	0	0	4	0	0	39	19	0	0	242.21599999999992	0	1	1
METHYLERGONOVINE	3	5	1	1.9247000000000003	2	1	0	4	0	4	3	5	50	20	1	0	314.2390000000001	0	1	0
PROCHLORPERAZINE	0	3	2	4.580200000000004	2	0	0	4	1	4	0	4	49	20	0	1	349.76100000000014	0	0	1
IOMAZENIL	0	6	1	2.2392000000000003	2	1	0	2	0	3	0	3	36	15	1	0	397.087	0	0	1
CLONAZEPAM	1	6	1	3.0377000000000014	2	1	0	2	0	3	1	2	32	15	0	0	305.63599999999997	0	0	1
FLUMAZENIL	0	6	1	1.7736999999999998	2	1	0	2	0	3	0	3	36	15	1	0	289.181	0	0	1
ANISINDIONE	0	3	0	2.8580000000000005	2	0	0	2	0	3	0	2	31	16	0	0	240.173	0	1	0
HYDROCORTISONE	3	5	0	1.7816	0	0	0	2	3	4	3	2	56	21	0	0	332.2260000000001	3	4	0
BROMOCRIPTINE	3	10	4	3.1928000000000023	2	3	0	5	3	7	3	6	83	32	1	3	614.2860000000003	0	1	1
BEMETIZIDE	3	7	1	1.821	2	0	0	3	0	3	4	3	41	15	0	0	385.7690000000002	0	0	0
LIDOFLAZINE	1	4	1	5.750040000000006	3	1	0	9	1	4	1	10	71	30	0	1	456.3460000000003	0	0	0
REBOXETINE	1	4	1	3.1938000000000004	2	0	0	6	1	3	1	6	46	19	0	1	290.213	0	0	1
NEOSTIGMINE	0	4	0	1.9437	1	1	0	2	0	1	0	4	35	12	0	0	204.14399999999995	0	0	0
CHLOROTRIANISENE	0	3	0	5.867800000000004	3	0	0	6	0	3	0	6	48	23	0	0	359.70300000000015	0	0	0
COLCHICINE	1	7	0	2.8716000000000013	2	1	0	5	0	3	1	6	54	22	0	0	374.24300000000017	0	1	0
GLISOLAMIDE	3	9	0	2.27612	2	3	0	7	1	3	3	10	56	20	1	0	408.3100000000002	1	1	0
DISTIGMINE	0	8	0	2.4574000000000007	2	2	0	9	0	2	0	13	62	22	2	0	384.26600000000013	0	0	0
DEHYDROCHOLIC	1	5	0	4.073300000000003	0	0	0	4	4	4	1	4	63	24	0	0	368.2590000000001	4	4	0
PRAZEPAM	0	3	1	3.934000000000003	2	1	0	3	1	4	0	3	40	19	0	0	307.67500000000007	1	1	1
NITAZOXANIDE	1	8	0	2.2289000000000003	2	1	0	4	0	2	1	6	30	12	1	0	298.2150000000001	0	0	0
PHENAZOCINE	1	2	1	4.159100000000005	2	0	2	3	1	4	1	3	51	22	0	1	294.248	0	1	1
ATAZANAVIR	5	13	0	4.2116000000000025	3	4	0	14	0	3	5	22	103	38	1	0	652.4530000000002	0	0	0
IPODATE	1	4	0	3.7390000000000025	1	0	0	5	0	1	1	5	32	12	0	0	584.8560000000002	0	0	0
BENAZEPRIL	2	7	1	2.5731	2	1	0	9	0	3	2	10	59	24	0	0	396.27300000000014	0	0	0
PERGOLIDE	1	2	1	4.271100000000003	2	0	0	4	1	4	1	4	48	19	1	1	288.29	0	1	1
ROSARAMICIN	2	10	3	2.6704000000000017	0	0	0	6	2	3	2	6	92	31	0	2	530.3390000000004	0	0	0
BROXATEROL	2	4	0	1.8586	1	0	0	3	0	1	2	4	29	9	1	0	248.015	0	0	0
PHENOBARBITAL/PHENOBARBITONE	2	5	1	0.7003999999999997	1	4	0	2	1	2	2	2	29	12	0	1	220.143	0	0	1
VARDENAFIL	1	10	1	2.0704199999999995	3	0	0	8	1	4	1	8	66	23	2	1	456.3580000000002	0	0	0
BRIVUDINE	3	7	1	-0.4571	1	0	0	3	1	2	3	3	32	11	1	1	320.03400000000005	0	0	0
DEMECLOCYCLINE_HYDROCHLORIDE	6	10	0	0.1082999999999998	1	0	0	1	2	4	7	1	53	21	0	0	443.69000000000017	2	3	0
ISOPROPAMIDE_IODIDE	1	3	0	4.111500000000003	2	1	0	8	0	2	2	8	59	23	0	0	320.26600000000013	0	0	0
CHLOROQUINE_PHOSPHATE	1	3	0	4.810600000000004	2	0	0	8	0	2	1	8	48	18	1	0	293.672	0	0	0
MEMANTINE	1	1	0	2.6941000000000006	0	0	4	0	4	4	2	0	34	12	0	0	158.13899999999995	4	4	1
SUMATRIPTAN	2	5	0	1.3211999999999997	2	0	0	6	0	2	2	6	41	14	1	0	274.24	0	0	1
OXAZEPAM	2	4	1	2.447900000000001	2	1	0	1	0	3	2	1	31	15	0	0	275.63	0	0	1
OXYPERTINE	1	5	1	3.858220000000004	3	0	0	6	1	4	1	6	57	23	1	1	350.27200000000016	0	0	1
CHLORMETHIAZOLE	0	1	0	1.9244	1	0	0	2	0	1	0	2	14	5	1	0	141.582	0	0	1
PALONOSETRON	0	3	4	2.6565000000000007	1	1	2	1	3	6	0	1	46	19	0	3	272.222	0	1	1
CEFDITOREN_PIVOXIL	2	13	2	2.298119999999999	2	2	0	9	1	4	3	13	69	25	2	1	592.5110000000002	0	0	0
FLUOCORTOLONE	2	4	0	2.6367000000000016	0	0	0	2	3	4	2	2	56	22	0	0	347.23600000000016	3	4	0
ERYTHRITYL	0	16	0	-1.4431999999999994	0	0	0	11	0	0	0	11	26	4	0	0	296.06	0	0	0
TRIAMCINOLONE	4	6	0	0.6204999999999998	0	0	0	2	3	4	4	2	55	21	0	0	367.2230000000001	3	4	0
NICORANDIL	1	7	0	0.01969999999999944	1	1	0	5	0	1	1	6	24	8	1	0	202.105	0	0	0
PREGABALIN	2	3	0	1.0821	0	0	0	5	0	0	3	5	28	8	0	0	142.093	0	0	1
GEMIFLOXACIN	2	9	1	0.966	2	0	0	5	2	4	3	5	48	18	2	1	369.22700000000015	1	1	0
EPALRESTAT	1	4	1	2.918700000000001	1	1	0	4	1	2	1	4	34	15	0	1	306.30300000000005	0	0	0
FLUPIRTINE	3	6	0	2.9834000000000014	2	1	0	5	0	2	4	7	39	15	1	0	287.189	0	0	1
FENOTEROL	5	5	0	2.0576	2	0	0	6	0	2	5	6	43	17	0	0	282.18999999999994	0	0	0
QUINESTROL	1	2	0	5.228400000000006	1	0	0	2	3	5	1	2	59	25	0	0	332.27300000000014	3	4	0
LEVODROPROPIZINE	2	4	1	0.16179999999999994	1	0	0	4	1	2	2	4	37	13	0	1	216.155	0	0	0
DIPHENHYDRAMINE	0	2	0	3.3542000000000023	2	0	0	6	0	2	0	6	40	17	0	0	234.193	0	0	1
FENTANYL	0	3	1	4.136700000000004	2	1	0	6	1	3	0	7	53	22	0	1	308.25500000000005	0	0	1
CHLORDIAZEPOXIDE	1	4	1	1.8492	2	0	0	1	0	3	1	1	35	16	0	0	285.649	0	0	1
PARALDEHYDE	0	3	1	1.0878	0	0	0	0	1	1	0	0	21	6	0	1	120.06299999999996	0	0	1
ESTRADIOL	2	2	0	3.6092000000000017	1	0	0	0	2	4	2	0	44	18	0	0	248.196	2	3	0
ACETAZOLAMIDE	2	7	0	-0.8561000000000003	1	1	0	2	0	1	3	3	19	4	1	0	216.203	0	0	1
CINOLAZEPAM	1	5	1	2.8951800000000016	2	1	0	3	0	3	1	3	38	18	0	0	344.66800000000006	0	0	1
ONDANSETRON	0	4	0	3.1285200000000017	3	0	0	2	0	4	0	2	41	18	2	0	274.218	0	1	1
BEVANTOLOL	2	5	0	2.584220000000001	2	0	0	10	0	2	2	10	52	20	0	0	318.22300000000007	0	0	0
PANTOTHENIC	4	6	0	-1.0432999999999997	0	1	0	6	0	0	4	7	32	9	0	0	202.101	0	0	0
SULINDAC	1	3	0	4.365500000000004	2	0	0	4	0	3	1	4	42	20	0	0	339.2820000000001	0	1	0
CORTISONE_ACETATE	2	5	0	1.9898	0	0	0	2	3	4	2	2	54	21	0	0	332.2260000000001	3	4	0
CLIDINIUM_BROMIDE	1	4	3	2.7045000000000003	2	0	2	4	3	5	1	5	52	22	0	3	326.2460000000001	0	0	0
LACTULOSE	8	11	1	-5.552999999999992	0	0	0	8	1	1	8	8	45	12	0	1	320.1210000000001	0	0	0
HYDROMORPHONE	1	4	2	1.6303	1	0	2	0	2	5	1	0	40	17	0	1	266.1909999999999	1	2	1
MEFENAMIC_ACID	2	3	0	3.7452400000000017	2	0	0	3	0	2	2	3	33	15	0	0	226.17	0	0	0
MEPHENYTOIN	1	4	1	1.4735000000000005	1	3	0	2	1	2	1	2	30	12	0	1	204.144	0	0	1
PENTOXIFYLLINE	0	7	0	0.1929999999999996	2	0	0	5	0	2	0	5	38	13	2	0	260.16799999999995	0	0	0
RIZATRIPTAN	1	5	0	1.9118	3	0	0	5	0	3	1	5	39	15	2	0	250.2	0	0	1
TRANEXAMIC_ACID	2	3	0	0.8361000000000001	0	0	0	2	1	1	3	2	26	8	0	0	142.09299999999996	1	1	0
ACITRETIN	1	3	0	5.167060000000005	1	0	0	6	0	1	1	6	50	21	0	0	300.228	0	0	0
DIETHYLSTILBESTROL_DIPHOSPHATE	2	2	0	4.828600000000005	2	0	0	4	0	2	2	4	40	18	0	0	248.196	0	0	0
GALANTAMINE	1	4	2	1.8503000000000005	1	0	0	1	0	4	1	1	42	17	0	0	266.1909999999999	0	1	1
MEBENDAZOLE	2	6	0	2.9722000000000013	3	1	0	3	0	3	2	5	35	16	1	0	282.194	0	0	0
HYDROXYZINE	1	4	1	3.0559000000000016	2	0	0	8	1	3	1	8	53	21	0	1	347.69600000000014	0	0	1
CYSTEAMINE_BITARTRATE	2	1	0	-0.12509999999999988	0	0	0	1	0	0	2	1	11	2	0	0	70.096	0	0	0
PROTRIPTYLINE	1	1	0	4.301900000000003	2	0	0	4	0	3	1	4	41	19	0	0	242.21599999999992	0	1	1
IOCETAMIC_ACID	2	5	0	3.156200000000001	1	1	0	4	0	1	3	5	33	12	0	0	600.855	0	0	0
DIOSMIN	8	15	2	-1.0897000000000006	3	0	0	7	2	5	8	7	75	28	1	2	576.2930000000002	0	0	0
LINCOMYCIN_HYDROCHLORIDE	5	8	2	-0.8569999999999969	0	1	0	7	2	2	5	8	61	18	0	2	372.27300000000014	0	0	0
THIOTHIXENE	0	5	2	3.4707000000000017	2	0	0	5	1	4	0	5	59	23	0	1	414.4060000000002	0	0	1
TRIAMTERENE	3	7	0	0.8333999999999999	3	0	0	1	0	3	6	1	30	12	2	0	242.18099999999998	0	0	0
RACECADOTRIL	1	5	0	2.9846000000000013	2	1	0	9	0	2	1	12	50	21	0	0	362.30100000000016	0	0	0
LORAZEPAM	2	4	1	3.101300000000001	2	1	0	1	0	3	2	1	31	15	0	0	311.08299999999997	0	0	1
MEPTAZINOL	1	2	1	3.1557000000000017	1	0	0	2	1	2	1	2	40	15	0	1	210.171	0	0	1
RIBOFLAVIN	5	10	2	-1.7235599999999989	1	0	0	5	0	3	5	5	47	17	0	0	356.2090000000002	0	0	0
TRIDIHEXETHYL_CHLORIDE	1	2	0	4.721100000000004	1	0	0	8	1	2	1	8	59	21	0	0	282.237	1	1	0
FROVATRIPTAN	3	4	0	1.3435	2	1	0	2	0	3	4	2	35	14	1	0	226.17399999999995	0	1	0
FLUOXYMESTERONE	2	3	0	3.3322000000000016	0	0	0	0	3	4	2	0	53	20	0	0	307.2150000000001	3	4	0
CELECOXIB	1	5	0	3.513920000000001	3	0	0	3	0	3	2	4	40	17	1	0	367.267	0	0	0
AZACITIDINE	4	9	1	-3.167999999999999	1	0	0	2	1	2	5	2	29	8	1	1	232.111	0	0	0
PHENINDIONE	0	2	0	2.849400000000001	2	0	0	1	0	3	0	1	27	15	0	0	212.16299999999995	0	1	0
ROPINIROLE	1	3	1	2.845700000000001	1	1	0	7	0	2	1	7	43	16	0	0	236.18900000000002	0	0	1
BUPROPION	1	2	0	3.2993000000000023	1	0	0	3	0	1	1	4	34	13	0	0	221.602	0	0	1
IOHEXOL	8	12	0	-1.6274999999999986	1	3	0	12	0	1	8	15	60	19	0	0	794.9330000000001	0	0	0
HEXOCYCLIUM_METHYLSULFATE	1	3	1	2.8465000000000007	1	0	0	4	2	3	1	4	56	20	0	1	284.233	1	1	0
CARBENICILLIN_INDANYL_SODIUM	2	8	2	2.4962	2	2	0	6	2	5	2	8	61	26	0	2	468.36100000000033	0	1	0
EPROSARTAN_MESYLATE	2	6	0	4.744400000000003	3	0	0	10	0	3	2	10	54	23	2	0	400.33000000000015	0	0	0
ENOXACIN	2	7	1	0.6633000000000002	2	0	0	3	1	3	2	3	40	15	2	1	303.188	0	0	0
ALPRAZOLAM	0	4	1	3.5801200000000017	3	0	0	1	0	4	0	1	35	17	1	0	295.668	0	0	1
MEPROBAMATE	2	6	0	0.9834000000000004	0	2	0	6	0	0	4	8	33	9	0	0	200.10899999999995	0	0	1
ANISOTROPINE	0	3	2	3.5158000000000023	0	0	2	6	2	2	0	7	52	17	0	2	250.19199999999995	0	0	0
RITONAVIR	4	11	0	5.905200000000005	4	4	0	17	0	4	4	22	98	37	2	0	672.5780000000002	0	0	0
VITAMIN	1	2	1	8.840260000000002	1	0	0	12	0	2	1	12	81	29	0	0	380.3170000000002	0	0	0
PREDNISOLONE	3	5	0	1.5576	0	0	0	2	3	4	3	2	54	21	0	0	332.22600000000006	3	4	0
OTILONIUM	1	6	0	6.321400000000009	2	1	0	16	0	2	1	18	78	29	0	0	440.3290000000003	0	0	0
OXOLINIC	1	6	1	1.4483	2	0	0	2	0	3	1	2	30	13	1	0	250.14499999999992	0	0	0
ROPIVACAINE	1	3	1	3.5064400000000018	1	1	0	4	1	2	1	5	46	17	0	1	248.2	0	0	1
PINAVERIUM	0	5	1	5.2923000000000044	1	0	2	10	4	5	0	10	73	26	0	1	470.1930000000004	3	3	0
AZITHROMYCIN_DIHYDRATE	5	14	3	1.9007000000000047	0	0	0	7	3	3	5	7	124	38	0	3	676.4200000000002	0	0	0
LACTITOL	9	11	1	-5.761199999999992	0	0	0	8	1	1	9	8	47	12	0	1	320.1210000000001	0	0	0
AMBENONIUM_CHLORIDE	2	6	0	4.639200000000005	2	2	0	14	0	2	2	17	78	28	0	0	495.2400000000004	0	0	0
CARBETAPENTANE	0	4	0	3.4000000000000017	1	0	0	10	1	2	0	11	55	20	0	0	302.224	1	1	0
PIROXICAM	2	7	1	1.5810000000000002	2	1	0	2	0	3	2	3	36	15	1	0	318.24900000000014	0	0	0
TIMOLOL_MALEATE	2	7	1	0.5024999999999997	1	0	0	6	1	2	2	7	45	13	1	1	292.23500000000007	0	0	0
CLARITHROMYCIN	4	14	3	2.4397000000000046	0	0	0	8	3	3	4	8	121	38	0	3	678.4120000000003	0	0	0
FENFLURAMINE	1	1	0	3.2459000000000024	1	0	0	4	0	1	1	5	32	12	0	0	215.13299999999992	0	0	1
ASTEMIZOLE	1	5	1	5.351300000000005	4	0	0	8	1	5	1	8	65	28	1	1	427.33300000000025	0	0	0
TANDOSPIRONE	0	7	2	1.4098999999999997	1	2	2	6	4	5	0	6	57	21	1	2	354.2640000000002	2	2	1
IMIPRAMINE	0	2	1	3.875000000000004	2	0	0	4	0	3	0	4	45	19	0	0	256.223	0	0	1
HALOFANTRINE_HYDROCHLORIDE	1	2	0	8.644300000000001	3	0	0	10	0	3	1	11	63	26	0	0	470.1920000000002	0	0	0
ERYTHROMYCIN	5	14	3	1.785600000000004	0	0	0	7	3	3	5	7	118	37	0	3	666.4010000000002	0	0	0
LORMETAZEPAM	1	4	1	3.1256000000000017	2	1	0	1	0	3	1	1	34	16	0	0	323.09399999999994	0	0	1
TRIMEPRAZINE	0	2	1	4.4870000000000045	2	0	0	4	0	3	0	4	43	18	0	0	276.279	0	0	1
REBAMIPIDE	3	6	0	2.6072000000000006	3	1	0	5	0	3	3	6	41	19	1	0	355.672	0	0	0
MEFLOQUINE	2	3	1	4.4479000000000015	2	0	0	2	1	3	2	4	42	17	1	1	362.18799999999993	0	0	0
MESORIDAZINE	0	3	2	4.901100000000005	2	0	0	4	1	4	0	4	52	21	0	1	360.37800000000016	0	0	1
AMITRIPTYLINE	0	1	0	4.168600000000003	2	0	0	3	0	3	0	3	44	20	0	0	254.22699999999992	0	1	1
DIPYRIDAMOLE	4	12	2	-0.017599999999997284	2	0	0	12	2	4	4	12	76	24	2	2	464.3160000000003	0	0	0
POLYTHIAZIDE	2	7	1	1.655	1	0	0	4	0	2	3	5	38	11	0	0	426.7860000000002	0	0	0
TIRAPAZAMINE	1	6	0	-0.9162000000000003	2	0	0	0	0	2	2	0	19	7	1	0	172.10299999999995	0	0	0
TENOXICAM	2	7	1	1.6425	2	1	0	2	0	3	2	3	33	13	2	0	326.2940000000001	0	0	0
BUNAZOSIN	1	8	1	2.068	2	1	0	5	1	3	2	6	54	19	1	1	346.24100000000016	0	0	0
LEVOCARNITINE	2	4	0	-0.4718000000000007	0	0	0	4	0	0	2	4	27	7	0	0	146.08099999999996	0	0	0
ANASTROZOLE	0	5	0	2.9287600000000014	2	0	0	4	0	2	0	4	41	17	1	0	274.222	0	0	0
MOCLOBEMIDE	1	4	1	1.4019999999999997	1	1	0	4	1	2	1	5	35	13	0	1	251.608	0	0	1
ETODOLAC	2	4	1	3.3830000000000013	2	0	0	4	0	3	2	4	42	17	1	0	266.191	0	0	0
AMINOSALICYLIC_ACID	3	4	0	0.6726000000000001	1	0	0	1	0	1	4	1	18	7	0	0	146.08099999999996	0	0	0
SATIGREL	1	5	0	3.8940800000000015	2	0	0	7	0	2	1	7	44	20	0	0	318.22300000000007	0	0	0
GLIPIZIDE	3	9	0	2.07812	2	3	0	7	1	3	3	10	58	21	1	0	418.3290000000002	1	1	0
TRIAMCINOLONE_DIACETATE	2	8	0	1.7620999999999996	0	0	0	4	3	4	2	6	65	25	0	0	447.26500000000016	3	4	0
CYCLIZINE	0	2	1	3.0234000000000014	2	0	0	3	1	3	0	3	42	18	0	1	244.212	0	0	1
BREQUINAR	1	3	0	5.853620000000004	4	0	0	3	0	4	1	3	43	23	1	0	360.25400000000013	0	0	0
CYCLOPHOSPHAMIDE	1	4	1	1.884	0	0	0	5	1	1	1	5	29	7	0	1	245.96900000000002	0	0	0
CROMOLYN_SODIUM	3	11	0	2.1145	4	0	0	8	0	4	3	8	50	23	2	0	452.2420000000003	0	0	0
IBANDRONATE	5	8	0	0.4999999999999996	0	0	0	9	0	0	5	9	42	9	0	0	296.047	0	0	0
ZALCITABINE	2	6	1	-0.5046000000000008	1	0	0	2	1	2	3	2	28	9	1	1	198.11700000000002	0	0	0
DIRITHROMYCIN	5	16	4	2.201700000000009	0	0	2	12	4	4	5	12	136	42	0	4	756.462	0	0	0
TRILOSTANE	2	4	1	3.466880000000002	0	0	0	0	4	5	2	0	51	20	0	1	302.2240000000001	3	4	0
RILMENIDINE	1	3	1	1.1507999999999998	0	0	0	3	2	3	1	4	29	10	0	0	164.12299999999996	2	2	0
TELITHROMYCIN	1	15	3	4.929200000000005	2	1	0	11	3	5	1	11	123	43	2	3	746.4979999999997	0	0	0
ALPIDEM	0	4	0	5.4992000000000045	3	1	0	7	0	3	0	8	50	21	2	0	381.15700000000015	0	0	1
ISRADIPINE	1	8	1	2.5822000000000003	2	0	0	4	0	3	1	6	48	19	1	0	350.22500000000014	0	0	0
IPRIFLAVONE	0	3	0	4.247200000000003	3	0	0	3	0	3	0	3	37	18	1	0	264.19499999999994	0	0	0
FLUTAMIDE	1	5	0	3.2081000000000017	1	1	0	3	0	1	1	5	30	11	0	0	265.126	0	0	0
NEFOPAM	0	2	1	3.2380000000000018	2	0	0	1	0	3	0	1	38	17	0	0	234.193	0	0	1
ALOSETRON	1	5	1	2.4083200000000007	3	1	0	2	0	4	1	2	40	17	2	0	276.21399999999994	0	0	0
MEPERIDINE	0	3	1	2.2131	1	0	0	3	1	2	0	4	39	15	0	1	226.17	0	0	1
PIOGLITAZONE	1	5	1	3.159600000000001	2	2	0	7	1	3	1	7	45	19	1	1	336.2870000000001	0	0	0
TELMISARTAN	1	6	0	7.264420000000008	6	0	0	7	0	6	1	7	69	33	2	0	484.3890000000004	0	0	0
DICLOXACILLIN_SODIUM	2	8	2	3.2021200000000016	2	2	0	4	2	4	2	5	47	19	1	2	453.19800000000015	0	0	0
OXANDROLONE	1	3	1	3.5431000000000026	0	0	0	0	4	4	1	0	52	19	0	1	276.20599999999996	3	3	0
CIMETIDINE	3	6	0	0.5974	1	0	0	5	0	1	3	7	33	10	1	0	236.219	0	0	0
MARIMASTAT	5	8	0	-0.20809999999999906	0	3	0	7	0	0	5	11	52	15	0	0	302.1810000000001	0	0	0
CEPHALOGLYCIN	3	9	2	-0.011899999999999187	1	2	0	6	1	3	4	8	47	18	0	1	386.28000000000014	0	0	0
FLUDROCORTISONE_ACETATE	3	5	0	1.8737	0	0	0	2	3	4	3	2	56	21	0	0	351.22400000000016	3	4	0
MESNA	2	3	0	-0.19599999999999984	0	0	0	2	0	0	1	2	13	2	0	0	136.153	0	0	0
SILDENAFIL_CITRATE	1	10	1	1.6109	3	0	0	7	1	4	1	7	63	22	2	1	444.34700000000015	0	0	0
REMIFENTANIL	0	7	1	2.0003	1	1	0	7	1	2	0	10	55	20	0	1	348.22900000000016	0	0	1
KANAMYCIN_SULFATE	11	15	2	-7.2913999999999985	0	0	0	6	3	3	15	6	69	18	0	2	448.21500000000015	1	1	0
GEMFIBROZIL	1	3	0	3.573240000000002	1	0	0	6	0	1	1	6	40	15	0	0	228.16199999999995	0	0	0
ACETOPHENAZINE	1	5	2	3.4919000000000042	2	0	0	7	1	4	1	7	58	23	0	1	382.33900000000017	0	0	1
AMPHOTERICIN_B	12	18	3	0.7117000000000075	0	0	2	3	2	3	13	3	138	47	0	2	850.5069999999997	0	0	0
LANSOPRAZOLE	1	5	0	3.515220000000001	3	0	0	5	0	3	1	6	39	16	2	0	355.25600000000014	0	0	0
AMANTADINE	1	1	0	1.9139	0	0	4	0	4	4	2	0	28	10	0	0	134.11699999999996	4	4	1
PERFLUBRON	0	0	0	6.348200000000002	0	0	0	6	0	0	0	7	26	8	0	0	498.958	0	0	0
CLOTRIMAZOLE	0	2	0	5.376700000000002	4	0	0	4	0	4	0	4	42	22	1	0	327.709	0	0	0
NYLIDRIN	3	3	0	3.4250000000000016	2	0	0	7	0	2	3	7	47	19	0	0	274.21399999999994	0	0	0
INDOMETACIN	0	5	0	8.805120000000002	3	0	0	12	0	3	0	14	80	34	1	0	521.8300000000004	0	0	0
ROSIGLITAZONE_MALEATE	1	6	1	2.490900000000001	2	2	0	7	1	3	1	7	44	18	1	1	338.28300000000013	0	0	0
EBASTINE	0	3	1	7.217600000000008	3	0	0	9	1	4	0	10	74	32	0	1	430.3570000000003	0	0	0
FOLIC_ACID	6	13	0	-0.04479999999999952	3	1	0	9	0	3	7	10	51	19	2	0	422.2520000000002	0	0	0
OXYPHENBUTAZONE	1	5	1	3.4934000000000016	2	2	0	5	1	3	1	5	44	19	0	1	304.22000000000014	0	0	0
SODIUM_PHENYLBUTYRATE	1	2	0	2.0939	1	0	0	4	0	1	1	4	24	10	0	0	152.10799999999998	0	0	0
ESTRAMUSTINE	1	4	0	5.182000000000007	1	1	0	5	2	4	1	7	60	23	0	0	409.1630000000001	2	3	0
TOREMIFENE_CITRATE	0	2	0	6.215000000000006	3	0	0	9	0	3	0	9	57	26	0	0	377.7450000000002	0	0	0
ACETAMINOPHEN/PARACETAMOL	2	3	0	1.3505999999999998	1	1	0	1	0	1	2	2	20	8	0	0	142.093	0	0	1
METIXENE	0	1	2	5.015000000000005	2	0	0	2	1	4	0	2	45	20	0	1	286.2940000000001	0	0	1
CYCLANDELATE	1	3	0	3.4780000000000024	1	0	0	3	1	2	1	4	44	17	0	0	252.184	1	1	0
CEFDINIR	4	10	2	-0.17180000000000062	1	2	0	5	1	3	5	6	39	14	1	1	382.31800000000015	0	0	0
CARPHENAZINE	1	5	2	3.882000000000003	2	0	0	8	1	4	1	8	61	24	0	1	394.35000000000014	0	0	1
METHOTRIMEPRAZINE	0	3	1	4.495600000000005	2	0	0	5	0	3	0	5	47	19	0	0	304.289	0	0	1
GLISOXEPIDE	3	10	1	1.7344199999999994	2	3	0	7	1	3	3	10	58	20	1	1	422.3170000000002	0	0	0
TYROPANOATE_SODIUM	2	4	0	4.892300000000003	1	1	0	7	0	1	2	8	40	15	0	0	622.8810000000002	0	0	0
AZATADINE	0	2	1	3.7077000000000018	2	0	0	0	1	4	0	0	44	20	1	1	268.23400000000004	0	1	1
NICARDIPINE_HYDROCHLORIDE	1	9	1	3.677800000000003	2	0	0	9	0	3	1	11	64	26	0	0	450.30100000000033	0	0	0
CLEBOPRIDE	2	5	1	3.3252000000000024	2	1	0	5	1	3	3	6	50	20	0	1	349.6920000000002	0	0	0
GANCICLOVIR	4	9	0	-1.9708999999999992	2	0	0	5	0	2	5	5	31	9	2	0	242.13	0	0	0
TIPRANAVIR	2	7	1	7.325500000000009	3	0	0	11	0	4	2	12	75	31	1	0	569.4110000000003	0	0	0
NALOXONE	2	5	2	1.3014	1	0	2	2	2	5	2	2	45	19	0	1	306.2120000000001	1	2	1
TRIOXSALEN	0	3	0	3.4644600000000016	3	0	0	0	0	3	0	0	29	14	2	0	216.15099999999995	0	0	0
NATEGLINIDE	2	4	0	3.2609000000000012	1	1	0	6	1	2	2	7	50	19	0	0	290.213	1	1	0
OXYBUTYNIN	1	4	0	3.342900000000002	1	0	0	7	1	2	1	8	57	22	0	0	326.2460000000001	1	1	0
NILUTAMIDE	1	7	1	2.4484000000000004	1	3	0	2	1	2	1	3	32	12	0	1	307.14300000000014	0	0	0
PHENOPERIDINE	1	4	1	3.7070000000000025	2	0	0	7	1	3	1	8	56	23	0	1	338.2570000000001	0	0	1
PHENDIMETRAZINE	0	2	1	2.0782	1	0	0	1	1	2	0	1	31	12	0	1	174.13799999999995	0	0	1
ETHACRYNIC_ACID	1	4	0	3.6057000000000015	1	0	0	6	0	1	1	6	31	13	0	0	291.045	0	0	0
ROSOXACIN	1	5	0	2.781600000000002	3	0	0	3	0	3	1	3	36	17	2	0	280.198	0	0	0
NEMONAPRIDE	2	5	1	3.783100000000002	2	1	0	6	1	3	2	7	53	21	0	1	361.70300000000015	0	0	1
HYDROCODONE	0	4	2	1.9333	1	0	2	1	2	5	0	1	43	18	0	1	278.20199999999994	1	2	1
BENZHEXOL	1	2	1	4.330500000000004	1	0	0	5	2	3	1	5	53	20	0	1	270.22599999999994	1	1	1
FORMOTEROL	4	6	0	2.2233	2	1	0	9	0	2	4	9	49	19	0	0	320.21900000000005	0	0	0
TADALAFIL	1	7	3	2.2113	3	2	0	1	1	6	1	1	48	22	1	1	370.2590000000001	0	0	0
MELPHALAN	2	4	0	1.925	1	0	0	8	0	1	3	8	37	13	0	0	287.061	0	0	0
ETIDRONATE_DISODIUM	5	7	0	-0.9922000000000002	0	0	0	2	0	0	5	2	19	2	0	0	197.963	0	0	0
ADEFOVIR_DIPIVOXIL	1	13	0	2.702500000000001	2	0	0	11	0	2	2	15	66	20	2	0	469.2210000000003	0	0	0
DELAVIRDINE_MESYLATE	3	9	1	2.7171000000000003	3	1	0	6	1	4	3	7	60	22	2	1	428.3480000000001	0	0	0
DIHYDROTACHYSTEROL	1	1	0	7.720900000000008	0	0	0	5	3	3	1	5	75	28	0	0	352.30700000000013	3	3	0
RIFAMPIN	6	16	4	4.3354200000000045	2	1	5	4	1	6	6	5	117	43	0	1	764.4889999999997	0	0	0
BUDESONIDE	2	6	1	2.716800000000001	0	0	0	4	4	5	2	4	65	25	0	1	396.2690000000002	3	4	0
MORICIZINE_HYDROCHLORIDE	1	7	2	4.106600000000003	2	2	0	5	1	4	1	8	55	22	0	1	402.32600000000025	0	0	0
FLUOXETINE	1	2	0	4.435000000000003	2	0	0	6	0	2	1	7	40	17	0	0	291.1869999999999	0	0	1
CEFTIBUTEN_DIHYDRATE	4	10	2	-0.048199999999999854	1	2	0	6	1	3	5	7	41	15	1	1	396.32100000000014	0	0	0
EPHEDRINE	2	2	0	1.3279	1	0	0	3	0	1	2	3	27	10	0	0	150.11599999999996	0	0	1
PROGLUMETACIN	1	13	1	6.164220000000006	4	2	0	21	1	5	1	26	118	46	1	1	785.9859999999996	0	0	0
OLMESARTAN_MEDOXOMIL	3	9	0	3.6566000000000014	4	0	0	8	0	4	3	8	59	24	2	0	420.30300000000017	0	0	0
CAPECITABINE	3	9	1	0.7602	1	1	0	6	1	2	3	8	47	15	1	1	337.1780000000001	0	0	0
TROFOSFAMIDE	0	4	1	2.8352000000000013	0	0	0	7	1	1	0	7	35	9	0	1	305.444	0	0	0
METHYLTESTOSTERONE	1	2	0	4.269300000000004	0	0	0	0	3	4	1	0	52	20	0	0	272.218	3	4	0
METHYCLOTHIAZIDE	2	7	1	0.5983000000000003	1	0	0	2	0	2	3	2	31	9	0	0	349.15600000000006	0	0	0
SULFAMETHIZOLE	2	6	0	1.2295199999999995	2	0	0	3	0	2	3	3	27	9	1	0	260.259	0	0	0
NAFCILLIN_SODIUM	2	7	2	2.9401	2	2	0	5	2	4	2	6	51	21	0	2	392.3070000000001	0	0	0
ACENOCOUMAROL	1	7	0	3.5178000000000016	3	0	0	5	0	3	1	5	41	19	1	0	338.2100000000001	0	0	0
FLAVOXATE	0	5	1	4.411120000000004	3	0	0	5	1	4	0	6	54	24	1	1	366.26700000000017	0	0	0
ARBIDOL	1	5	0	5.177000000000005	3	0	0	7	0	3	1	8	54	22	1	0	452.22400000000016	0	0	0
DIAZEPAM	0	3	1	3.1538000000000017	2	1	0	1	0	3	0	1	33	16	0	0	271.64199999999994	0	0	1
DUTASTERIDE	2	4	1	6.576100000000006	1	2	0	2	3	5	2	5	67	27	0	0	498.29700000000014	3	3	0
DOXAZOSIN_MESYLATE	1	10	2	1.7177999999999995	3	1	0	4	1	5	2	5	58	23	1	1	426.2830000000003	0	0	0
AMBROXOL	3	3	0	3.1869000000000014	1	0	0	3	1	2	4	3	36	13	0	0	359.96400000000017	1	1	0
RISPERIDONE	0	6	2	3.5904200000000026	3	0	0	4	1	5	0	4	57	23	2	1	383.27700000000016	0	0	1
TAMSULOSIN_HYDROCHLORIDE	2	7	0	2.3409	2	0	0	11	0	2	3	11	56	20	0	0	380.29600000000016	0	0	0
METHYLPREDNISOLONE	3	5	0	1.8036000000000003	0	0	0	2	3	4	3	2	57	22	0	0	344.23700000000014	3	4	1
DELORAZEPAM	1	3	1	3.7829000000000015	2	1	0	1	0	3	1	1	30	15	0	0	295.08399999999995	0	0	1
BUTOBARBITONE	2	5	1	0.7948999999999998	0	4	0	3	1	1	2	3	31	10	0	1	196.12099999999998	0	0	1
ISOCARBOXAZID	2	5	0	1.41762	2	1	0	4	0	2	2	5	30	12	1	0	218.15099999999995	0	0	1
DOFETILIDE	2	8	0	1.9829	2	0	0	11	0	2	2	11	56	19	0	0	414.35900000000015	0	0	0
PHENAZOPYRIDINE	2	5	0	2.6613999999999995	2	0	0	2	0	2	4	2	27	11	1	0	202.15599999999998	0	0	0
TRICLOFOS_SODIUM	2	4	0	1.4658999999999998	0	0	0	2	0	0	2	3	14	2	0	0	225.351	0	0	0
OXYCODONE	1	5	2	1.0481999999999998	1	0	2	1	2	5	1	1	44	18	0	1	294.20099999999996	1	2	1
NIZOFENONE	0	7	0	4.506700000000005	3	0	0	8	0	3	0	8	50	21	1	0	391.7090000000002	0	0	1
AMOXICILLIN	4	8	2	0.023700000000000443	1	2	0	4	2	3	5	5	44	16	0	2	346.25900000000007	0	0	0
BENDROFLUMETHIAZIDE	3	7	1	1.6254	2	0	0	3	0	3	4	4	41	15	0	0	407.31000000000006	0	0	0
SIMVASTATIN	1	5	1	4.585600000000005	0	0	0	6	1	3	1	7	68	25	0	1	380.27000000000015	0	2	0
RIFAPENTINE	6	16	4	5.648220000000008	2	1	5	5	2	7	6	6	127	47	0	1	812.5329999999997	1	1	0
VANCOMYCIN_HYDROCHLORIDE	18	32	7	1.1968000000000056	5	6	11	13	2	12	20	14	177	67	0	2	1371.6749999999993	0	0	0
NORETHINDRONE	1	2	0	3.4925000000000024	0	0	0	0	3	4	1	0	48	20	0	0	272.218	3	4	0
PHENACEMIDE	2	4	0	0.4240000000000001	1	3	0	2	0	1	3	4	23	9	0	0	168.111	0	0	1
MEPYRAMINE	0	4	0	2.6584000000000003	2	0	0	7	0	2	0	7	44	17	1	0	262.20699999999994	0	0	1
CICLETANINE	1	3	1	3.3686200000000017	2	0	0	1	0	3	1	1	30	14	1	0	249.612	0	0	0
PROBENECID	1	5	0	2.1955	1	0	0	7	0	1	1	7	38	13	0	0	266.21299999999997	0	0	0
TRANYLCYPROMINE	1	1	0	1.5012	1	0	0	1	1	2	2	1	21	9	0	0	122.10599999999998	1	1	1
ROSUVASTATIN	3	9	0	2.401700000000001	2	0	0	10	0	2	3	10	61	22	1	0	453.3220000000002	0	0	0
CHLORDIAZEPOXIDE	1	4	1	2.950700000000001	2	0	0	1	0	3	1	2	35	16	0	0	285.64899999999994	0	0	1
TETRACYCLINE_HYDROCHLORIDE	6	10	0	-0.2143999999999982	1	1	0	2	0	4	7	2	56	22	0	0	420.24800000000016	0	3	0
TOCAINIDE_HYDROCHLORIDE	2	3	0	1.5891399999999998	1	1	0	2	0	1	3	3	30	11	0	0	176.13399999999996	0	0	0
SULTHIAME	1	6	1	0.2640000000000001	1	0	0	2	1	2	2	2	32	10	0	1	276.254	0	0	1
LEFLUNOMIDE	1	4	0	3.2541200000000012	2	1	0	2	0	2	1	4	28	12	1	0	261.138	0	0	0
CARBAMAZEPINE	1	3	1	3.3872000000000018	2	2	0	0	0	3	2	1	30	15	0	0	224.178	0	0	1
FELBAMATE	2	6	0	0.9608000000000004	1	2	0	5	0	1	4	7	31	11	0	0	224.13099999999997	0	0	1
CHLORZOXAZONE	1	3	0	1.7744999999999995	2	0	0	0	0	2	1	0	15	7	1	0	165.535	0	0	1
AMINOCAPROIC_ACID	2	3	0	0.5901000000000001	0	0	0	5	0	0	3	5	22	6	0	0	118.07099999999996	0	0	0
DESIPRAMINE	1	2	1	3.5328000000000026	2	0	0	4	0	3	1	4	42	18	0	0	244.212	0	0	1
TIOPRONIN	3	4	0	-0.4945000000000005	0	1	0	3	0	0	2	4	19	5	0	0	154.12599999999995	0	0	0
PIMOZIDE	1	4	1	5.8570000000000055	4	0	0	7	1	5	1	7	63	28	1	1	432.3240000000001	0	0	1
CEFETAMET	3	10	2	-0.16569999999999918	1	2	0	5	1	3	4	6	41	14	1	1	382.31800000000015	0	0	0
MYCOPHENOLATE_MOFETIL	1	8	2	2.524020000000001	1	0	0	9	1	3	1	10	62	23	0	1	402.25300000000016	0	0	0
BEZAFIBRATE	2	5	0	3.5545000000000013	2	1	0	7	0	2	2	8	45	19	0	0	341.66500000000013	0	0	0
TETRAZEPAM	1	3	1	3.4475000000000025	1	1	0	1	0	3	1	1	39	16	0	0	271.64199999999994	0	1	1
DIHYDROCODEINE	1	4	2	1.7251	1	0	2	1	2	5	1	1	45	18	0	1	278.20199999999994	1	2	1
BEXAROTENE	1	2	0	6.103720000000006	2	0	0	3	0	3	1	3	54	24	0	0	320.26200000000006	0	1	0
FAMOTIDINE	5	9	0	-0.5583299999999984	1	0	0	7	0	1	8	8	35	8	1	0	322.336	0	0	0
FRAMYCETIN	13	19	3	-8.895300000000018	0	0	0	9	4	4	19	9	88	23	0	3	568.2820000000003	1	1	0
ETILEFRINE	3	3	0	1.0351	1	0	0	4	0	1	3	4	28	10	0	0	166.11499999999995	0	0	0
PYRVINIUM	0	3	0	5.308240000000006	4	0	0	4	0	4	0	4	57	26	2	0	354.30700000000013	0	0	0
PRAVASTATIN_SODIUM	4	7	0	2.4404000000000003	0	0	0	10	0	2	4	11	66	23	0	0	388.24600000000015	0	2	0
SIROLIMUS	3	14	3	6.180600000000008	0	1	2	6	3	4	3	6	144	51	0	2	834.5550000000003	1	1	0
MEBEVERINE	0	6	0	4.6025000000000045	2	0	0	13	0	2	0	14	66	25	0	0	394.27700000000016	0	0	0
QUINALBARBITONE	2	5	1	1.3510999999999995	0	4	0	5	1	1	2	5	35	12	0	1	220.143	0	0	1
ETHYLESTRENOL	1	1	0	5.0903000000000045	0	0	0	1	3	4	1	1	53	20	0	0	256.21899999999994	3	4	0
PIRMENOL	1	3	1	4.360600000000004	2	0	0	6	1	3	1	6	55	22	1	1	308.25500000000005	0	0	0
IOPANOIC_ACID	2	3	0	3.7359000000000018	1	0	0	4	0	1	3	4	29	11	0	0	558.8380000000002	0	0	0
MEGESTROL_ACETATE	1	3	0	4.004500000000003	0	0	0	1	2	4	1	1	55	22	0	0	312.2390000000001	2	4	0
PIPOBROMAN	0	4	1	1.2272	0	2	0	4	1	1	0	6	32	10	0	1	339.92999999999995	0	0	0
CARBIMAZOLE	0	4	0	1.56069	1	0	0	1	0	1	0	3	22	7	1	0	176.15599999999995	0	0	0
MILTEFOSINE	1	5	0	6.307500000000008	0	0	0	20	0	0	1	20	74	21	0	0	361.20800000000014	0	0	0
MESUXIMIDE	0	3	1	1.3329999999999995	1	2	0	1	1	2	0	1	28	12	0	1	190.137	0	0	1
PROPRANOLOL	2	3	0	2.577500000000001	2	0	0	6	0	2	2	6	40	16	0	0	238.18099999999995	0	0	1
INDIGOTINDISULFONATE	4	10	2	1.3082	2	0	0	2	0	4	4	2	38	16	0	0	412.31600000000014	0	0	0
PROCARBAZINE_HYDROCHLORIDE	3	4	0	1.0487999999999995	1	1	0	5	0	1	3	6	35	12	0	0	202.15200000000002	0	0	0
PRIMAQUINE_PHOSPHATE	2	4	0	2.782700000000001	2	0	0	6	0	2	3	6	40	15	1	0	238.185	0	0	0
RESCINNAMINE	1	11	2	4.570700000000004	3	0	0	9	2	6	1	11	88	35	1	1	592.3900000000002	1	1	0
TRAPIDIL	0	5	0	1.2789199999999998	2	0	0	3	0	2	0	3	30	10	2	0	190.145	0	0	0
MORNIFLUMATE	1	6	1	3.333000000000001	2	0	0	6	1	3	1	8	48	19	1	1	375.2210000000002	0	0	0
SULFINPYRAZONE	0	5	1	3.7955000000000023	3	2	0	6	1	4	0	6	49	23	0	1	384.3310000000001	0	0	0
NIFLUMIC	2	4	0	3.542200000000001	2	0	0	3	0	2	2	4	29	13	1	0	273.14899999999994	0	0	0
TACRINE	1	2	0	2.6958	2	0	0	0	0	3	2	0	29	13	1	0	184.157	0	1	1
DEXTROPROPOXYPHENE	0	3	0	4.2755000000000045	2	0	0	8	0	2	0	9	54	22	0	0	310.247	0	0	1
BROTIZOLAM	0	4	1	4.4041200000000025	3	0	0	1	0	4	0	1	32	15	2	0	383.6170000000001	0	0	1
BENZBROMARONE	1	3	0	5.456800000000002	3	0	0	3	0	3	1	3	34	17	1	0	411.992	0	0	0
QUINAGOLIDE	2	6	1	2.1361	1	0	0	7	1	3	2	7	60	20	0	1	362.3050000000002	0	1	1
MAPROTILINE	1	1	0	4.211400000000004	2	0	2	4	0	5	1	4	44	20	0	0	254.22699999999992	0	3	1
AMPICILLIN	3	7	2	0.3181000000000002	1	2	0	4	2	3	4	5	43	16	0	2	330.2600000000001	0	0	0
IFENPRODIL	2	3	1	3.7688000000000015	2	0	0	5	1	3	2	5	51	21	0	1	298.2360000000001	0	0	1
NIMODIPINE	1	9	1	2.970800000000001	1	0	0	8	0	2	1	10	56	21	0	0	392.23800000000017	0	0	1
PRIMIDONE	2	4	1	0.5378999999999994	1	2	0	2	1	2	2	2	30	12	0	1	204.144	0	0	1
CEPHRADINE	3	7	2	0.3486000000000002	0	2	0	4	1	3	4	5	43	16	0	1	330.2600000000001	0	1	0
FENOPROFEN_CALCIUM	1	3	0	3.6670000000000016	2	0	0	4	0	2	1	4	32	15	0	0	228.16199999999995	0	0	0
ZUCLOPENTHIXOL	1	3	2	4.236300000000004	2	0	0	5	1	4	1	5	52	22	0	1	375.77500000000015	0	0	1
PROQUAZONE	0	3	0	3.9528200000000018	3	0	0	2	0	3	0	2	39	18	1	0	260.211	0	0	0
GLIQUIDONE	2	9	1	3.5185000000000017	2	4	0	7	1	4	2	9	70	27	0	0	494.3790000000003	1	1	0
PARAMETHASONE_ACETATE	3	5	0	1.7515999999999998	0	0	0	2	3	4	3	2	57	22	0	0	363.2350000000001	3	4	0
TOLAZAMIDE	2	6	1	1.7739200000000002	1	2	0	3	1	2	2	5	42	14	0	1	290.2390000000001	0	0	0
ENOXIMONE	2	4	0	1.96432	2	0	0	3	0	2	2	3	29	12	1	0	236.21099999999998	0	0	0
MEDAZEPAM	0	2	1	3.627200000000002	2	0	0	1	0	3	0	1	34	16	0	0	255.643	0	0	1
CYCLACILLIN	3	7	2	0.2797000000000011	0	2	0	3	3	3	4	4	46	15	0	2	318.249	1	1	0
ACETYLDIGITOXIN	4	14	4	3.818100000000003	0	0	0	8	7	8	4	9	123	43	0	3	740.4590000000003	4	4	0
LEVORPHANOL	1	2	1	3.0804000000000022	1	0	2	0	2	4	1	0	42	17	0	1	234.193	1	2	1
DISULFIRAM	0	2	0	3.6212000000000018	0	0	0	4	0	0	0	9	36	10	0	0	276.39200000000005	0	0	0
SERTRALINE	1	1	0	5.179600000000003	2	0	0	2	0	3	1	2	37	17	0	0	289.0999999999999	0	1	1
MENATETRENONE	0	2	0	8.917900000000003	1	0	0	11	0	2	0	11	73	31	0	0	404.33900000000017	0	1	0
GLUTAMIC_ACID	3	5	0	-0.7368999999999997	0	0	0	4	0	0	4	4	19	5	0	0	138.05799999999996	0	0	0
CHOLECALCIFEROL	1	1	0	7.619000000000009	0	0	0	6	3	3	1	6	72	27	0	0	340.2960000000001	3	3	0
LEVALLORPHAN	1	2	1	3.6366000000000014	1	0	2	2	2	4	1	2	46	19	0	1	258.215	1	2	1
CLOXACILLIN_SODIUM	2	8	2	2.5487200000000003	2	2	0	4	2	4	2	5	47	19	1	2	417.7450000000002	0	0	0
BUPRENORPHINE	2	5	2	4.413800000000005	1	0	4	4	5	8	2	5	75	29	0	1	426.3220000000002	4	5	1
IDEBENONE	1	5	0	3.462300000000003	0	0	0	12	0	1	1	12	54	19	0	0	308.20400000000006	0	1	1
MIANSERIN	0	2	2	3.0839000000000016	2	0	0	0	1	4	0	0	40	18	0	1	244.212	0	0	1
MIRTAZAPINE	0	3	2	2.4789000000000003	2	0	0	0	1	4	0	0	39	17	1	1	246.208	0	0	1
EPLERENONE	0	6	2	3.1245000000000016	0	0	0	1	5	6	0	2	60	24	0	2	384.25800000000015	3	4	0
MITOLACTOL	4	4	0	-0.7802000000000002	0	0	0	5	0	0	4	5	24	6	0	0	295.87	0	0	0
IODOQUINOL	1	2	0	3.1496000000000013	2	0	0	0	0	2	1	0	18	9	1	0	391.9130000000001	0	0	0
CLONIXIN	2	4	0	3.4852200000000013	2	0	0	3	0	2	2	3	29	13	1	0	251.608	0	0	0
GLYCOPYRROLATE	1	4	1	2.4563	1	0	0	4	2	3	1	5	51	19	0	1	290.21299999999997	1	1	0
METACLAZEPAM	0	3	1	4.4047000000000045	2	0	0	3	0	3	0	3	41	18	0	0	375.568	0	0	1
OXYTETRACYCLINE	7	11	0	-1.243599999999998	1	1	0	2	0	4	8	2	57	22	0	0	436.2470000000001	0	3	0
TRIMETHADIONE	0	4	1	0.3736	0	2	0	0	1	1	0	0	19	6	0	1	134.07	0	0	1
ACETOHEXAMIDE	2	6	0	2.2098000000000004	1	2	0	4	1	2	2	6	42	15	0	0	304.24200000000013	1	1	0
TRICHLORMETHIAZIDE	3	7	1	0.8210000000000011	1	0	0	2	0	2	4	2	28	8	0	0	372.598	0	0	0
TIANEPTINE	2	6	1	4.192600000000001	2	0	0	8	0	3	2	8	54	21	0	0	411.76100000000014	0	0	1
CINOXACIN	1	7	1	0.8432999999999997	2	0	0	2	0	3	1	2	29	12	1	0	252.141	0	0	0
CALCITRIOL	3	3	0	5.704700000000009	0	0	0	6	3	3	3	6	74	27	0	0	372.29400000000015	3	3	0
HYDROCHLOROTHIAZIDE	3	7	1	-0.35129999999999945	1	0	0	1	0	2	4	1	25	7	0	0	289.681	0	0	0
BETAHISTINE	1	2	0	0.8434999999999999	1	0	0	3	0	1	1	3	22	8	1	0	124.10199999999998	0	0	1
ADEFOVIR	3	9	0	-0.4397000000000001	2	0	0	5	0	2	4	5	30	8	2	0	261.093	0	0	0
CLOTIAZEPAM	0	3	1	3.777700000000003	2	1	0	2	0	3	0	2	36	16	1	0	303.709	0	0	1
ZALEPLON	0	6	0	2.6407800000000003	3	1	0	3	0	3	0	4	38	17	2	0	290.221	0	0	1
SELEGILINE	0	1	0	2.1826	1	0	0	4	0	1	0	4	31	13	0	0	170.14999999999995	0	0	1
FLUPENTHIXOL	1	3	2	4.6017000000000055	2	0	0	5	1	4	1	6	55	23	0	1	409.32700000000006	0	0	1
DYDROGESTERONE	0	2	0	4.499500000000004	0	0	0	1	2	4	0	1	51	21	0	0	284.2290000000001	2	4	0
PROCAINAMIDE_HYDROCHLORIDE	2	4	0	1.3403999999999996	1	1	0	6	0	1	3	7	38	13	0	0	214.16299999999995	0	0	0
JOSAMYCIN	3	16	3	3.0134000000000065	0	0	0	12	2	3	3	14	127	42	0	2	758.4540000000003	0	0	0
DIPHENYLPYRALINE	0	2	1	3.886800000000004	2	0	0	4	1	3	0	4	44	19	0	1	258.2149999999999	0	0	1
AMINEPTINE	2	3	0	4.4993000000000025	2	0	0	8	0	3	2	8	52	22	0	0	310.247	0	1	1
GLIMEPIRIDE	3	9	1	3.0740000000000016	1	5	0	7	1	3	3	11	68	24	0	0	456.35400000000016	1	1	0
TEGAFUR	1	5	1	-0.015300000000000038	1	0	0	1	1	2	1	1	23	8	1	1	191.097	0	0	0
CHLORPROPAMIDE	2	5	0	1.7379	1	2	0	4	0	1	2	6	30	10	0	0	263.64099999999996	0	0	0
PENTOBARBITAL	2	5	1	1.1849999999999998	0	4	0	4	1	1	2	4	34	11	0	1	208.132	0	0	1
BALSALAZIDE	4	9	0	2.7103	2	1	0	7	0	2	4	8	41	17	0	0	342.2020000000001	0	0	0
RIFAXIMIN	5	14	2	6.157840000000008	4	1	4	2	0	6	5	3	108	43	2	0	734.4829999999997	0	0	0
TRIMETHOPRIM	2	7	0	1.2575999999999998	2	0	0	5	0	2	4	5	39	14	1	0	272.17900000000003	0	0	0
OXPRENOLOL	2	4	0	1.9891	1	0	0	9	0	1	2	9	42	15	0	0	242.16899999999995	0	0	1
TEMOZOLOMIDE	1	8	0	-2.078099999999999	2	1	0	1	0	2	2	1	20	6	2	0	188.106	0	0	0
PEMOLINE	1	4	1	0.5992000000000001	1	1	0	1	0	2	2	1	21	9	0	0	168.111	0	0	1
CAFFEINE	0	6	0	-1.0293	2	0	0	0	0	2	0	0	24	8	2	0	184.114	0	0	1
DOXYLAMINE	0	3	0	2.923300000000001	2	0	0	6	0	2	0	6	42	17	1	0	248.2	0	0	1
NICERGOLINE	0	6	1	3.9109000000000034	3	0	0	4	1	5	0	5	57	24	2	1	458.18600000000015	0	1	1
PHYTONADIONE	0	2	0	9.157600000000002	1	0	0	14	0	2	0	14	79	31	0	0	404.33900000000017	0	1	0
APOMORPHINE	2	3	1	2.8499000000000017	2	0	0	0	0	4	2	0	37	17	0	0	250.19199999999992	0	1	1
CHLORPROTHIXINE	0	1	1	5.188000000000004	2	0	0	3	0	3	0	3	39	18	0	0	297.7249999999999	0	0	1
ETHOSUXIMIDE	1	3	1	0.4492	0	2	0	1	1	1	1	1	21	7	0	1	130.082	0	0	1
PIRENZEPINE	1	7	2	1.5593999999999992	2	2	0	2	1	4	1	3	47	19	1	1	330.24200000000013	0	0	0
CHLORAL_HYDRATE	2	2	0	0.6673000000000002	0	0	0	0	0	0	2	1	10	2	0	0	162.379	0	0	1
TROVAFLOXACIN	2	7	1	1.8945	3	0	0	3	2	5	3	3	45	20	2	1	401.23900000000015	1	1	0
CYPROHEPTADINE	0	1	1	4.697900000000004	2	0	0	0	1	4	0	0	43	21	0	1	266.23799999999994	0	1	1
CHLORPHENIRAMINE	0	2	0	3.8186000000000018	2	0	0	5	0	2	0	5	38	16	1	0	255.643	0	0	1
PIVMECILLINAM	0	8	3	2.4116	0	1	0	5	3	3	0	8	63	21	0	3	406.31400000000014	0	0	0
CALUSTERONE	1	2	0	4.515300000000005	0	0	0	0	3	4	1	0	55	21	0	0	284.2290000000001	3	4	0
FLUCYTOSINE	2	4	0	-0.5088000000000001	1	0	0	0	0	1	3	0	13	4	1	0	125.062	0	0	0
PROCYCLIDINE	1	2	1	3.9404000000000043	1	0	0	5	2	3	1	5	50	19	0	1	258.215	1	1	1
METOCLOPRAMIDE	2	5	0	2.0024	1	1	0	7	0	1	3	8	42	14	0	0	277.626	0	0	1
OXACILLIN_SODIUM	2	8	2	1.8953200000000001	2	2	0	4	2	4	2	5	47	19	1	2	382.29200000000014	0	0	0
GLUCOSAMINE	5	6	1	-3.2549999999999994	0	0	0	1	1	1	6	1	25	6	0	1	166.06799999999996	0	0	0
LOFEXIDINE	1	3	1	2.7624000000000013	1	0	0	3	0	2	1	3	28	11	0	0	247.04	0	0	1
OLSALAZINE_SODIUM	4	8	0	2.9096	2	0	0	4	0	2	4	4	32	14	0	0	292.1620000000001	0	0	0
FORMESTANE	1	3	0	3.973100000000003	0	0	0	0	3	4	1	0	48	19	0	0	276.20599999999996	3	4	0
FLUSPIRILENE	1	4	2	5.305400000000005	3	1	0	7	2	5	1	7	66	29	0	2	444.33500000000015	0	0	1
BENFLUOREX	1	3	0	4.083000000000003	2	0	0	7	0	2	1	9	45	19	0	0	331.20800000000014	0	0	0
MAZINDOL	1	3	2	2.6092000000000017	2	0	0	1	0	4	1	1	33	16	0	0	271.64199999999994	0	0	1
MOEXIPRIL_HYDROCHLORIDE	2	9	1	2.5843	2	1	0	11	0	3	2	13	70	27	0	0	464.3040000000003	0	0	0
BROMPHENIRAMINE	0	2	0	3.9277000000000015	2	0	0	5	0	2	0	5	38	16	1	0	300.094	0	0	1
RIFABUTIN	5	15	4	4.615720000000004	1	1	4	4	1	6	5	5	123	46	0	1	784.5229999999997	0	1	0
FINASTERIDE	2	4	1	3.8145000000000016	0	2	0	1	3	4	2	3	63	23	0	0	336.2650000000001	3	3	0
BACAMPICILLIN_HYDROCHLORIDE	2	10	2	1.2958000000000005	1	2	0	7	2	3	3	11	59	21	0	2	438.3120000000003	0	0	0
DRONABINOL	1	2	1	5.735800000000006	1	0	0	4	0	3	1	4	53	21	0	0	284.2290000000001	0	1	0
BENZOCAINE	1	3	0	1.4455	1	0	0	2	0	1	2	3	23	9	0	0	154.10399999999996	0	0	0
PIPOTHIAZINE	1	6	2	4.024100000000004	2	0	0	8	1	4	1	8	65	24	0	1	442.41600000000017	0	0	1
AZATHIOPRINE	1	9	0	1.1457999999999997	3	0	0	3	0	3	1	3	26	9	3	0	270.213	0	0	0
FENQUIZONE	3	6	1	1.8415	2	1	0	2	0	3	4	2	34	14	0	0	325.6920000000001	0	0	0
HYDROFLUMETHIAZIDE	3	7	1	0.0141000000000005	1	0	0	1	0	2	4	2	28	8	0	0	323.23299999999995	0	0	0
BEPRIDIL	0	3	1	4.830200000000005	2	0	0	10	1	3	0	10	61	24	0	1	332.2770000000001	0	0	0
REPAGLINIDE	2	6	1	5.219900000000004	2	1	0	10	1	3	2	11	69	27	0	1	416.3070000000001	0	0	0
CLOTHIAPINE	0	3	2	4.1303000000000045	2	0	0	0	1	4	0	1	41	18	0	1	325.7390000000001	0	0	1
METRONIDAZOLE	1	6	0	0.09201999999999994	1	0	0	3	0	1	1	3	21	6	1	0	162.08399999999997	0	0	0
TRIAZOLAM	0	4	1	4.233520000000002	3	0	0	1	0	4	0	1	35	17	1	0	331.121	0	0	1
HYDRALAZINE_HYDROCHLORIDE	2	4	0	0.9153999999999998	2	0	0	1	0	2	3	1	20	8	1	0	152.116	0	0	0
PHENTERMINE	1	1	0	1.9664	1	0	0	2	0	1	2	2	26	10	0	0	134.11699999999996	0	0	1
FLUPHENAZINE	1	4	2	4.308100000000005	2	0	0	6	1	4	1	7	56	22	0	1	411.32300000000015	0	0	1
TORSEMIDE	3	7	0	2.5299200000000006	2	2	0	5	0	2	3	7	44	16	1	0	328.26800000000014	0	0	0
THIACETAZONE	3	5	0	0.8120999999999998	1	1	0	3	0	1	4	5	28	10	0	0	224.204	0	0	0
NORTRIPTYLINE	1	1	0	3.826400000000003	2	0	0	3	0	3	1	3	41	19	0	0	242.21599999999992	0	1	1
FURAZOLIDONE	0	8	1	0.9739	1	1	0	3	1	2	0	3	23	8	1	1	218.104	0	0	0
ENTACAPONE	2	8	0	1.7813799999999995	1	1	0	5	0	1	2	6	37	14	0	0	290.17	0	0	1
FLOXACILLIN	2	8	2	2.6878200000000003	2	2	0	4	2	4	2	5	47	19	1	2	436.74300000000017	0	0	0
BEFUNOLOL	2	5	0	2.3731	2	0	0	7	0	2	2	7	42	16	1	0	270.17900000000003	0	0	0
NIMESULIDE	1	7	0	2.7586000000000013	2	0	0	5	0	2	1	5	33	13	0	0	296.219	0	0	0
PROBUCOL	2	2	0	9.908299999999997	2	0	0	4	0	2	2	8	83	31	0	0	468.47300000000035	0	0	0
SERTINDOLE	1	5	2	4.627600000000005	3	2	0	5	2	5	1	5	57	24	1	2	414.74200000000013	0	0	1
LOVASTATIN	1	5	1	4.1955000000000044	0	0	0	6	1	3	1	7	65	24	0	1	368.2590000000001	0	2	0
METHDILAZINE	0	2	2	4.241000000000003	2	0	0	2	1	4	0	2	41	18	0	1	276.279	0	0	1
PARAMETHADIONE	0	4	1	0.7637	0	2	0	1	1	1	0	1	22	7	0	1	146.08100000000005	0	0	1
MECLIZINE/MECLOZINE	0	2	1	5.5556200000000056	3	0	0	5	1	4	0	5	55	25	0	1	363.7420000000001	0	0	1
TICRYNAFEN	1	4	0	3.7493000000000016	2	0	0	5	0	2	1	5	28	13	1	0	323.112	0	0	0
CITALOPRAM/ESCITALOPRAM	0	3	1	3.812980000000003	2	0	0	5	0	3	0	5	45	20	0	0	303.231	0	0	1
PIPEMIDIC	2	8	1	-0.0807999999999991	2	0	0	3	1	3	2	3	39	14	2	1	286.186	0	0	0
ACETOHYDROXAMIC_ACID	2	3	0	-0.4882999999999999	0	1	0	0	0	0	2	1	10	2	0	0	70.027	0	0	0
PIZOTIFEN	0	1	1	4.3742000000000045	2	0	0	0	1	4	0	0	42	19	1	1	274.283	0	1	1
ESTAZOLAM	0	4	1	3.271700000000002	3	0	0	1	0	4	0	1	32	16	1	0	283.65699999999987	0	0	1
ISOXSUPRINE	3	4	0	2.8712000000000013	2	0	0	7	0	2	3	7	45	18	0	0	278.202	0	0	0
FLUMEQUINE	1	4	1	2.346	2	0	0	1	0	3	1	1	31	14	1	0	249.15599999999995	0	0	0
HYDROXYUREA	3	4	0	-0.9561000000000002	0	2	0	0	0	0	4	1	9	1	0	0	72.023	0	0	0
BITHIONOL	2	2	0	5.862600000000001	2	0	0	2	0	2	2	2	25	12	0	0	350.00900000000007	0	0	0
FLUNARIZINE	0	2	1	5.3852000000000055	3	0	0	6	1	4	0	6	56	26	0	1	378.29600000000016	0	0	1
DROXIDOPA	5	6	0	-0.4569000000000003	1	0	0	3	0	1	6	3	26	9	0	0	202.101	0	0	1
CEFIXIME	4	12	2	-0.5447999999999993	1	2	0	8	1	3	5	9	45	16	1	1	438.33800000000025	0	0	0
PIRITREXIM	2	7	0	2.10562	3	0	0	4	0	3	4	4	43	17	2	0	306.22000000000014	0	0	0
LEVODOPA	4	5	0	0.052199999999999684	1	0	0	3	0	1	5	3	25	9	0	0	186.102	0	0	1
ADINAZOLAM	0	5	1	3.3333000000000017	3	0	0	3	0	4	0	3	43	19	1	0	333.69699999999995	0	0	1
CYCLOBENZAPRINE	0	1	0	4.553800000000004	2	0	0	3	0	3	0	3	42	20	0	0	254.22699999999992	0	1	1
ACEMETACIN	1	7	0	3.4705200000000014	3	0	0	6	0	3	1	8	47	21	1	0	397.6850000000002	0	0	0
TRIFLUOPERAZINE	0	3	2	4.945600000000004	2	0	0	4	1	4	0	5	52	21	0	1	383.31300000000016	0	0	1
TIAPROFENIC	1	3	0	3.167200000000001	2	0	0	4	0	2	1	4	30	14	1	0	248.218	0	0	0
CHLOROTHIAZIDE	2	7	1	-0.0608999999999999	1	0	0	1	0	2	3	1	23	7	0	0	289.6810000000001	0	0	0
CHLORPROMAZINE	0	2	1	4.8944000000000045	2	0	0	4	0	3	0	4	40	17	0	0	299.721	0	0	1
INDINAVIR_SULFATE	4	9	1	2.866900000000002	3	2	0	11	1	5	4	14	92	36	1	1	566.4270000000002	0	1	0
BETA-CAROTENE	0	0	0	12.605799999999974	0	0	0	10	0	2	0	10	96	40	0	0	480.4400000000004	0	2	0
ALMITRINE	2	7	1	4.257200000000003	3	0	0	10	1	4	2	10	64	26	1	1	448.3310000000001	0	0	0
ZOTEPINE	0	2	1	4.880900000000003	2	0	0	4	0	3	0	4	40	18	0	0	313.72399999999993	0	0	1
PENICILLIN_V	2	7	2	0.6970999999999998	1	2	0	5	2	3	2	6	42	16	0	2	332.25200000000007	0	0	0
DIAZOXIDE	1	4	1	1.6818	1	0	0	0	0	2	1	0	21	8	0	0	223.62	0	0	0
FENBUFEN	1	3	0	3.4011000000000022	2	0	0	5	0	2	1	5	33	16	0	0	240.173	0	0	0
CLOZAPINE	1	4	2	3.7227000000000015	2	0	0	0	1	4	1	1	42	18	0	1	307.6790000000001	0	0	1
TENOFOVIR	3	9	0	-0.051200000000000134	2	0	0	5	0	2	4	5	33	9	2	0	273.10400000000004	0	0	0
LYSURIDE	2	5	1	2.841400000000001	2	2	0	3	0	4	2	5	51	20	1	0	312.24700000000007	0	1	1
PYRANTEL	0	2	1	2.4953000000000003	1	0	0	2	0	2	0	2	28	11	1	0	192.202	0	0	0
BUTALBITAL	2	5	1	0.961	0	4	0	4	1	1	2	4	32	11	0	1	208.132	0	0	1
PENTAZOCINE	1	2	1	3.882600000000003	1	0	2	2	1	3	1	2	48	19	0	1	258.215	0	1	1
TESTOLACTONE	0	3	1	3.5899000000000028	0	0	0	0	3	4	0	0	46	19	0	1	276.20599999999996	2	3	0
CLOFAZIMINE	1	4	1	7.489800000000005	3	0	0	4	0	5	1	4	55	27	0	0	451.23100000000017	0	1	0
DOXOFYLLINE	0	8	1	-1.1933999999999994	2	0	0	2	1	3	0	2	33	11	2	1	252.14499999999995	0	0	0
MEPENZOLATE_BROMIDE	1	4	1	2.7045000000000003	2	0	0	4	1	3	1	5	51	21	0	1	314.235	0	0	0
MILNACIPRAN	1	3	0	1.7713999999999996	1	1	0	5	1	2	2	6	40	15	0	0	224.178	1	1	1
THIOPROPERAZINE	0	6	2	3.177100000000001	2	0	0	6	1	4	0	6	60	22	0	1	416.40200000000016	0	0	1
NICLOSAMIDE	2	6	0	3.8595000000000006	2	1	0	3	0	2	2	4	29	13	0	0	319.059	0	0	0
ETORICOXIB	0	4	0	4.175920000000003	3	0	0	3	0	3	0	3	39	18	2	0	343.73000000000013	0	0	0
ETOZOLIN	0	5	2	1.4081	0	1	0	3	2	2	0	4	39	13	0	2	264.22099999999995	0	0	0
KETOCONAZOLE	0	8	2	4.205800000000004	3	1	0	7	2	5	0	8	64	26	1	2	503.2160000000002	0	0	0
MITOTANE	0	0	0	5.929000000000002	2	0	0	3	0	2	0	3	28	14	0	0	309.966	0	0	0
VALPROIC_ACID	1	2	0	2.2874	0	0	0	5	0	0	1	5	26	8	0	0	128.08599999999998	0	0	1
RITANSERIN	0	4	1	5.483020000000005	4	0	0	5	1	5	0	5	59	27	2	1	452.3800000000003	0	0	1
CARTEOLOL_HYDROCHLORIDE	3	5	1	1.6990999999999998	1	1	0	5	0	2	3	6	45	16	0	0	268.187	0	0	0
METHYSERGIDE	2	5	1	1.9351000000000005	2	1	0	4	0	4	2	5	53	21	1	0	326.2500000000001	0	1	1
LOSARTAN_POTASSIUM	2	7	0	4.266800000000004	4	0	0	8	0	4	2	8	53	22	2	0	399.73600000000016	0	0	0
PROPIVERINE	0	4	1	3.994200000000003	2	0	0	7	1	3	0	8	56	23	0	1	338.2570000000001	0	0	0
TREOSULFAN	2	8	0	-2.3393999999999986	0	0	0	7	0	0	2	7	30	6	0	0	264.192	0	0	0
OXYMORPHONE	2	5	2	0.7451999999999996	1	0	2	0	2	5	2	0	41	17	0	1	282.18999999999994	1	2	1
FLUTOPRAZEPAM	0	3	1	4.073100000000003	2	1	0	3	1	4	0	3	40	19	0	0	326.67300000000006	1	1	1
STANOZOLOL	2	3	0	4.118100000000003	1	0	0	0	3	5	2	0	56	21	1	0	296.244	3	4	0
CILOSTAZOL	1	7	1	3.464700000000001	2	1	0	7	1	4	1	7	54	20	1	0	342.2530000000002	1	1	0
CEFPODOXIME	3	11	2	-0.5391999999999986	1	2	0	7	1	3	4	8	45	15	1	1	410.32800000000015	0	0	0
SPIRAMYCIN	4	16	4	2.325100000000007	0	0	0	11	3	4	4	11	133	43	0	3	768.4730000000003	0	0	0
NELFINAVIR_MESYLATE	4	7	1	4.747620000000004	2	2	0	9	2	4	4	12	85	32	0	1	522.4360000000004	1	1	0
PENICILLAMINE	3	3	0	0.10669999999999984	0	0	0	2	0	0	3	2	20	5	0	0	138.12699999999998	0	0	0
KETAZOLAM	0	5	2	3.280100000000002	2	2	0	1	0	4	0	1	43	20	0	0	351.684	0	0	1
PIRAZOLAC	1	4	0	3.9589000000000025	3	0	0	4	0	3	1	4	35	17	1	0	318.6500000000001	0	0	0
ERGOLOID_MESYLATE	3	10	4	2.5206000000000013	2	3	0	5	4	7	3	6	85	32	1	4	534.3820000000004	0	1	1
SOTALOL_HYDROCHLORIDE	3	5	0	1.0895	1	0	0	6	0	1	3	6	38	12	0	0	252.21	0	0	0
ETHINYL_ESTRADIOL	2	2	0	3.612600000000002	1	0	0	0	2	4	2	0	46	20	0	0	272.218	2	3	0
MESALAMINE	3	4	0	0.6726000000000001	1	0	0	1	0	1	4	1	18	7	0	0	146.08099999999996	0	0	0
SPIRONOLACTONE	0	4	1	4.852300000000005	0	0	0	1	4	5	0	2	61	24	0	1	384.32700000000017	3	4	0
URSODIOL	3	4	0	4.477900000000004	0	0	0	4	4	4	3	4	68	24	0	0	352.26000000000016	4	4	0
OXCARBAZEPINE	1	4	1	2.642199999999999	2	2	0	0	0	3	2	1	31	15	0	0	240.17700000000002	0	0	1
ETHOTOIN	1	4	1	1.2994	1	3	0	2	1	2	1	2	27	11	0	1	192.13299999999995	0	0	1
FENOFIBRATE	0	4	0	4.680000000000004	2	0	0	6	0	2	0	7	46	20	0	0	339.6690000000001	0	0	0
DEXTROTHYROXINE_SODIUM	3	5	0	4.5573000000000015	2	0	0	5	0	2	4	5	35	15	0	0	765.7839999999999	0	0	0
NABUMETONE	0	2	0	3.370000000000002	2	0	0	4	0	2	0	4	33	15	0	0	212.16299999999995	0	0	0
DRONABINOL	1	2	1	5.7358000000000064	1	0	0	4	0	3	1	4	53	21	0	0	284.2290000000001	0	1	1
BISACODYL	0	5	0	4.112400000000003	3	0	0	5	0	3	0	7	46	22	1	0	342.2450000000001	0	0	0
GUANFACINE_HYDROCHLORIDE	3	4	0	1.5455700000000003	1	1	0	2	0	1	4	4	24	9	0	0	237.02499999999995	0	0	0
CYCLOFENIL	0	4	0	5.303200000000005	2	0	0	4	1	3	0	6	51	23	0	0	340.24900000000014	1	1	0
NOVERIL	0	4	1	2.976300000000001	2	1	0	3	0	3	0	3	43	18	0	0	274.218	0	0	1
GUANADREL_SULFATE	2	5	1	0.3355999999999998	0	0	0	2	2	2	4	2	34	10	0	1	194.12900000000002	1	1	0
PYRIMETHAMINE	2	4	0	2.5238000000000005	2	0	0	2	0	2	4	2	30	12	1	0	235.613	0	0	0
PAROMOMYCIN_SULFATE	13	19	3	-8.861700000000015	0	0	0	9	4	4	18	9	87	23	0	3	570.2740000000002	1	1	0
BROMODIPHENHYDRAMINE	0	2	0	4.116700000000003	2	0	0	6	0	2	0	6	40	17	0	0	314.09699999999987	0	0	1
NITROFURANTOIN	1	9	1	0.07349999999999995	1	3	0	3	1	2	1	3	23	8	1	1	232.111	0	0	0
AMOBARBITAL	2	5	1	1.1849999999999998	0	4	0	4	1	1	2	4	34	11	0	1	208.132	0	0	1
ASPARTAME	3	7	0	-0.31109999999999954	1	1	0	7	0	1	4	9	39	14	0	0	276.163	0	0	0
NALIDIXIC_ACID	1	5	0	1.4230200000000002	2	0	0	2	0	2	1	2	29	12	2	0	220.143	0	0	0
PHENFORMIN	5	5	0	0.2365400000000009	1	0	0	3	0	1	6	6	30	10	0	0	190.145	0	0	0
SAPROPTERIN	6	8	1	-1.7001999999999995	1	0	0	2	0	2	7	2	32	9	1	0	226.131	0	0	0
PHENELZINE	2	2	0	0.6924000000000001	1	0	0	3	0	1	3	3	22	8	0	0	124.102	0	0	1
ISOPROTERENOL_HYDROCHLORIDE	4	4	0	1.1291999999999998	1	0	0	4	0	1	4	4	32	11	0	0	194.125	0	0	0
FLOCTAFENINE	3	6	0	3.507200000000002	3	0	0	6	0	3	3	8	46	20	1	0	389.22400000000016	0	0	0
METHOTREXATE_SODIUM	5	13	0	0.2684000000000003	3	1	0	9	0	3	7	10	55	20	2	0	432.2710000000001	0	0	0
