m_name	n_HBD	n_O	n_aliphatic_heterocycles	m_logp	n_aromatic_rings	n_amide_bonds	n_briged_head_atoms	n_strict_rotable_bonds	n_saturated_rings	n_aliphatic_rings	n_HOH	n_non_strict_rotable_bonds	n_valence_electrons	n_atoms_without_Hydrogen	n_aromatic_carbocycles	n_saturated_carbocycles	fraction_CSP3	is_cns_molecule
BUMETANIDE	3	7	0	3.0365	2	0	0	8	0	0	4	8	134	25	2	0	0.2352941176470588	0
BACLOFEN	2	3	0	1.8569999999999995	1	0	0	4	0	0	3	4	76	14	1	0	0.3	1
METYRAPONE	0	3	0	2.637100000000001	2	0	0	3	0	0	0	3	86	17	0	0	0.21428571428571427	0
METHYLPHENOBARBITAL	1	5	1	1.0425999999999995	1	4	0	2	1	1	1	2	94	18	1	0	0.3076923076923077	1
DULOXETINE	1	2	0	4.630900000000004	3	0	0	6	0	0	1	6	108	21	2	0	0.2222222222222222	1
FLUTICASONE	1	5	0	4.430000000000004	0	0	0	4	3	4	1	6	188	34	0	3	0.72	0
DIACEREIN	1	8	0	2.0108	2	0	0	3	0	1	1	5	136	27	2	0	0.10526315789473684	0
DOSULEPIN	0	1	1	4.675700000000004	2	0	0	3	0	1	0	3	108	21	2	0	0.2631578947368421	1
CAPTOPRIL	2	4	1	0.6279000000000001	0	1	0	3	1	1	1	4	80	14	0	0	0.7777777777777778	0
PINACIDIL	2	5	0	2.3547800000000008	1	0	0	2	0	0	2	5	96	18	0	0	0.4615384615384616	0
ZONISAMIDE	1	5	0	0.6163	2	0	0	2	0	0	2	2	74	14	1	0	0.125	1
GATIFLOXACIN	2	7	1	1.9804	2	0	0	4	2	2	2	4	144	27	1	1	0.4736842105263158	0
HETACILLIN	2	7	3	1.4111	1	2	0	3	3	3	2	3	144	27	1	0	0.5263157894736842	0
BENORILATE	1	6	0	2.789500000000001	2	1	0	4	0	0	1	7	118	23	2	0	0.1176470588235294	0
CABERGOLINE	2	7	1	3.193900000000002	2	3	0	8	1	2	2	11	178	33	1	0	0.5384615384615384	1
TANDOSPIRONE	0	7	2	1.4098999999999997	1	2	2	6	4	4	0	6	150	28	0	2	0.7142857142857143	0
GRANISETRON	1	5	2	2.3184000000000005	2	1	2	2	2	2	1	3	122	23	1	0	0.5555555555555556	1
SULFAPHENAZOLE	2	6	0	2.2553	3	0	0	4	0	0	3	4	112	22	2	0	0.0	0
TALTIRELIN	4	12	2	-2.1463999999999954	1	6	0	6	2	2	5	8	156	29	0	0	0.5294117647058824	1
QUINAPRIL	2	7	1	2.5671	2	1	0	9	0	1	2	11	170	32	2	0	0.4	0
QUETIAPINE	1	5	2	2.856000000000001	2	0	0	5	1	2	1	6	142	27	2	0	0.3809523809523809	1
LORCAINIDE	0	3	1	4.788500000000004	2	1	0	5	1	1	0	6	138	26	2	0	0.4090909090909091	0
PIPERACETAZINE	1	4	2	4.976400000000004	2	0	0	7	1	2	1	7	154	29	2	0	0.4583333333333333	1
CODEINE	1	4	2	1.5010999999999997	1	0	2	1	1	4	1	1	116	22	1	0	0.5555555555555556	1
THIABENDAZOLE	1	3	0	2.686400000000001	3	0	0	1	0	0	1	1	68	14	1	0	0.0	0
ALTRETAMINE	0	6	0	0.0696000000000001	1	0	0	3	0	0	0	3	84	15	0	0	0.6666666666666666	0
OXILOFRINE	3	3	0	1.0334999999999996	1	0	0	3	0	0	3	3	72	13	1	0	0.4	0
METHANTHELINE_BROMIDE	0	4	1	3.953800000000003	2	0	0	6	0	1	0	7	132	25	2	0	0.3809523809523809	0
TIAGABINE	1	3	1	5.044840000000004	2	0	0	6	1	1	1	6	134	25	0	0	0.45	1
THIOGUANINE	3	5	0	0.5976899999999999	2	0	0	0	0	0	4	0	56	11	0	0	0.0	0
PIRACETAM	1	4	1	-0.9058999999999996	0	2	0	2	1	1	2	2	56	10	0	0	0.6666666666666666	1
SUFENTANIL	0	4	1	4.214800000000004	2	1	0	8	1	1	0	9	146	27	1	0	0.5	1
FUSIDIC	3	6	0	5.6661000000000055	0	0	0	5	4	4	3	6	208	37	0	4	0.8064516129032258	0
CARVEDILOL	3	6	0	3.7380000000000018	4	0	0	10	0	0	3	10	156	30	3	0	0.25	0
OXAPROZIN	1	4	0	4.025800000000003	3	0	0	5	0	0	1	5	110	22	2	0	0.1111111111111111	0
RANITIDINE_BISMUTH_CITRATE	2	7	0	1.4589999999999996	1	0	0	10	0	0	2	10	118	21	0	0	0.5384615384615384	0
METHOXSALEN	0	4	0	2.5478000000000005	3	0	0	1	0	0	0	1	80	16	1	0	0.08333333333333333	0
GABAPENTIN	2	3	0	1.3703	0	0	0	3	1	1	3	3	70	12	0	1	0.8888888888888888	1
DEXPANTHENOL	4	5	0	-1.1355999999999995	0	1	0	6	0	0	4	7	84	14	0	0	0.8888888888888888	0
OXIRACETAM	2	5	1	-1.9350999999999992	0	2	0	2	1	1	3	2	62	11	0	0	0.6666666666666666	1
VENLAFAXINE	1	3	0	3.035600000000002	1	0	0	5	1	1	1	5	112	20	1	1	0.6470588235294118	1
SULFOXONE_SODIUM	4	8	0	1.7015999999999998	2	0	0	8	0	0	4	8	136	25	2	0	0.14285714285714285	0
TALINOLOL	4	6	0	3.268600000000002	1	2	0	7	1	1	4	10	146	26	1	1	0.65	0
METHADONE	0	2	0	4.292000000000004	2	0	0	7	0	0	0	7	122	23	2	0	0.3809523809523809	1
EDETATE_CALCIUM_DISODIUM	4	10	0	-2.0711999999999957	0	0	0	11	0	0	4	11	114	20	0	0	0.6	0
ZOPICLONE	0	9	2	1.568	2	2	0	2	1	2	0	4	140	27	0	0	0.35294117647058826	1
MOXIFLOXACIN_HYDROCHLORIDE	2	7	2	2.3705	2	0	0	4	3	3	2	4	154	29	1	1	0.5238095238095238	0
DESMOPRESSIN	14	26	2	-4.1320300000000145	2	11	0	19	2	2	18	23	402	74	2	0	0.4782608695652174	0
PHENMETRAZINE	1	2	1	1.736	1	0	0	1	1	1	1	1	70	13	1	0	0.4545454545454545	1
PAMIDRONATE	6	8	0	-1.6633000000000002	0	0	0	4	0	0	7	4	80	13	0	0	1.0	0
CEFACLOR	3	7	2	0.6213000000000004	1	2	0	4	1	2	4	5	126	24	1	0	0.26666666666666666	0
CARBOCYSTEINE	3	5	0	-0.7838999999999998	0	0	0	5	0	0	4	5	64	11	0	0	0.6	0
PENFLURIDOL	1	2	1	7.532700000000008	3	0	0	7	1	1	1	8	192	36	3	0	0.35714285714285715	1
TRAZODONE	0	6	1	2.3617	3	0	0	5	1	1	0	5	136	26	1	0	0.3684210526315789	1
OLMESARTAN	2	12	0	4.1700200000000045	5	0	0	10	0	0	2	11	212	41	2	0	0.3103448275862069	0
ZAFIRLUKAST	2	9	0	5.6959200000000045	4	2	0	8	1	1	2	11	214	41	3	1	0.2903225806451613	0
VORICONAZOLE	1	6	0	2.1769	3	0	0	5	0	0	1	5	130	25	1	0	0.25	0
DROSPIRENONE	0	3	1	4.305900000000004	0	0	0	0	6	7	0	0	144	27	0	5	0.8333333333333334	0
METHYLPHENIDATE	1	3	1	2.0853	1	0	0	3	1	1	1	4	92	17	1	0	0.5	1
TETRABENAZINE	0	4	2	3.238100000000002	1	0	0	4	1	2	0	4	126	23	1	0	0.631578947368421	1
MIDAZOLAM	0	3	1	4.324220000000002	3	0	0	1	0	1	0	1	114	23	2	0	0.1111111111111111	1
DISOPYRAMIDE	1	4	0	3.3619000000000017	2	1	0	8	0	0	2	8	134	25	1	0	0.42857142857142855	0
EFAVIRENZ	1	3	1	4.073100000000002	1	1	0	0	1	2	1	1	110	21	1	1	0.35714285714285715	0
NORGESTREL	1	2	0	3.8826000000000014	0	0	0	1	3	4	1	1	124	23	0	3	0.7619047619047619	0
FLURAZEPAM	0	4	1	4.004900000000005	2	1	0	6	0	1	0	6	142	27	2	0	0.3333333333333333	1
OMEPRAZOLE	1	6	0	2.8997400000000013	3	0	0	5	0	0	1	5	126	24	1	0	0.29411764705882354	0
NIACIN	1	3	0	0.7797999999999999	1	0	0	1	0	0	1	1	46	9	0	0	0.0	0
VOGLIBOSE	8	8	0	-4.492399999999994	0	0	0	5	1	1	8	5	108	18	0	1	1.0	0
TRANDOLAPRIL	2	7	1	2.7733	1	1	0	9	2	2	2	11	170	31	1	1	0.625	0
AMINOGLUTETHIMIDE	2	4	1	1.3531999999999995	1	2	0	2	1	1	3	2	90	17	1	0	0.38461538461538464	0
TAMOXIFEN	0	2	0	5.9961000000000055	3	0	0	8	0	0	0	8	144	28	3	0	0.2307692307692308	0
QUINETHAZONE	3	6	1	0.8788	1	1	0	2	0	1	4	2	98	18	1	0	0.3	0
DESFLURANE	0	1	0	2.0835	0	0	0	2	0	0	0	3	62	10	0	0	1.0	1
ATOVAQUONE	1	3	0	5.505100000000005	2	0	0	2	1	2	1	2	132	26	2	1	0.2727272727272727	0
NIZATIDINE	2	7	0	1.3224999999999998	1	0	0	10	0	0	2	10	118	21	0	0	0.5833333333333334	0
TERBUTALINE_SULFATE	4	4	0	1.5192999999999997	1	0	0	3	0	0	4	4	90	16	1	0	0.5	0
PROGLUMIDE	2	6	0	2.2984	1	2	0	10	0	0	2	12	132	24	1	0	0.5	0
FLUPREDNISOLONE	3	5	0	1.5056	0	0	0	2	3	4	3	2	148	27	0	3	0.7142857142857143	0
ISOXICAM	2	8	1	1.48242	2	1	0	2	0	1	2	3	120	23	1	0	0.14285714285714285	0
BROMPERIDOL	1	3	1	4.534700000000004	2	0	0	6	1	1	1	6	138	26	2	0	0.3809523809523809	1
METHAMPHETAMINE	1	1	0	1.837	1	0	0	3	0	0	1	3	60	11	1	0	0.4	1
FAMCICLOVIR	1	9	0	0.5409999999999998	2	0	0	7	0	0	2	9	124	23	0	0	0.5	0
SAQUINAVIR	5	11	1	3.092400000000004	3	4	0	12	2	2	6	16	262	49	2	1	0.5	0
LEVOCETIRIZINE	1	5	1	3.148200000000002	2	0	0	8	1	1	1	8	144	27	2	0	0.3809523809523809	0
BUTIZIDE	3	7	1	1.0634	1	0	0	3	0	1	4	3	118	21	1	0	0.4545454545454545	0
AMPHETAMINE	1	1	0	1.5763	1	0	0	2	0	0	2	2	54	10	1	0	0.3333333333333333	1
PHENYL_AMINOSALICYLATE	2	4	0	2.1936	2	0	0	2	0	0	3	3	86	17	2	0	0.0	0
DICHLORPHENAMIDE	2	6	0	0.2882000000000006	1	0	0	2	0	0	4	2	90	16	1	0	0.0	0
ISONIAZID	2	4	0	-0.3149000000000006	1	1	0	1	0	0	3	2	52	10	0	0	0.0	0
TRIPELENNAMINE	0	3	0	2.649800000000001	2	0	0	6	0	0	0	6	100	19	1	0	0.3125	1
AMODIAQUINE	2	4	0	5.179200000000004	3	0	0	6	0	0	2	6	130	25	2	0	0.25	0
NITROGLYCERIN	0	12	0	-1.0200999999999996	0	0	0	8	0	0	0	8	86	15	0	0	1.0	0
SALICYLAMIDE	2	3	0	0.4911	1	1	0	1	0	0	3	1	52	10	1	0	0.0	0
HEXOPRENALINE	8	8	0	2.015600000000001	2	0	0	13	0	0	8	13	166	30	2	0	0.4545454545454545	0
AMLODIPINE_BESYLATE	2	7	1	2.2663	1	0	0	8	0	1	3	10	152	28	1	0	0.4	0
ALPRENOLOL	2	3	0	2.1528	1	0	0	8	0	0	2	8	100	18	1	0	0.4666666666666667	0
CARPIPRAMINE	1	5	3	4.119200000000002	2	1	0	6	2	3	2	6	176	33	2	0	0.5357142857142857	1
ASCORBIC	4	6	1	-1.4074	0	0	0	2	0	1	4	2	68	12	0	0	0.5	0
MEDROXYPROGESTERONE	1	3	0	4.084400000000003	0	0	0	1	3	4	1	1	138	25	0	3	0.8181818181818182	0
DEXTROMETHORPHAN	0	2	1	3.3834000000000017	1	0	2	1	2	3	0	1	108	20	1	1	0.6666666666666666	1
ETIZOLAM	0	4	1	4.2040200000000025	3	0	0	2	0	1	0	2	116	23	1	0	0.2352941176470588	1
THYMOXAMINE	0	4	0	2.9841200000000017	1	0	0	6	0	0	0	7	112	20	1	0	0.5625	0
MECLOFENAMATE_SODIUM	2	3	0	4.743620000000003	2	0	0	3	0	0	2	3	98	19	2	0	0.07142857142857142	0
BUSPIRONE	0	7	2	2.088199999999999	1	2	0	6	3	3	0	6	152	28	0	1	0.7142857142857143	1
ZOTEPINE	0	2	1	4.880900000000003	2	0	0	4	0	1	0	4	114	22	2	0	0.2222222222222222	1
BUTORPHANOL	2	3	1	3.365600000000003	1	0	2	2	3	4	2	2	130	24	1	2	0.7142857142857143	1
RALOXIFENE_HYDROCHLORIDE	2	5	1	6.075200000000005	4	0	0	7	1	1	2	7	174	34	3	0	0.25	0
SULFAPYRIDINE	2	5	0	1.4646	2	0	0	3	0	0	3	3	88	17	1	0	0.0	0
DANAZOL	1	3	0	4.2210000000000045	1	0	0	0	3	4	1	0	132	25	0	3	0.6818181818181818	0
LERCANIDIPINE	1	9	1	6.478400000000009	3	0	0	12	0	1	1	14	236	45	3	0	0.3333333333333333	0
RECAINAM	3	4	0	2.8130400000000013	1	2	0	6	0	0	3	8	106	19	1	0	0.5333333333333333	0
FELBINAC	1	2	0	2.980700000000001	2	0	0	3	0	0	1	3	80	16	2	0	0.07142857142857142	0
VINCAMINE	1	5	3	2.952500000000001	2	0	0	2	1	3	1	3	138	26	1	0	0.5714285714285714	0
CHLORAMPHENICOL_PALMITATE	2	8	0	6.941200000000008	1	1	0	21	0	0	2	23	210	37	1	0	0.7037037037037037	0
IRBESARTAN	1	7	1	4.7774000000000045	3	1	0	7	1	2	1	7	164	32	2	1	0.4	0
CEFUROXIME_AXETIL	2	14	2	-0.16829999999999856	1	3	0	9	1	2	3	13	188	35	0	0	0.4	0
ALBENDAZOLE	2	5	0	3.2433000000000005	2	1	0	4	0	0	2	6	96	18	1	0	0.3333333333333333	0
ALCLOFENAC	1	3	0	2.5319000000000007	1	0	0	5	0	0	1	5	80	15	1	0	0.18181818181818185	0
PHENSUXIMIDE	0	3	1	1.1589	1	2	0	1	1	1	0	1	72	14	1	0	0.2727272727272727	1
ANILERIDINE	1	4	1	3.4082000000000017	2	0	0	6	1	1	2	7	138	26	2	0	0.4090909090909091	1
DICYCLOMINE_HYDROCHLORIDE	0	3	0	4.402200000000004	0	0	0	7	2	2	0	8	128	22	0	2	0.9473684210526316	0
FOSAMPRENAVIR	4	12	1	2.5198	2	1	0	13	1	1	5	15	216	39	2	0	0.48	0
BAMIFYLLINE	1	8	0	0.3387000000000002	3	0	0	8	0	0	1	8	150	28	1	0	0.45	0
SULFISOXAZOLE	2	6	0	1.6744400000000002	2	0	0	3	0	0	3	3	96	18	1	0	0.18181818181818185	0
OXYPHENONIUM_BROMIDE	1	4	0	3.484100000000001	1	0	0	8	1	1	1	9	140	25	1	1	0.6666666666666666	0
CISAPRIDE_MONOHYDRATE	2	7	1	3.358100000000001	2	1	0	9	1	1	3	10	174	32	2	0	0.43478260869565216	0
MINOXIDIL	3	6	1	0.17236999999999925	1	0	0	1	1	1	4	1	82	15	0	0	0.5555555555555556	0
MENADIOL	2	2	0	2.5594200000000007	2	0	0	0	0	0	2	0	66	13	2	0	0.09090909090909093	0
STIRIPENTOL	1	3	1	2.835500000000002	1	0	0	2	0	1	1	3	92	17	1	0	0.42857142857142855	1
FLECAINIDE_ACETATE	2	5	1	3.440700000000001	1	1	0	7	1	1	2	10	158	28	1	0	0.5882352941176471	0
PAROXETINE	1	4	2	3.3265000000000016	2	0	0	4	1	2	1	4	126	24	2	0	0.3684210526315789	1
ENPROFYLLINE	2	6	0	-0.17710000000000065	2	0	0	2	0	0	2	2	74	14	0	0	0.375	0
NYSTATIN	12	18	2	0.7783000000000075	0	0	0	3	1	2	13	3	370	65	0	0	0.6808510638297872	0
NITRENDIPINE	1	8	1	2.5657000000000005	1	0	0	5	0	1	1	7	138	26	1	0	0.3333333333333333	0
CARBAZOCHROME	3	7	1	-1.2899999999999994	0	2	0	1	1	2	4	2	90	17	0	0	0.3	0
MELITRACEN	0	1	0	4.709300000000004	2	0	0	3	0	1	0	3	114	22	2	0	0.3333333333333333	1
PRAZOSIN	1	9	1	1.7845999999999995	3	1	0	4	1	1	2	5	146	28	1	0	0.3157894736842105	0
ENALAPRIL	2	7	1	1.6046	1	1	0	9	1	1	2	11	148	27	1	0	0.55	0
SALSALATE	2	5	0	2.309600000000001	2	0	0	3	0	0	2	4	96	19	2	0	0.0	0
PRALIDOXIME_CHLORIDE	1	3	0	0.3191999999999999	1	0	0	1	0	0	1	1	52	10	0	0	0.14285714285714285	0
METHOCARBAMOL	2	6	0	0.5301999999999998	1	1	0	6	0	0	3	7	94	17	1	0	0.3636363636363637	1
OSELTAMIVIR_PHOSPHATE	2	6	0	1.2853999999999997	0	1	0	7	0	1	3	9	126	22	0	0	0.75	0
AMINOPHYLLINE	1	6	0	-1.0397000000000003	2	0	0	0	0	0	1	0	68	13	0	0	0.2857142857142857	1
CARBENOXOLONE	2	7	0	6.8283000000000085	0	0	0	5	4	5	2	6	228	41	0	4	0.8235294117647058	0
DEXRAZOXANE	2	8	2	-2.708299999999996	0	4	0	3	2	2	2	3	104	19	0	0	0.6363636363636364	0
METHACYCLINE_HYDROCHLORIDE	6	10	0	-0.4378999999999992	1	1	0	2	0	3	7	2	168	32	1	0	0.3181818181818182	0
INDOMETHACIN	1	5	0	3.9273200000000026	3	0	0	4	0	0	1	5	128	25	2	0	0.15789473684210525	0
BOSENTAN	2	11	0	4.203900000000004	4	0	0	10	0	0	2	11	204	39	2	0	0.25925925925925924	0
PROPICILLIN	2	7	2	1.4756999999999998	1	2	0	6	2	2	2	7	140	26	1	0	0.5	0
MIGLITOL	5	6	1	-3.262099999999999	0	0	0	3	1	1	5	3	84	14	0	0	1.0	0
BENZTHIAZIDE	2	7	1	2.2427	2	0	0	5	0	1	3	5	138	26	2	0	0.13333333333333333	0
PRAMIPEXOLE	2	3	0	1.5822	1	0	0	3	0	1	3	3	78	14	0	0	0.7	1
VALSARTAN	2	8	0	4.1617000000000015	3	1	0	10	0	0	2	11	168	32	2	0	0.375	0
MENADIOL_SODIUM_DIPHOSPHATE	0	4	0	2.998820000000001	2	0	0	2	0	0	0	4	98	19	2	0	0.2	0
CLOBUTINOL	1	2	0	2.8312000000000013	1	0	0	5	0	0	1	5	96	17	1	0	0.5714285714285714	0
CLOPIDOGREL_BISULFATE	0	3	1	3.6739000000000015	2	0	0	3	0	1	0	4	110	21	1	0	0.3125	0
ROXITHROMYCIN	5	17	3	2.2096000000000084	0	0	0	13	3	3	5	13	340	58	0	0	0.9512195121951221	0
INDELOXAZINE	1	3	1	1.6230999999999998	1	0	0	3	1	2	1	3	90	17	1	0	0.42857142857142855	1
GLYCERIN	3	3	0	-1.6681	0	0	0	2	0	0	3	2	38	6	0	0	1.0	0
CHLORAZEPATE	2	5	1	2.5827	2	1	0	2	0	1	2	2	110	22	2	0	0.0625	1
SORIVUDINE	4	8	1	-1.4863000000000006	1	0	0	3	1	1	4	3	110	20	0	0	0.4545454545454545	0
CANDESARTAN	1	6	2	2.0796	3	0	0	1	0	2	1	1	130	26	1	0	0.25	0
NALBUPHINE	3	5	2	1.7073000000000005	1	0	2	2	3	5	3	2	140	26	1	2	0.7142857142857143	1
TOPIRAMATE	1	9	3	-0.3953999999999982	0	0	0	3	3	3	2	3	128	22	0	0	1.0	1
CHLORPHENESIN	2	3	0	1.0719999999999998	1	0	0	4	0	0	2	4	72	13	1	0	0.3333333333333333	1
PENTAERYTHRITOL	0	16	0	-1.1939999999999995	0	0	0	12	0	0	0	12	120	21	0	0	1.0	0
TROPISETRON	1	4	2	2.9499000000000013	2	0	2	2	2	2	1	3	110	21	1	0	0.4705882352941176	1
HYDROCORTISONE_CYPIONATE	2	6	0	4.302900000000005	0	0	0	6	4	5	2	7	194	35	0	4	0.8275862068965517	0
SULPIRIDE	2	7	1	0.5567000000000012	1	1	0	6	1	1	3	7	128	23	1	0	0.5333333333333333	1
NIFURTIMOX	0	8	1	0.6406000000000001	1	0	0	3	1	1	0	3	104	19	0	0	0.5	0
SULFACYTINE	2	7	0	0.6461999999999999	2	0	0	4	0	0	3	4	106	20	1	0	0.16666666666666666	0
DAPSONE	2	4	0	1.6838000000000002	2	0	0	2	0	0	4	2	88	17	2	0	0.0	0
RIBAVIRIN	4	9	1	-3.0114999999999994	1	1	0	3	1	1	5	3	94	17	0	0	0.625	0
ETRETINATE	0	3	0	5.645560000000009	1	0	0	7	0	0	0	8	140	26	1	0	0.3478260869565217	0
DICUMAROL	2	6	0	2.9014000000000006	4	0	0	2	0	0	2	2	124	25	2	0	0.05263157894736842	0
BROMFENAC	2	4	0	2.889400000000001	2	0	0	4	0	0	3	4	102	20	2	0	0.06666666666666668	0
ACETYLCYSTEINE	3	4	0	-0.4945	0	1	0	3	0	0	2	4	58	10	0	0	0.6	0
ABACAVIR_SULFATE	3	7	0	1.0922999999999998	2	0	0	4	1	2	4	4	110	21	0	1	0.5	0
DEXAMETHASONE	3	5	0	1.8957	0	0	0	2	3	4	3	2	154	28	0	3	0.7272727272727273	1
DOXEPIN	0	2	1	3.9624000000000033	2	0	0	3	0	1	0	3	108	21	2	0	0.2631578947368421	1
LACIDIPINE	1	7	1	4.402500000000004	1	0	0	7	0	1	1	11	178	33	1	0	0.4230769230769231	0
CLOFIBRATE	0	3	0	3.060500000000001	1	0	0	4	0	0	0	5	88	16	1	0	0.4166666666666667	0
STAVUDINE	2	6	1	-0.7090799999999999	1	0	0	2	0	1	2	2	86	16	0	0	0.4	0
PIPERAZINE_CITRATE	2	2	1	-0.8208	0	0	0	0	1	1	2	0	36	6	0	0	1.0	0
VITAMIN_A_PALMITATE	0	2	0	11.542499999999983	0	0	0	20	0	1	0	21	216	38	0	0	0.6944444444444444	0
PHENOXYBENZAMINE_HYDROCHLORIDE	0	2	0	4.194900000000003	2	0	0	8	0	0	0	8	112	21	2	0	0.3333333333333333	0
MELPERONE	0	2	1	3.520500000000003	1	0	0	5	1	1	0	5	104	19	1	0	0.5625	1
ALFENTANIL	0	9	1	1.3839000000000006	2	1	0	9	1	1	0	10	164	30	1	0	0.6190476190476191	1
CLENBUTEROL	3	3	0	2.9971000000000005	1	0	0	3	0	0	4	4	96	17	1	0	0.5	0
RILUZOLE	1	3	0	2.7771	2	0	0	1	0	0	2	2	80	15	1	0	0.125	0
PHENINDAMINE	0	1	1	3.9212000000000033	2	0	0	1	0	2	0	1	100	20	2	0	0.2631578947368421	1
ETHIONAMIDE	1	2	0	1.2782	1	0	0	2	0	0	2	2	58	11	0	0	0.25	0
ETHOPROPAZINE	0	2	1	5.019600000000005	2	0	0	5	0	1	0	5	116	22	2	0	0.3684210526315789	1
BENZONATATE	1	12	0	2.8346000000000027	1	0	0	32	0	0	1	33	244	42	1	0	0.7666666666666667	0
DIPIPANONE	0	2	1	5.216300000000006	2	0	0	7	1	1	0	7	138	26	2	0	0.4583333333333333	1
BROMHEXINE	1	2	0	4.5583000000000045	1	0	0	3	1	1	2	3	100	18	1	1	0.5714285714285714	0
METHAZOLAMIDE	1	7	0	-1.4237999999999986	1	1	0	1	0	0	2	2	78	14	0	0	0.4	0
PHENYLBUTAZONE	0	4	1	3.7878000000000025	2	2	0	5	1	1	0	5	118	23	2	0	0.2631578947368421	0
ACECAINIDE	2	5	0	1.7165999999999997	1	2	0	7	0	0	2	9	110	20	1	0	0.4666666666666667	0
BUSULFAN	0	6	0	-0.2809999999999997	0	0	0	7	0	0	0	7	86	14	0	0	1.0	0
QUINACRINE	1	4	0	5.972400000000006	3	0	0	9	0	0	1	9	150	28	2	0	0.43478260869565216	0
ACETOPHENAZINE	1	5	2	3.4919000000000024	2	0	0	7	1	2	1	7	154	29	2	0	0.43478260869565216	1
SEMATILIDE	2	6	0	1.1297	1	1	0	8	0	0	2	9	118	21	1	0	0.5	0
FOSFOMYCIN_TROMETHAMINE	2	4	1	-0.09110000000000007	0	0	0	1	1	1	2	1	48	8	0	0	1.0	0
PYRIDOSTIGMINE_BROMIDE	0	4	0	0.5714999999999999	1	1	0	1	0	0	0	3	70	13	0	0	0.3333333333333333	0
THIAMPHENICOL	3	6	0	0.40430000000000027	1	1	0	6	0	0	3	7	118	21	1	0	0.4166666666666667	0
TRAMADOL	1	3	0	2.6346000000000007	1	0	0	4	1	1	1	4	106	19	1	1	0.625	1
QUAZEPAM	0	2	1	5.026200000000002	2	0	0	2	0	1	0	3	130	25	2	0	0.17647058823529413	1
ITRACONAZOLE	0	12	2	5.5773000000000055	5	0	0	11	2	2	0	11	256	49	3	0	0.3714285714285713	0
METAXALONE	1	4	1	1.7906399999999996	1	1	0	3	1	1	1	3	86	16	1	0	0.4166666666666667	1
SULTAMICILLIN	2	13	4	-0.5885999999999969	1	3	0	7	4	4	3	10	216	40	1	0	0.56	0
TRIMIPRAMINE	0	2	1	4.121000000000003	2	0	0	4	0	1	0	4	116	22	2	0	0.4	1
LEVAMISOLE_HYDROCHLORIDE	0	2	2	2.1461	1	0	0	1	1	2	0	1	72	14	1	0	0.3636363636363637	0
CANDESARTAN_CILEXETIL	1	12	0	6.319100000000009	5	0	0	10	1	1	1	13	232	45	3	1	0.3333333333333333	0
ALMOTRIPTAN	1	5	1	2.1976000000000004	2	0	0	6	1	1	1	6	126	23	1	0	0.5294117647058824	1
ATENOLOL	3	5	0	0.4521000000000001	1	1	0	8	0	0	4	8	106	19	1	0	0.5	0
BETHANECHOL_CHLORIDE	1	4	0	0.17640000000000045	0	1	0	3	0	0	2	4	66	11	0	0	0.8571428571428571	0
BENZNIDAZOLE	1	7	0	1.1076999999999997	2	1	0	5	0	0	1	6	98	19	1	0	0.16666666666666666	0
TILIDINE	0	3	0	2.7677000000000014	1	0	0	4	0	1	0	5	108	20	1	0	0.4705882352941176	1
NEFAZODONE	0	7	1	3.5519000000000016	3	0	0	10	1	1	0	10	176	33	2	0	0.44	1
INDAPAMIDE	2	6	1	2.0834	2	1	0	3	0	1	3	4	126	24	2	0	0.1875	0
OXYPHENCYCLIMINE_HYDROCHLORIDE	1	5	1	2.7317000000000013	1	0	0	5	1	2	1	6	136	25	1	1	0.6	0
CHLORAMPHENICOL	3	7	0	0.909	1	1	0	6	0	0	3	7	110	20	1	0	0.3636363636363637	0
TOLOXATONE	1	4	1	1.3125199999999997	1	1	0	2	1	1	1	2	80	15	1	0	0.3636363636363637	1
FLEROXACIN	1	6	1	1.6992	2	0	0	4	1	1	1	4	140	26	1	0	0.4117647058823529	0
DYPHYLLINE	2	8	0	-2.2130999999999985	2	0	0	3	0	0	2	3	98	18	0	0	0.5	0
VIGABATRIN	2	3	0	0.3645000000000001	0	0	0	4	0	0	3	4	52	9	0	0	0.5	1
GLYBURIDE	3	8	0	3.641700000000002	2	3	0	8	1	1	3	11	178	33	2	1	0.39130434782608703	0
CYCLOBENZAPRINE_HYDROCHLORIDE	0	1	0	2.6446000000000014	2	0	0	3	0	1	0	3	106	21	2	0	0.2	0
COCAINE	0	5	2	1.8677	1	0	2	3	2	2	0	5	118	22	1	0	0.5294117647058824	1
CINNARIZINE	0	2	1	5.1070000000000055	3	0	0	6	1	1	0	6	142	28	3	0	0.2307692307692308	1
CEPHALEXIN	3	7	2	0.44489999999999896	1	2	0	4	1	2	4	5	126	24	1	0	0.3125	0
ORPHENADRINE	0	2	0	3.6626200000000018	2	0	0	6	0	0	0	6	106	20	2	0	0.3333333333333333	1
DIDANOSINE	2	7	1	-0.21050000000000008	2	0	0	2	1	1	2	2	90	17	0	0	0.5	0
OPIPRAMOL	1	4	2	3.3085000000000027	2	0	0	6	1	2	1	6	142	27	2	0	0.39130434782608703	1
THALIDOMIDE	1	6	2	0.08779999999999992	1	4	0	1	1	2	1	1	96	19	1	0	0.2307692307692308	1
ZOLPIDEM	0	4	0	3.2488400000000013	3	1	0	3	0	0	0	4	118	23	1	0	0.2631578947368421	1
PERINDOPRIL_ERBUMINE	2	7	1	1.9406	0	1	0	8	2	2	2	10	148	26	0	1	0.8421052631578947	0
NITISINONE	0	6	0	2.7346000000000013	1	0	0	3	1	1	0	4	122	23	1	1	0.35714285714285715	0
CHLORMEZANONE	0	4	1	1.6154999999999995	1	1	0	1	1	1	0	1	92	17	1	0	0.3636363636363637	1
ARIPIPRAZOLE	1	5	2	4.859300000000005	2	1	0	7	1	2	1	7	160	30	2	0	0.43478260869565216	1
BENOXAPROFEN	1	4	0	4.336300000000001	3	0	0	3	0	0	1	3	106	21	2	0	0.125	0
BENZTROPINE	0	2	2	4.417800000000004	2	0	2	4	2	2	0	4	120	23	2	0	0.42857142857142855	1
AMPRENAVIR	3	9	1	2.4028	2	1	0	11	1	1	4	13	192	35	2	0	0.48	0
MORPHINE	2	4	2	1.1980999999999995	1	0	2	0	1	4	2	0	110	21	1	0	0.5294117647058824	1
RIVASTIGMINE	0	4	0	2.7597000000000014	1	1	0	4	0	0	0	6	100	18	1	0	0.5	1
LISINOPRIL	4	8	1	1.2352000000000007	1	1	0	12	1	1	5	13	160	29	1	0	0.5714285714285714	0
PROMAZINE	0	2	1	4.241000000000003	2	0	0	4	0	1	0	4	104	20	2	0	0.29411764705882354	1
ZOMEPIRAC	1	4	0	2.8450200000000017	2	0	0	4	0	0	1	4	104	20	1	0	0.2	0
CLOMIPRAMINE	0	2	1	4.528400000000004	2	0	0	4	0	1	0	4	116	22	2	0	0.3684210526315789	1
MYCOPHENOLATE	2	6	1	2.73322	1	0	0	6	0	1	2	6	124	23	1	0	0.4117647058823529	0
TOLMETIN_SODIUM	1	4	0	2.1916199999999995	2	0	0	4	0	0	1	4	98	19	1	0	0.2	0
MODAFINIL	1	3	0	2.01	2	1	0	5	0	0	2	5	98	19	2	0	0.13333333333333333	1
METHIMAZOLE	1	2	0	1.08269	1	0	0	0	0	0	1	0	38	7	0	0	0.25	0
LOFEPRAMINE	0	3	1	5.781500000000006	3	0	0	7	0	1	0	7	154	30	3	0	0.2692307692307692	1
INDECAINIDE_HYDROCHLORIDE	2	3	0	3.216600000000001	2	1	0	6	0	1	3	6	120	23	2	0	0.35	0
NITRAZEPAM	1	6	1	2.3843	2	1	0	2	0	1	1	2	104	21	2	0	0.06666666666666668	1
ENCAINIDE	1	4	1	4.536900000000005	2	1	0	6	1	1	1	7	138	26	2	0	0.4090909090909091	0
CEFPROZIL	4	8	2	0.7066999999999994	1	2	0	5	1	2	5	6	142	27	1	0	0.2777777777777778	0
FLUORESCEIN	2	5	2	3.6658000000000026	3	0	0	0	0	2	2	0	122	25	3	0	0.05	0
ANIRACETAM	0	4	1	1.4578	1	2	0	2	1	1	0	3	84	16	1	0	0.3333333333333333	1
HALOPERIDOL	1	3	1	4.425600000000005	2	0	0	6	1	1	1	6	138	26	2	0	0.3809523809523809	1
DIAMORPHINE	0	6	2	1.9886	1	0	2	2	1	4	0	4	142	27	1	0	0.5238095238095238	1
CARBIDOPA	5	6	0	-0.05310000000000015	1	0	0	4	0	0	6	4	88	16	1	0	0.3	0
NORFLOXACIN	2	6	1	1.2683000000000002	2	0	0	3	1	1	2	3	122	23	1	0	0.375	0
BENTIROMIDE	4	7	0	3.0702000000000016	3	2	0	7	0	0	4	9	152	30	3	0	0.08695652173913042	0
TRIFLUPROMAZINE	0	2	1	5.259800000000004	2	0	0	4	0	1	0	5	128	24	2	0	0.3333333333333333	1
ERGOCALCIFEROL	1	1	0	7.641000000000008	0	0	0	5	3	3	1	5	162	29	0	3	0.7142857142857143	0
FLUCONAZOLE	1	7	0	0.7357999999999993	3	0	0	5	0	0	1	5	114	22	1	0	0.2307692307692308	0
WARFARIN_SODIUM	1	4	0	3.6096000000000017	3	0	0	4	0	0	1	4	116	23	2	0	0.15789473684210525	0
TERAZOSIN	1	9	2	1.0567999999999995	2	1	0	4	2	2	2	5	150	28	1	0	0.5263157894736842	0
TACROLIMUS	3	13	3	4.639000000000005	0	1	2	7	3	4	3	7	322	57	0	1	0.7727272727272727	0
DIPHEMANIL_METHYLSULFATE	0	1	1	4.358700000000004	2	0	0	2	1	1	0	2	108	21	2	0	0.3	0
BIPERIDEN	1	2	1	3.962400000000004	1	0	2	5	2	3	1	5	124	23	1	1	0.6190476190476191	1
SUCCIMER	4	4	0	-0.2476000000000001	0	0	0	3	0	0	2	3	58	10	0	0	0.5	0
ALENDRONATE_SODIUM	6	8	0	-1.2732	0	0	0	5	0	0	7	5	86	14	0	0	1.0	0
AZANIDAZOLE	1	8	0	0.8708999999999998	2	0	0	3	0	0	2	3	92	18	0	0	0.1	0
DICLOFENAC	2	3	0	4.364100000000001	2	0	0	4	0	0	2	4	98	19	2	0	0.07142857142857142	1
CLOBAZAM	0	4	1	3.3712000000000018	2	2	0	1	0	1	0	1	106	21	2	0	0.125	1
OXAMNIQUINE	3	6	1	1.8118	1	0	0	5	0	1	3	5	110	20	1	0	0.5714285714285714	0
AMTOLMETIN	1	7	0	2.8374200000000016	3	1	0	8	0	0	1	10	160	31	2	0	0.2083333333333333	0
FELODIPINE	1	5	1	3.9643000000000033	1	0	0	4	0	1	1	6	134	25	1	0	0.3333333333333333	0
LAMOTRIGINE	2	5	0	2.0098	2	0	0	1	0	0	4	1	82	16	1	0	0.0	1
DONEPEZIL	0	4	1	4.361100000000004	2	0	0	6	1	2	0	6	148	28	2	0	0.4583333333333333	1
CLEMASTINE	0	2	1	5.1044000000000045	2	0	0	6	1	1	0	6	128	24	2	0	0.42857142857142855	1
ETHCHLORVYNOL	1	1	0	1.5132	0	0	0	2	0	0	1	2	50	9	0	0	0.42857142857142855	1
TRIPROLIDINE	0	2	1	3.9175200000000023	2	0	0	4	1	1	0	4	108	21	1	0	0.3157894736842105	1
PERINDOPRILAT	3	7	1	1.4621	0	1	0	7	2	2	3	8	136	24	0	1	0.8235294117647058	0
LOPERAMIDE_HYDROCHLORIDE	1	4	1	5.0880000000000045	3	1	0	7	1	1	1	8	178	34	3	0	0.3448275862068966	0
CEFDITOREN	3	11	2	1.2927199999999996	2	2	0	7	1	2	4	8	172	33	0	0	0.2631578947368421	0
DEXMEDETOMIDINE	1	2	0	3.1783400000000013	2	0	0	2	0	0	1	2	78	15	1	0	0.3076923076923077	1
PANTOPRAZOLE	1	7	0	2.8843000000000005	3	0	0	7	0	0	1	7	138	26	1	0	0.25	0
CLONIDINE	2	3	1	2.3645	1	0	0	1	0	1	2	2	74	14	1	0	0.2222222222222222	1
BEPOTASTINE	1	5	1	4.170200000000004	2	0	0	8	1	1	1	8	144	27	1	0	0.42857142857142855	0
LOPRAZOLAM	0	9	3	2.9331000000000014	2	1	0	3	1	3	0	3	168	33	2	0	0.2608695652173913	1
SULFADIAZINE	2	6	0	0.8596000000000001	2	0	0	3	0	0	3	3	88	17	1	0	0.0	0
ANTAZOLINE	1	3	1	2.6949000000000005	2	0	0	5	0	1	1	5	102	20	2	0	0.2352941176470588	0
AZARIBINE	1	12	1	-1.744499999999998	1	0	0	5	1	1	1	8	142	26	0	0	0.5714285714285714	0
TINIDAZOLE	0	7	0	0.5344199999999997	1	0	0	5	0	0	0	5	90	16	0	0	0.625	0
LEVETIRACETAM	1	4	1	-0.12729999999999994	0	2	0	3	1	1	2	3	68	12	0	0	0.75	1
ATOMOXETINE	1	2	0	3.7246200000000025	2	0	0	6	0	0	1	6	100	19	2	0	0.29411764705882354	1
NABILONE	1	3	1	6.264000000000008	1	0	0	6	1	2	1	6	150	27	1	1	0.7083333333333334	1
LOXAPINE	0	4	2	3.7714000000000025	2	0	0	0	1	2	0	1	118	23	2	0	0.2777777777777778	1
VALACYCLOVIR_HYDROCHLORIDE	3	10	0	-0.7975999999999985	2	0	0	7	0	0	5	8	126	23	0	0	0.5384615384615384	0
TALIPEXOLE	1	3	1	1.3119	1	0	0	2	0	1	2	2	76	14	0	0	0.5	1
DIETHYLCARBAMAZINE_CITRATE	0	4	1	0.6956	0	2	0	2	1	1	0	4	82	14	0	0	0.9	0
THEOPHYLLINE	1	6	0	-1.0397000000000003	2	0	0	0	0	0	1	0	68	13	0	0	0.2857142857142857	1
RITODRINE_HYDROCHLORIDE	4	4	0	2.3520000000000003	2	0	0	6	0	0	4	6	112	21	2	0	0.29411764705882354	0
ACECLOFENAC	2	5	0	3.907300000000002	2	0	0	6	0	0	2	7	120	23	2	0	0.125	0
TOLBUTAMIDE	2	5	0	1.78302	1	2	0	5	0	0	2	7	100	18	1	0	0.4166666666666667	0
PROPYPHENAZONE	0	3	0	2.6078200000000007	2	0	0	2	0	0	0	2	90	17	1	0	0.35714285714285715	0
DIPYRONE	1	7	0	0.7659199999999999	2	0	0	4	0	0	1	4	114	21	1	0	0.3076923076923077	0
SPARFLOXACIN	3	7	1	2.0816	2	0	0	3	2	2	4	3	150	28	1	1	0.4736842105263158	0
ORLISTAT	1	6	1	6.881900000000009	0	1	0	23	1	1	1	24	204	35	0	0	0.8965517241379308	0
ACARBOSE	14	19	3	-8.564500000000011	0	0	0	9	3	4	14	9	256	44	0	0	0.92	0
BENZPHETAMINE	0	1	0	3.749600000000002	2	0	0	5	0	0	0	5	94	18	2	0	0.29411764705882354	1
PERICYAZINE	1	4	2	4.007780000000004	2	0	0	4	1	2	1	4	134	26	2	0	0.3809523809523809	1
ANAGRELIDE_HYDROCHLORIDE	1	4	2	1.9263	1	1	0	0	1	2	1	0	82	16	1	0	0.2	0
METAPROTERENOL	4	4	0	1.1291999999999998	1	0	0	4	0	0	4	4	84	15	1	0	0.4545454545454545	0
RAMIPRIL	2	7	1	2.3831999999999995	1	1	0	9	2	2	2	11	164	30	1	1	0.6086956521739131	0
CIPROFLOXACIN	2	6	1	1.5833	2	0	0	3	2	2	2	3	126	24	1	1	0.4117647058823529	0
THIETHYLPERAZINE	0	3	2	5.0388000000000055	2	0	0	6	1	2	0	6	144	27	2	0	0.4545454545454545	1
MIZORIBINE	5	9	1	-2.7009	1	1	0	3	1	1	6	3	100	18	0	0	0.5555555555555556	0
OLANZAPINE	1	4	2	3.439220000000004	2	0	0	0	1	2	1	1	114	22	1	0	0.35294117647058826	1
PEROSPIRONE	0	6	2	3.3737000000000017	2	2	0	6	3	3	0	6	160	30	1	1	0.6086956521739131	1
SPIRAPRIL	2	7	2	2.3908000000000005	1	1	0	9	2	2	2	11	170	31	1	0	0.5909090909090909	0
DESLORATADINE	1	2	1	4.018900000000003	2	0	0	0	1	2	1	0	112	22	1	0	0.3157894736842105	0
IOFLUPANE	0	3	2	3.1557000000000013	1	0	2	5	2	2	0	6	120	22	1	0	0.6111111111111112	1
METOLAZONE	2	6	1	2.7141199999999994	2	1	0	2	0	1	3	2	126	24	2	0	0.1875	0
DIGOXIN	6	14	4	2.218100000000001	0	0	0	7	7	8	6	7	312	55	0	4	0.9268292682926828	0
ACEBUTOLOL	3	6	0	2.3655	1	1	0	10	0	0	3	11	134	24	1	0	0.5555555555555556	0
DOXAPRAM	0	4	2	3.173300000000002	2	1	0	6	2	2	0	6	148	28	2	0	0.4583333333333333	1
COLISTIN_SULFATE	18	29	1	-5.8314999999999975	0	11	0	28	1	1	23	32	464	81	0	0	0.7884615384615384	0
PHENYTOIN	2	4	1	1.7696	2	3	0	2	1	1	2	2	94	19	2	0	0.06666666666666668	1
ATORVASTATIN_CALCIUM	4	7	0	6.313600000000008	4	1	0	12	0	0	4	13	214	41	3	0	0.2727272727272727	0
SULFASALAZINE	3	9	0	3.7016000000000018	3	0	0	6	0	0	3	6	142	28	2	0	0.0	0
LAMIVUDINE	2	6	1	-0.5941000000000005	1	0	0	2	1	1	3	2	82	15	0	0	0.5	0
CYCLOTHIAZIDE	3	7	1	1.2295000000000005	1	0	2	2	1	3	4	2	130	24	1	1	0.42857142857142855	0
BROMAZEPAM	1	4	1	2.6336000000000004	2	1	0	1	0	1	1	1	94	19	1	0	0.07142857142857142	1
LETROZOLE	0	5	0	2.659160000000001	3	0	0	3	0	0	0	3	104	22	2	0	0.05882352941176471	0
MERCAPTOPURINE	2	4	0	1.0154899999999998	2	0	0	0	0	0	2	0	50	10	0	0	0.0	0
TOLCAPONE	2	6	0	2.5454200000000022	2	0	0	3	0	0	2	3	102	20	2	0	0.07142857142857142	1
THIOPROPAZATE	0	5	2	4.513500000000004	2	0	0	7	1	2	0	8	160	30	2	0	0.43478260869565216	1
FLUFENAMIC	2	3	0	4.1472000000000016	2	0	0	3	0	0	2	4	104	20	2	0	0.07142857142857142	0
CHLOMETHIAZOLE	0	1	0	2.2328200000000002	1	0	0	2	0	0	0	2	50	9	0	0	0.5	1
DROPERIDOL	1	5	1	3.6784000000000026	3	0	0	6	0	1	1	6	144	28	2	0	0.2727272727272727	1
NALMEFENE	2	4	2	2.512500000000002	1	0	2	2	3	5	2	2	132	25	1	2	0.6190476190476191	1
ALFACALCIDOL	2	2	0	6.589800000000008	0	0	0	6	3	3	2	6	164	29	0	3	0.7777777777777778	0
PRIFINIUM	0	1	1	5.137300000000005	2	0	0	4	1	1	0	4	120	23	2	0	0.3636363636363637	0
BETAXOLOL_HYDROCHLORIDE	2	4	0	2.3934	1	0	0	11	1	1	2	11	124	22	1	1	0.6666666666666666	0
ISOTRETINOIN	1	2	0	5.602600000000005	0	0	0	5	0	1	1	5	120	22	0	0	0.45	0
SCOPOLAMINE	1	5	3	0.9180999999999993	1	0	2	4	3	3	1	5	118	22	1	0	0.5882352941176471	1
EMTRICITABINE	2	6	1	-0.4550000000000002	1	0	0	2	1	1	3	2	88	16	0	0	0.5	0
PROPYLTHIOURACIL	2	3	0	1.38499	1	0	0	2	0	0	2	2	60	11	0	0	0.42857142857142855	0
FLUNITRAZEPAM	0	6	1	2.5477000000000007	2	1	0	2	0	1	0	2	116	23	2	0	0.125	1
URACIL_MUSTARD	2	5	0	0.3472000000000001	1	0	0	5	0	0	2	5	84	15	0	0	0.5	0
DEFERIPRONE	1	3	0	0.39932	1	0	0	0	0	0	1	0	54	10	0	0	0.2857142857142857	0
DOXYCYCLINE	6	10	0	-0.34759999999999863	1	1	0	2	0	3	7	2	170	32	1	0	0.4090909090909091	0
ISOSORBIDE_MONONITRATE	1	7	2	-1.2781999999999996	0	0	0	2	2	2	1	2	74	13	0	0	1.0	0
VALGANCICLOVIR_HYDROCHLORIDE	4	11	0	-1.4366999999999974	2	0	0	8	0	0	6	9	138	25	0	0	0.5714285714285714	0
MELOXICAM	2	7	1	1.95092	2	1	0	2	0	1	2	3	120	23	1	0	0.14285714285714285	0
PROMETHAZINE	0	2	1	4.239400000000004	2	0	0	3	0	1	0	3	104	20	2	0	0.29411764705882354	1
ZATEBRADINE	0	7	1	3.212800000000001	2	1	0	11	0	1	0	11	180	33	2	0	0.5	0
NICOTINE	0	2	1	1.8483	1	0	0	1	1	1	0	1	64	12	0	0	0.5	1
TEMAZEPAM	1	4	1	2.472200000000001	2	1	0	1	0	1	1	1	106	21	2	0	0.125	1
PERPHENAZINE	1	4	2	3.942700000000003	2	0	0	6	1	2	1	6	144	27	2	0	0.42857142857142855	1
TRIENTINE_HYDROCHLORIDE	4	4	0	-1.9169999999999976	0	0	0	7	0	0	6	7	62	10	0	0	1.0	0
FUROSEMIDE	3	7	0	1.8907	2	0	0	5	0	0	4	5	112	21	1	0	0.08333333333333333	0
AMIODARONE_HYDROCHLORIDE	0	4	0	6.936200000000008	3	0	0	11	0	0	0	11	166	31	2	0	0.4	0
TICLOPIDINE_HYDROCHLORIDE	0	1	1	3.9598000000000018	2	0	0	2	0	1	0	2	88	17	1	0	0.2857142857142857	0
SULFAMETER	2	7	0	0.8681999999999999	2	0	0	4	0	0	3	4	100	19	1	0	0.09090909090909093	0
PHENPROCOUMON	1	3	0	4.0405000000000015	3	0	0	3	0	0	1	3	106	21	2	0	0.16666666666666666	0
PROTOKYLOL_HYDROCHLORIDE	4	6	1	2.0807	2	0	0	6	0	1	4	6	128	24	2	0	0.3333333333333333	0
MOLINDONE	1	4	1	1.96282	1	0	0	3	1	2	1	3	110	20	0	0	0.6875	1
HOMATROPINE_METHYLBROMIDE	1	4	2	-0.962999999999996	1	0	2	3	2	2	1	4	122	22	1	0	0.5882352941176471	0
ESTROPIPATE	1	5	0	3.293400000000002	1	0	0	2	2	3	1	2	130	24	1	2	0.6111111111111112	0
NEVIRAPINE	1	5	1	2.6512200000000004	2	1	0	1	1	2	1	1	100	20	0	1	0.26666666666666666	0
DILOXANIDE	1	3	0	2.1587	1	1	0	2	0	0	1	3	76	14	1	0	0.2222222222222222	0
DEXTROMORAMIDE	0	4	2	3.5634000000000023	2	1	0	6	2	2	0	7	154	29	2	0	0.48	1
FLUVASTATIN_SODIUM	3	5	0	4.6281000000000025	3	0	0	8	0	0	3	8	158	30	2	0	0.2916666666666667	0
FOSINOPRIL_SODIUM	1	8	1	6.121300000000009	1	1	0	14	2	2	1	16	218	39	1	1	0.7	0
TILUDRONATE_DISODIUM	4	6	0	2.0711000000000013	1	0	0	4	0	0	4	4	96	17	1	0	0.14285714285714285	0
VILOXAZINE	1	4	1	1.4525	1	0	0	5	1	1	1	5	94	17	1	0	0.5384615384615384	1
NALTREXONE	2	5	2	1.5254	1	0	2	2	3	5	2	2	132	25	1	2	0.65	1
BICALUTAMIDE	2	6	0	2.8795800000000016	2	1	0	5	0	0	2	7	154	29	2	0	0.2222222222222222	0
MEPARTRICIN	12	21	3	2.37480000000001	1	0	2	10	2	3	14	11	446	80	1	0	0.5932203389830508	0
IVERMECTIN	3	14	6	5.601400000000008	0	0	2	8	5	7	3	8	350	62	0	0	0.8125	0
CIPROFIBRATE	1	3	0	3.589800000000003	1	0	0	4	1	1	1	4	98	18	1	1	0.4615384615384616	0
LIOTHYRONINE	3	5	0	3.952700000000001	2	0	0	5	0	0	4	5	122	23	2	0	0.13333333333333333	0
FLUVOXAMINE	1	4	0	3.201500000000001	1	0	0	9	0	0	2	10	124	22	1	0	0.5333333333333333	1
DIFLUNISAL	2	3	0	3.0356000000000005	2	0	0	2	0	0	2	2	92	18	2	0	0.0	0
IDARUBICIN	5	10	1	1.0202999999999989	2	0	0	3	1	3	6	3	190	36	2	0	0.4230769230769231	0
SIBUTRAMINE	0	1	0	4.738000000000005	1	0	0	5	1	1	0	5	106	19	1	1	0.6470588235294118	1
ALLOPURINOL	2	5	0	-0.3538000000000001	2	0	0	0	0	0	2	0	50	10	0	0	0.0	0
GLICLAZIDE	2	6	1	1.6298200000000005	1	2	0	3	2	2	2	5	120	22	1	1	0.5333333333333333	0
SORBINIL	2	5	2	0.6428999999999999	1	3	0	0	1	2	2	0	88	17	1	0	0.2727272727272727	0
LEUCOVORIN	7	14	1	-0.3188000000000001	2	2	0	10	0	1	8	11	180	34	1	0	0.3	0
CILAZAPRIL	2	8	2	1.5955	1	1	0	8	2	2	2	9	164	30	1	0	0.5909090909090909	0
SULFISOXAZOLE_ACETYL	1	7	0	1.6154400000000002	2	1	0	3	0	0	2	4	112	21	1	0	0.2307692307692308	0
REMOXIPRIDE	1	5	1	2.680400000000001	1	1	0	6	1	1	1	7	122	22	1	0	0.5625	1
BETHANIDINE_SULFATE	2	3	0	0.9813999999999996	1	0	0	2	0	0	2	4	70	13	1	0	0.3	0
SULFAMETHOXAZOLE	2	6	0	1.36602	2	0	0	3	0	0	3	3	90	17	1	0	0.1	0
DOLASETRON	1	5	4	2.519	2	0	4	2	4	4	1	3	124	24	1	0	0.4736842105263158	1
NOVOBIOCIN_SODIUM	5	13	1	3.6271200000000015	3	2	0	8	1	1	6	10	236	44	2	0	0.3870967741935484	0
XYLOSE	4	5	0	-2.7397	0	0	0	4	0	0	4	4	60	10	0	0	0.8	0
BENPERIDOL	1	5	1	3.7687000000000026	3	0	0	6	1	1	1	6	146	28	2	0	0.3636363636363637	1
THIORIDAZINE	0	2	2	5.8856000000000055	2	0	0	4	1	2	0	4	132	25	2	0	0.42857142857142855	1
PHENOLPHTHALEIN	2	4	1	3.5601000000000016	3	0	0	2	0	1	2	2	118	24	3	0	0.05	0
AMISULPRIDE	2	7	1	1.2851000000000006	1	1	0	7	1	1	3	8	140	25	1	0	0.5882352941176471	1
SUCRALFATE	8	35	2	-6.821300000000003	0	0	0	20	2	2	8	20	322	54	0	0	1.0	0
TROLEANDOMYCIN	0	16	4	3.620900000000008	0	0	0	9	4	4	0	12	326	57	0	0	0.8780487804878049	0
BISOPROLOL_FUMARATE	2	5	0	2.3659	1	0	0	12	0	0	2	12	132	23	1	0	0.6666666666666666	0
MIDODRINE_HYDROCHLORIDE	3	6	0	-0.1878999999999994	1	1	0	6	0	0	4	7	100	18	1	0	0.4166666666666667	0
EMEPRONIUM	0	1	0	4.693400000000004	2	0	0	6	0	0	0	6	112	21	2	0	0.4	0
HALAZEPAM	0	3	1	4.086300000000001	2	1	0	2	0	1	0	3	124	24	2	0	0.17647058823529413	1
SETIPTILINE	0	1	1	3.837100000000003	2	0	0	0	0	2	0	0	100	20	2	0	0.2631578947368421	1
METHYLERGONOVINE	3	5	1	1.9247000000000003	2	1	0	4	0	2	3	5	132	25	1	0	0.45	0
PROCHLORPERAZINE	0	3	2	4.580200000000004	2	0	0	4	1	2	0	4	132	25	2	0	0.4	1
IOMAZENIL	0	6	1	2.2392000000000003	2	1	0	2	0	1	0	3	114	22	1	0	0.26666666666666666	1
CLONAZEPAM	1	6	1	3.0377000000000014	2	1	0	2	0	1	1	2	110	22	2	0	0.06666666666666668	1
FLUMAZENIL	0	6	1	1.7736999999999998	2	1	0	2	0	1	0	3	114	22	1	0	0.26666666666666666	1
ANISINDIONE	0	3	0	2.8580000000000005	2	0	0	2	0	1	0	2	94	19	2	0	0.125	0
HYDROCORTISONE	3	5	0	1.7816	0	0	0	2	3	4	3	2	144	26	0	3	0.8095238095238095	0
BROMOCRIPTINE	3	10	4	3.1928000000000023	2	3	0	5	3	5	3	6	230	43	1	0	0.59375	1
BEMETIZIDE	3	7	1	1.821	2	0	0	3	0	1	4	3	134	25	2	0	0.2	0
LIDOFLAZINE	1	4	1	5.750040000000006	3	1	0	9	1	1	1	10	190	36	3	0	0.3666666666666665	0
REBOXETINE	1	4	1	3.1938000000000004	2	0	0	6	1	1	1	6	122	23	2	0	0.3684210526315789	1
NEOSTIGMINE	0	4	0	1.9437	1	1	0	2	0	0	0	4	88	16	1	0	0.4166666666666667	0
CHLOROTRIANISENE	0	3	0	5.867800000000004	3	0	0	6	0	0	0	6	138	27	3	0	0.13043478260869565	0
COLCHICINE	1	7	0	2.8716000000000013	2	1	0	5	0	1	1	6	154	29	2	0	0.3636363636363637	0
GLISOLAMIDE	3	9	0	2.27612	2	3	0	7	1	1	3	10	162	30	1	1	0.45	0
DISTIGMINE	0	8	0	2.4574000000000007	2	2	0	9	0	0	0	13	162	30	0	0	0.4545454545454545	0
DEHYDROCHOLIC	1	5	0	4.073300000000003	0	0	0	4	4	4	1	4	160	29	0	4	0.8333333333333334	0
PRAZEPAM	0	3	1	3.934000000000003	2	1	0	3	1	2	0	3	116	23	2	1	0.2631578947368421	1
NITAZOXANIDE	1	8	0	2.2289000000000003	2	1	0	4	0	0	1	6	108	21	1	0	0.08333333333333333	0
PHENAZOCINE	1	2	1	4.159100000000005	2	0	2	3	1	2	1	3	126	24	2	0	0.4545454545454545	1
ATAZANAVIR	5	13	0	4.2116000000000025	3	4	0	14	0	0	5	22	276	51	2	0	0.4473684210526316	0
IPODATE	1	4	0	3.7390000000000025	1	0	0	5	0	0	1	5	104	19	1	0	0.3333333333333333	0
BENAZEPRIL	2	7	1	2.5731	2	1	0	9	0	1	2	10	164	31	2	0	0.375	0
PERGOLIDE	1	2	1	4.271100000000003	2	0	0	4	1	2	1	4	118	22	1	0	0.5789473684210527	1
ROSARAMICIN	2	10	3	2.6704000000000017	0	0	0	6	2	3	2	6	234	41	0	0	0.8387096774193549	0
BROXATEROL	2	4	0	1.8586	1	0	0	3	0	0	2	4	80	14	0	0	0.6666666666666666	0
PHENOBARBITAL/PHENOBARBITONE	2	5	1	0.7003999999999997	1	4	0	2	1	1	2	2	88	17	1	0	0.25	1
VARDENAFIL	1	10	1	2.0704199999999995	3	0	0	8	1	1	1	8	184	34	1	0	0.5217391304347826	0
BRIVUDINE	3	7	1	-0.4571	1	0	0	3	1	1	3	3	104	19	0	0	0.4545454545454545	0
DEMECLOCYCLINE_HYDROCHLORIDE	6	10	0	0.1082999999999998	1	0	0	1	2	3	7	1	170	32	1	2	0.3809523809523809	0
ISOPROPAMIDE_IODIDE	1	3	0	4.111500000000003	2	1	0	8	0	0	2	8	140	26	2	0	0.43478260869565216	0
CHLOROQUINE_PHOSPHATE	1	3	0	4.810600000000004	2	0	0	8	0	0	1	8	120	22	1	0	0.5	0
MEMANTINE	1	1	0	2.6941000000000006	0	0	4	0	4	4	2	0	74	13	0	4	1.0	1
SUMATRIPTAN	2	5	0	1.3211999999999997	2	0	0	6	0	0	2	6	110	20	1	0	0.42857142857142855	1
OXAZEPAM	2	4	1	2.447900000000001	2	1	0	1	0	1	2	1	100	20	2	0	0.06666666666666668	1
OXYPERTINE	1	5	1	3.858220000000004	3	0	0	6	1	1	1	6	148	28	2	0	0.39130434782608703	1
CHLORMETHIAZOLE	0	1	0	1.9244	1	0	0	2	0	0	0	2	44	8	0	0	0.4	1
PALONOSETRON	0	3	4	2.6565000000000007	1	1	2	1	3	5	0	1	116	22	1	0	0.631578947368421	1
CEFDITOREN_PIVOXIL	2	13	2	2.298119999999999	2	2	0	9	1	2	3	13	218	41	0	0	0.4	0
FLUOCORTOLONE	2	4	0	2.6367000000000016	0	0	0	2	3	4	2	2	148	27	0	3	0.7272727272727273	0
ERYTHRITYL	0	16	0	-1.4431999999999994	0	0	0	11	0	0	0	11	114	20	0	0	1.0	0
TRIAMCINOLONE	4	6	0	0.6204999999999998	0	0	0	2	3	4	4	2	154	28	0	3	0.7142857142857143	0
NICORANDIL	1	7	0	0.01969999999999944	1	1	0	5	0	0	1	6	80	15	0	0	0.25	0
PREGABALIN	2	3	0	1.0821	0	0	0	5	0	0	3	5	66	11	0	0	0.875	1
GEMIFLOXACIN	2	9	1	0.966	2	0	0	5	2	2	3	5	148	28	0	1	0.4444444444444444	0
EPALRESTAT	1	4	1	2.918700000000001	1	1	0	4	1	1	1	4	108	21	1	0	0.13333333333333333	0
FLUPIRTINE	3	6	0	2.9834000000000014	2	1	0	5	0	0	4	7	116	22	1	0	0.2	1
FENOTEROL	5	5	0	2.0576	2	0	0	6	0	0	5	6	118	22	2	0	0.29411764705882354	0
QUINESTROL	1	2	0	5.228400000000006	1	0	0	2	3	4	1	2	144	27	1	3	0.68	0
LEVODROPROPIZINE	2	4	1	0.16179999999999994	1	0	0	4	1	1	2	4	94	17	1	0	0.5384615384615384	0
DIPHENHYDRAMINE	0	2	0	3.3542000000000023	2	0	0	6	0	0	0	6	100	19	2	0	0.29411764705882354	1
FENTANYL	0	3	1	4.136700000000004	2	1	0	6	1	1	0	7	132	25	2	0	0.4090909090909091	1
CHLORDIAZEPOXIDE	1	4	1	1.8492	2	0	0	1	0	1	1	1	106	21	2	0	0.125	1
PARALDEHYDE	0	3	1	1.0878	0	0	0	0	1	1	0	0	54	9	0	0	1.0	1
ESTRADIOL	2	2	0	3.6092000000000017	1	0	0	0	2	3	2	0	108	20	1	2	0.6666666666666666	0
ACETAZOLAMIDE	2	7	0	-0.8561000000000003	1	1	0	2	0	0	3	3	72	13	0	0	0.25	1
CINOLAZEPAM	1	5	1	2.8951800000000016	2	1	0	3	0	1	1	3	126	25	2	0	0.16666666666666666	1
ONDANSETRON	0	4	0	3.1285200000000017	3	0	0	2	0	1	0	2	112	22	1	0	0.3333333333333333	1
BEVANTOLOL	2	5	0	2.584220000000001	2	0	0	10	0	0	2	10	136	25	2	0	0.4	0
PANTOTHENIC	4	6	0	-1.0432999999999997	0	1	0	6	0	0	4	7	88	15	0	0	0.7777777777777778	0
SULINDAC	1	3	0	4.365500000000004	2	0	0	4	0	1	1	4	128	25	2	0	0.15	0
CORTISONE_ACETATE	2	5	0	1.9898	0	0	0	2	3	4	2	2	142	26	0	3	0.7619047619047619	0
CLIDINIUM_BROMIDE	1	4	3	2.7045000000000003	2	0	2	4	3	3	1	5	136	26	2	0	0.4090909090909091	0
LACTULOSE	8	11	1	-5.552999999999992	0	0	0	8	1	1	8	8	136	23	0	0	0.9166666666666666	0
HYDROMORPHONE	1	4	2	1.6303	1	0	2	0	2	4	1	0	110	21	1	1	0.5882352941176471	1
MEFENAMIC_ACID	2	3	0	3.7452400000000017	2	0	0	3	0	0	2	3	92	18	2	0	0.13333333333333333	0
MEPHENYTOIN	1	4	1	1.4735000000000005	1	3	0	2	1	1	1	2	84	16	1	0	0.3333333333333333	1
PENTOXIFYLLINE	0	7	0	0.1929999999999996	2	0	0	5	0	0	0	5	108	20	0	0	0.5384615384615384	0
RIZATRIPTAN	1	5	0	1.9118	3	0	0	5	0	0	1	5	104	20	1	0	0.3333333333333333	1
TRANEXAMIC_ACID	2	3	0	0.8361000000000001	0	0	0	2	1	1	3	2	64	11	0	1	0.875	0
ACITRETIN	1	3	0	5.167060000000005	1	0	0	6	0	0	1	6	128	24	1	0	0.2857142857142857	0
DIETHYLSTILBESTROL_DIPHOSPHATE	2	2	0	4.828600000000005	2	0	0	4	0	0	2	4	104	20	2	0	0.2222222222222222	0
GALANTAMINE	1	4	2	1.8503000000000005	1	0	0	1	0	3	1	1	112	21	1	0	0.5294117647058824	1
MEBENDAZOLE	2	6	0	2.9722000000000013	3	1	0	3	0	0	2	5	110	22	2	0	0.0625	0
HYDROXYZINE	1	4	1	3.0559000000000016	2	0	0	8	1	1	1	8	140	26	2	0	0.42857142857142855	1
CYSTEAMINE_BITARTRATE	2	1	0	-0.12509999999999988	0	0	0	1	0	0	2	1	26	4	0	0	1.0	0
PROTRIPTYLINE	1	1	0	4.301900000000003	2	0	0	4	0	1	1	4	102	20	2	0	0.2631578947368421	1
IOCETAMIC_ACID	2	5	0	3.156200000000001	1	1	0	4	0	0	3	5	110	20	1	0	0.3333333333333333	0
DIOSMIN	8	15	2	-1.0897000000000006	3	0	0	7	2	2	8	7	234	43	2	0	0.4642857142857143	0
LINCOMYCIN_HYDROCHLORIDE	5	8	2	-0.8569999999999969	0	1	0	7	2	2	5	8	158	27	0	0	0.9444444444444444	0
THIOTHIXENE	0	5	2	3.4707000000000017	2	0	0	5	1	2	0	5	160	30	2	0	0.39130434782608703	1
TRIAMTERENE	3	7	0	0.8333999999999999	3	0	0	1	0	0	6	1	94	19	1	0	0.0	0
RACECADOTRIL	1	5	0	2.9846000000000013	2	1	0	9	0	0	1	12	142	27	2	0	0.2857142857142857	0
LORAZEPAM	2	4	1	3.101300000000001	2	1	0	1	0	1	2	1	106	21	2	0	0.06666666666666668	1
MEPTAZINOL	1	2	1	3.1557000000000017	1	0	0	2	1	1	1	2	94	17	1	0	0.6	1
RIBOFLAVIN	5	10	2	-1.7235599999999989	1	0	0	5	0	2	5	5	144	27	1	0	0.4117647058823529	0
TRIDIHEXETHYL_CHLORIDE	1	2	0	4.721100000000004	1	0	0	8	1	1	1	8	130	23	1	1	0.7142857142857143	0
FROVATRIPTAN	3	4	0	1.3435	2	1	0	2	0	1	4	2	94	18	1	0	0.35714285714285715	0
FLUOXYMESTERONE	2	3	0	3.3322000000000016	0	0	0	0	3	4	2	0	134	24	0	3	0.85	0
CELECOXIB	1	5	0	3.513920000000001	3	0	0	3	0	0	2	4	136	26	2	0	0.1176470588235294	0
AZACITIDINE	4	9	1	-3.167999999999999	1	0	0	2	1	1	5	2	94	17	0	0	0.625	0
PHENINDIONE	0	2	0	2.849400000000001	2	0	0	1	0	1	0	1	82	17	2	0	0.06666666666666668	0
ROPINIROLE	1	3	1	2.845700000000001	1	1	0	7	0	1	1	7	104	19	1	0	0.5625	1
BUPROPION	1	2	0	3.2993000000000023	1	0	0	3	0	0	1	4	88	16	1	0	0.4615384615384616	1
IOHEXOL	8	12	0	-1.6274999999999986	1	3	0	12	0	0	8	15	192	34	1	0	0.5263157894736842	0
HEXOCYCLIUM_METHYLSULFATE	1	3	1	2.8465000000000007	1	0	0	4	2	2	1	4	128	23	1	1	0.7	0
CARBENICILLIN_INDANYL_SODIUM	2	8	2	2.4962	2	2	0	6	2	3	2	8	182	35	2	0	0.38461538461538464	0
EPROSARTAN_MESYLATE	2	6	0	4.744400000000003	3	0	0	10	0	0	2	10	156	30	1	0	0.2608695652173913	0
ENOXACIN	2	7	1	0.6633000000000002	2	0	0	3	1	1	2	3	122	23	0	0	0.4	0
ALPRAZOLAM	0	4	1	3.5801200000000017	3	0	0	1	0	1	0	1	108	22	2	0	0.1176470588235294	1
MEPROBAMATE	2	6	0	0.9834000000000004	0	2	0	6	0	0	4	8	88	15	0	0	0.7777777777777778	1
ANISOTROPINE	0	3	2	3.5158000000000023	0	0	2	6	2	2	0	7	116	20	0	0	0.9411764705882352	0
RITONAVIR	4	11	0	5.905200000000005	4	4	0	17	0	0	4	22	268	50	2	0	0.4324324324324325	0
VITAMIN	1	2	1	8.840260000000002	1	0	0	12	0	1	1	12	178	31	1	0	0.7931034482758621	0
PREDNISOLONE	3	5	0	1.5576	0	0	0	2	3	4	3	2	142	26	0	3	0.7142857142857143	0
OTILONIUM	1	6	0	6.321400000000009	2	1	0	16	0	0	1	18	192	35	2	0	0.5172413793103449	0
OXOLINIC	1	6	1	1.4483	2	0	0	2	0	1	1	2	98	19	1	0	0.2307692307692308	0
ROPIVACAINE	1	3	1	3.5064400000000018	1	1	0	4	1	1	1	5	110	20	1	0	0.5882352941176471	1
PINAVERIUM	0	5	1	5.2923000000000044	1	0	2	10	4	4	0	10	180	32	1	3	0.7692307692307693	0
AZITHROMYCIN_DIHYDRATE	5	14	3	1.9007000000000047	0	0	0	7	3	3	5	7	306	52	0	0	0.9736842105263158	0
LACTITOL	9	11	1	-5.761199999999992	0	0	0	8	1	1	9	8	138	23	0	0	1.0	0
AMBENONIUM_CHLORIDE	2	6	0	4.639200000000005	2	2	0	14	0	0	2	17	198	36	2	0	0.5	0
CARBETAPENTANE	0	4	0	3.4000000000000017	1	0	0	10	1	1	0	11	134	24	1	1	0.65	0
PIROXICAM	2	7	1	1.5810000000000002	2	1	0	2	0	1	2	3	118	23	1	0	0.06666666666666668	0
TIMOLOL_MALEATE	2	7	1	0.5024999999999997	1	0	0	6	1	1	2	7	120	21	0	0	0.8461538461538461	0
CLARITHROMYCIN	4	14	3	2.4397000000000046	0	0	0	8	3	3	4	8	304	52	0	0	0.9473684210526316	0
FENFLURAMINE	1	1	0	3.2459000000000024	1	0	0	4	0	0	1	5	90	16	1	0	0.5	1
ASTEMIZOLE	1	5	1	5.351300000000005	4	0	0	8	1	1	1	8	176	34	3	0	0.32142857142857145	0
TANDOSPIRONE	0	7	2	1.4098999999999997	1	2	2	6	4	4	0	6	150	28	0	2	0.7142857142857143	1
IMIPRAMINE	0	2	1	3.875000000000004	2	0	0	4	0	1	0	4	110	21	2	0	0.3684210526315789	1
HALOFANTRINE_HYDROCHLORIDE	1	2	0	8.644300000000001	3	0	0	10	0	0	1	11	180	33	3	0	0.4615384615384616	0
ERYTHROMYCIN	5	14	3	1.785600000000004	0	0	0	7	3	3	5	7	298	51	0	0	0.9459459459459459	0
LORMETAZEPAM	1	4	1	3.1256000000000017	2	1	0	1	0	1	1	1	112	22	2	0	0.125	1
TRIMEPRAZINE	0	2	1	4.4870000000000045	2	0	0	4	0	1	0	4	110	21	2	0	0.3333333333333333	1
REBAMIPIDE	3	6	0	2.6072000000000006	3	1	0	5	0	0	3	6	132	26	2	0	0.10526315789473684	0
MEFLOQUINE	2	3	1	4.4479000000000015	2	0	0	2	1	1	2	4	142	26	1	0	0.4705882352941176	0
MESORIDAZINE	0	3	2	4.901100000000005	2	0	0	4	1	2	0	4	138	26	2	0	0.42857142857142855	1
AMITRIPTYLINE	0	1	0	4.168600000000003	2	0	0	3	0	1	0	3	108	21	2	0	0.3	1
DIPYRIDAMOLE	4	12	2	-0.017599999999997284	2	0	0	12	2	2	4	12	200	36	0	0	0.75	0
POLYTHIAZIDE	2	7	1	1.655	1	0	0	4	0	1	3	5	142	25	1	0	0.4545454545454545	0
TIRAPAZAMINE	1	6	0	-0.9162000000000003	2	0	0	0	0	0	2	0	66	13	1	0	0.0	0
TENOXICAM	2	7	1	1.6425	2	1	0	2	0	1	2	3	114	22	0	0	0.07692307692307693	0
BUNAZOSIN	1	8	1	2.068	2	1	0	5	1	1	2	6	146	27	1	0	0.5263157894736842	0
LEVOCARNITINE	2	4	0	-0.4718000000000007	0	0	0	4	0	0	2	4	66	11	0	0	0.8571428571428571	0
ANASTROZOLE	0	5	0	2.9287600000000014	2	0	0	4	0	0	0	4	112	22	1	0	0.4117647058823529	0
MOCLOBEMIDE	1	4	1	1.4019999999999997	1	1	0	4	1	1	1	5	98	18	1	0	0.4615384615384616	1
ETODOLAC	2	4	1	3.3830000000000013	2	0	0	4	0	1	2	4	112	21	1	0	0.4705882352941176	0
AMINOSALICYLIC_ACID	3	4	0	0.6726000000000001	1	0	0	1	0	0	4	1	58	11	1	0	0.0	0
SATIGREL	1	5	0	3.8940800000000015	2	0	0	7	0	0	1	7	128	25	2	0	0.2	0
GLIPIZIDE	3	9	0	2.07812	2	3	0	7	1	1	3	10	166	31	1	1	0.42857142857142855	0
TRIAMCINOLONE_DIACETATE	2	8	0	1.7620999999999996	0	0	0	4	3	4	2	6	186	34	0	3	0.68	0
CYCLIZINE	0	2	1	3.0234000000000014	2	0	0	3	1	1	0	3	104	20	2	0	0.3333333333333333	1
BREQUINAR	1	3	0	5.853620000000004	4	0	0	3	0	0	1	3	138	28	3	0	0.043478260869565216	0
CYCLOPHOSPHAMIDE	1	4	1	1.884	0	0	0	5	1	1	1	5	84	14	0	0	1.0	0
CROMOLYN_SODIUM	3	11	0	2.1145	4	0	0	8	0	0	3	8	174	34	2	0	0.13043478260869565	0
IBANDRONATE	5	8	0	0.4999999999999996	0	0	0	9	0	0	5	9	116	19	0	0	1.0	0
ZALCITABINE	2	6	1	-0.5046000000000008	1	0	0	2	1	1	3	2	82	15	0	0	0.5555555555555556	0
DIRITHROMYCIN	5	16	4	2.201700000000009	0	0	2	12	4	4	5	12	340	58	0	0	0.9761904761904762	0
TRILOSTANE	2	4	1	3.466880000000002	0	0	0	0	4	5	2	0	130	24	0	3	0.85	0
RILMENIDINE	1	3	1	1.1507999999999998	0	0	0	3	2	3	1	4	72	13	0	2	0.9	0
TELITHROMYCIN	1	15	3	4.929200000000005	2	1	0	11	3	3	1	11	322	58	0	0	0.7209302325581395	0
ALPIDEM	0	4	0	5.4992000000000045	3	1	0	7	0	0	0	8	142	27	1	0	0.3333333333333333	1
ISRADIPINE	1	8	1	2.5822000000000003	2	0	0	4	0	1	1	6	142	27	1	0	0.3684210526315789	0
IPRIFLAVONE	0	3	0	4.247200000000003	3	0	0	3	0	0	0	3	106	21	2	0	0.16666666666666666	0
FLUTAMIDE	1	5	0	3.2081000000000017	1	1	0	3	0	0	1	5	104	19	1	0	0.3636363636363637	0
NEFOPAM	0	2	1	3.2380000000000018	2	0	0	1	0	1	0	1	98	19	2	0	0.29411764705882354	1
ALOSETRON	1	5	1	2.4083200000000007	3	1	0	2	0	1	1	2	112	22	1	0	0.29411764705882354	0
MEPERIDINE	0	3	1	2.2131	1	0	0	3	1	1	0	4	98	18	1	0	0.5333333333333333	1
PIOGLITAZONE	1	5	1	3.159600000000001	2	2	0	7	1	1	1	7	130	25	1	0	0.3157894736842105	0
TELMISARTAN	1	6	0	7.264420000000008	6	0	0	7	0	0	1	7	194	39	4	0	0.18181818181818185	0
DICLOXACILLIN_SODIUM	2	8	2	3.2021200000000016	2	2	0	4	2	2	2	5	158	30	1	0	0.3684210526315789	0
OXANDROLONE	1	3	1	3.5431000000000026	0	0	0	0	4	4	1	0	124	22	0	3	0.9473684210526316	0
CIMETIDINE	3	6	0	0.5974	1	0	0	5	0	0	3	7	92	17	0	0	0.5	0
MARIMASTAT	5	8	0	-0.20809999999999906	0	3	0	7	0	0	5	11	134	23	0	0	0.8	0
CEPHALOGLYCIN	3	9	2	-0.011899999999999187	1	2	0	6	1	2	4	8	148	28	1	0	0.3333333333333333	0
FLUDROCORTISONE_ACETATE	3	5	0	1.8737	0	0	0	2	3	4	3	2	150	27	0	3	0.8095238095238095	0
MESNA	2	3	0	-0.19599999999999984	0	0	0	2	0	0	1	2	44	7	0	0	1.0	0
SILDENAFIL_CITRATE	1	10	1	1.6109	3	0	0	7	1	1	1	7	178	33	1	0	0.5	0
REMIFENTANIL	0	7	1	2.0003	1	1	0	7	1	1	0	10	148	27	1	0	0.55	1
KANAMYCIN_SULFATE	11	15	2	-7.2913999999999985	0	0	0	6	3	3	15	6	194	33	0	1	1.0	0
GEMFIBROZIL	1	3	0	3.573240000000002	1	0	0	6	0	0	1	6	100	18	1	0	0.5333333333333333	0
ACETOPHENAZINE	1	5	2	3.4919000000000042	2	0	0	7	1	2	1	7	154	29	2	0	0.43478260869565216	1
AMPHOTERICIN_B	12	18	3	0.7117000000000075	0	0	2	3	2	3	13	3	368	65	0	0	0.6595744680851063	0
LANSOPRAZOLE	1	5	0	3.515220000000001	3	0	0	5	0	0	1	6	132	25	1	0	0.25	0
AMANTADINE	1	1	0	1.9139	0	0	4	0	4	4	2	0	62	11	0	4	1.0	1
PERFLUBRON	0	0	0	6.348200000000002	0	0	0	6	0	0	0	7	158	26	0	0	1.0	0
CLOTRIMAZOLE	0	2	0	5.376700000000002	4	0	0	4	0	0	0	4	122	25	3	0	0.045454545454545456	0
NYLIDRIN	3	3	0	3.4250000000000016	2	0	0	7	0	0	3	7	118	22	2	0	0.3684210526315789	0
INDOMETACIN	0	5	0	8.805120000000002	3	0	0	12	0	0	0	14	212	40	2	0	0.35294117647058826	0
ROSIGLITAZONE_MALEATE	1	6	1	2.490900000000001	2	2	0	7	1	1	1	7	130	25	1	0	0.2777777777777778	0
EBASTINE	0	3	1	7.217600000000008	3	0	0	9	1	1	0	10	184	35	3	0	0.40625	0
FOLIC_ACID	6	13	0	-0.04479999999999952	3	1	0	9	0	0	7	10	166	32	1	0	0.21052631578947367	0
OXYPHENBUTAZONE	1	5	1	3.4934000000000016	2	2	0	5	1	1	1	5	124	24	2	0	0.2631578947368421	0
SODIUM_PHENYLBUTYRATE	1	2	0	2.0939	1	0	0	4	0	0	1	4	64	12	1	0	0.3	0
ESTRAMUSTINE	1	4	0	5.182000000000007	1	1	0	5	2	3	1	7	160	29	1	2	0.6956521739130435	0
TOREMIFENE_CITRATE	0	2	0	6.215000000000006	3	0	0	9	0	0	0	9	150	29	3	0	0.2307692307692308	0
ACETAMINOPHEN/PARACETAMOL	2	3	0	1.3505999999999998	1	1	0	1	0	0	2	2	58	11	1	0	0.125	1
METIXENE	0	1	2	5.015000000000005	2	0	0	2	1	2	0	2	114	22	2	0	0.4	1
CYCLANDELATE	1	3	0	3.4780000000000024	1	0	0	3	1	1	1	4	110	20	1	1	0.5882352941176471	0
CEFDINIR	4	10	2	-0.17180000000000062	1	2	0	5	1	2	5	6	136	26	0	0	0.21428571428571427	0
CARPHENAZINE	1	5	2	3.882000000000003	2	0	0	8	1	2	1	8	160	30	2	0	0.4583333333333333	1
METHOTRIMEPRAZINE	0	3	1	4.495600000000005	2	0	0	5	0	1	0	5	122	23	2	0	0.3684210526315789	1
GLISOXEPIDE	3	10	1	1.7344199999999994	2	3	0	7	1	1	3	10	168	31	1	0	0.45	0
TYROPANOATE_SODIUM	2	4	0	4.892300000000003	1	1	0	7	0	0	2	8	122	22	1	0	0.4666666666666667	0
AZATADINE	0	2	1	3.7077000000000018	2	0	0	0	1	2	0	0	112	22	1	0	0.35	1
NICARDIPINE_HYDROCHLORIDE	1	9	1	3.677800000000003	2	0	0	9	0	1	1	11	184	35	2	0	0.3076923076923077	0
CLEBOPRIDE	2	5	1	3.3252000000000024	2	1	0	5	1	1	3	6	138	26	2	0	0.35	0
GANCICLOVIR	4	9	0	-1.9708999999999992	2	0	0	5	0	0	5	5	98	18	0	0	0.4444444444444444	0
TIPRANAVIR	2	7	1	7.325500000000009	3	0	0	11	0	1	2	12	224	42	2	0	0.3548387096774194	0
NALOXONE	2	5	2	1.3014	1	0	2	2	2	4	2	2	126	24	1	1	0.5263157894736842	1
TRIOXSALEN	0	3	0	3.4644600000000016	3	0	0	0	0	0	0	0	86	17	1	0	0.21428571428571427	0
NATEGLINIDE	2	4	0	3.2609000000000012	1	1	0	6	1	1	2	7	126	23	1	1	0.5789473684210527	0
OXYBUTYNIN	1	4	0	3.342900000000002	1	0	0	7	1	1	1	8	142	26	1	1	0.5909090909090909	0
NILUTAMIDE	1	7	1	2.4484000000000004	1	3	0	2	1	1	1	3	118	22	1	0	0.3333333333333333	0
PHENOPERIDINE	1	4	1	3.7070000000000025	2	0	0	7	1	1	1	8	144	27	2	0	0.43478260869565216	1
PHENDIMETRAZINE	0	2	1	2.0782	1	0	0	1	1	1	0	1	76	14	1	0	0.5	1
ETHACRYNIC_ACID	1	4	0	3.6057000000000015	1	0	0	6	0	0	1	6	102	19	1	0	0.2307692307692308	0
ROSOXACIN	1	5	0	2.781600000000002	3	0	0	3	0	0	1	3	110	22	1	0	0.1176470588235294	0
NEMONAPRIDE	2	5	1	3.783100000000002	2	1	0	6	1	1	2	7	144	27	2	0	0.3809523809523809	1
HYDROCODONE	0	4	2	1.9333	1	0	2	1	2	4	0	1	116	22	1	1	0.6111111111111112	1
BENZHEXOL	1	2	1	4.330500000000004	1	0	0	5	2	2	1	5	122	22	1	1	0.7	1
FORMOTEROL	4	6	0	2.2233	2	1	0	9	0	0	4	9	134	25	2	0	0.3157894736842105	0
TADALAFIL	1	7	3	2.2113	3	2	0	1	1	3	1	1	146	29	2	0	0.2727272727272727	0
MELPHALAN	2	4	0	1.925	1	0	0	8	0	0	3	8	106	19	1	0	0.4615384615384616	0
ETIDRONATE_DISODIUM	5	7	0	-0.9922000000000002	0	0	0	2	0	0	5	2	68	11	0	0	1.0	0
ADEFOVIR_DIPIVOXIL	1	13	0	2.702500000000001	2	0	0	11	0	0	2	15	190	34	0	0	0.65	0
DELAVIRDINE_MESYLATE	3	9	1	2.7171000000000003	3	1	0	6	1	1	3	7	170	32	1	0	0.3636363636363637	0
DIHYDROTACHYSTEROL	1	1	0	7.720900000000008	0	0	0	5	3	3	1	5	164	29	0	3	0.7857142857142857	0
RIFAMPIN	6	16	4	4.3354200000000045	2	1	5	4	1	4	6	5	322	59	2	0	0.5348837209302325	0
BUDESONIDE	2	6	1	2.716800000000001	0	0	0	4	4	5	2	4	170	31	0	3	0.76	0
MORICIZINE_HYDROCHLORIDE	1	7	2	4.106600000000003	2	2	0	5	1	2	1	8	158	30	2	0	0.3636363636363637	0
FLUOXETINE	1	2	0	4.435000000000003	2	0	0	6	0	0	1	7	118	22	2	0	0.29411764705882354	1
CEFTIBUTEN_DIHYDRATE	4	10	2	-0.048199999999999854	1	2	0	6	1	2	5	7	142	27	0	0	0.26666666666666666	0
EPHEDRINE	2	2	0	1.3279	1	0	0	3	0	0	2	3	66	12	1	0	0.4	1
PROGLUMETACIN	1	13	1	6.164220000000006	4	2	0	21	1	1	1	26	322	60	3	0	0.4565217391304348	0
OLMESARTAN_MEDOXOMIL	3	9	0	3.6566000000000014	4	0	0	8	0	0	3	8	170	33	2	0	0.2916666666666667	0
CAPECITABINE	3	9	1	0.7602	1	1	0	6	1	1	3	8	140	25	0	0	0.6666666666666666	0
TROFOSFAMIDE	0	4	1	2.8352000000000013	0	0	0	7	1	1	0	7	102	17	0	0	1.0	0
METHYLTESTOSTERONE	1	2	0	4.269300000000004	0	0	0	0	3	4	1	0	122	22	0	3	0.85	0
METHYCLOTHIAZIDE	2	7	1	0.5983000000000003	1	0	0	2	0	1	3	2	112	20	1	0	0.3333333333333333	0
SULFAMETHIZOLE	2	6	0	1.2295199999999995	2	0	0	3	0	0	3	3	90	17	1	0	0.1111111111111111	0
NAFCILLIN_SODIUM	2	7	2	2.9401	2	2	0	5	2	2	2	6	152	29	2	0	0.3809523809523809	0
ACENOCOUMAROL	1	7	0	3.5178000000000016	3	0	0	5	0	0	1	5	132	26	2	0	0.15789473684210525	0
FLAVOXATE	0	5	1	4.411120000000004	3	0	0	5	1	1	0	6	150	29	2	0	0.3333333333333333	0
ARBIDOL	1	5	0	5.177000000000005	3	0	0	7	0	0	1	8	154	29	2	0	0.3181818181818182	0
DIAZEPAM	0	3	1	3.1538000000000017	2	1	0	1	0	1	0	1	100	20	2	0	0.125	1
DUTASTERIDE	2	4	1	6.576100000000006	1	2	0	2	3	4	2	5	202	37	1	3	0.6296296296296297	0
DOXAZOSIN_MESYLATE	1	10	2	1.7177999999999995	3	1	0	4	1	2	2	5	172	33	2	0	0.3478260869565217	0
AMBROXOL	3	3	0	3.1869000000000014	1	0	0	3	1	1	4	3	100	18	1	1	0.5384615384615384	0
RISPERIDONE	0	6	2	3.5904200000000026	3	0	0	4	1	2	0	4	158	30	1	0	0.5217391304347826	1
TAMSULOSIN_HYDROCHLORIDE	2	7	0	2.3409	2	0	0	11	0	0	3	11	154	28	2	0	0.4	0
METHYLPREDNISOLONE	3	5	0	1.8036000000000003	0	0	0	2	3	4	3	2	148	27	0	3	0.7272727272727273	1
DELORAZEPAM	1	3	1	3.7829000000000015	2	1	0	1	0	1	1	1	100	20	2	0	0.06666666666666668	1
BUTOBARBITONE	2	5	1	0.7948999999999998	0	4	0	3	1	1	2	3	84	15	0	0	0.7	1
ISOCARBOXAZID	2	5	0	1.41762	2	1	0	4	0	0	2	5	88	17	1	0	0.16666666666666666	1
DOFETILIDE	2	8	0	1.9829	2	0	0	11	0	0	2	11	160	29	2	0	0.3684210526315789	0
PHENAZOPYRIDINE	2	5	0	2.6613999999999995	2	0	0	2	0	0	4	2	80	16	1	0	0.0	0
TRICLOFOS_SODIUM	2	4	0	1.4658999999999998	0	0	0	2	0	0	2	3	62	10	0	0	1.0	0
OXYCODONE	1	5	2	1.0481999999999998	1	0	2	1	2	4	1	1	122	23	1	1	0.6111111111111112	1
NIZOFENONE	0	7	0	4.506700000000005	3	0	0	8	0	0	0	8	150	29	2	0	0.2380952380952381	1
AMOXICILLIN	4	8	2	0.023700000000000443	1	2	0	4	2	2	5	5	134	25	1	0	0.4375	0
BENDROFLUMETHIAZIDE	3	7	1	1.6254	2	0	0	3	0	1	4	4	146	27	2	0	0.2	0
SIMVASTATIN	1	5	1	4.585600000000005	0	0	0	6	1	3	1	7	168	30	0	0	0.76	0
RIFAPENTINE	6	16	4	5.648220000000008	2	1	5	5	2	5	6	6	344	63	2	1	0.5744680851063829	0
VANCOMYCIN_HYDROCHLORIDE	18	32	7	1.1968000000000056	5	6	11	13	2	7	20	14	542	101	5	0	0.4328358208955224	0
NORETHINDRONE	1	2	0	3.4925000000000024	0	0	0	0	3	4	1	0	118	22	0	3	0.75	0
PHENACEMIDE	2	4	0	0.4240000000000001	1	3	0	2	0	0	3	4	68	13	1	0	0.1111111111111111	1
MEPYRAMINE	0	4	0	2.6584000000000003	2	0	0	7	0	0	0	7	112	21	1	0	0.35294117647058826	1
CICLETANINE	1	3	1	3.3686200000000017	2	0	0	1	0	1	1	1	92	18	1	0	0.21428571428571427	0
PROBENECID	1	5	0	2.1955	1	0	0	7	0	0	1	7	106	19	1	0	0.4615384615384616	0
TRANYLCYPROMINE	1	1	0	1.5012	1	0	0	1	1	1	2	1	52	10	1	1	0.3333333333333333	1
ROSUVASTATIN	3	9	0	2.401700000000001	2	0	0	10	0	0	3	10	180	33	1	0	0.4090909090909091	0
CHLORDIAZEPOXIDE	1	4	1	2.950700000000001	2	0	0	1	0	1	1	2	106	21	2	0	0.125	1
TETRACYCLINE_HYDROCHLORIDE	6	10	0	-0.2143999999999982	1	1	0	2	0	3	7	2	170	32	1	0	0.4090909090909091	0
TOCAINIDE_HYDROCHLORIDE	2	3	0	1.5891399999999998	1	1	0	2	0	0	3	3	76	14	1	0	0.3636363636363637	0
SULTHIAME	1	6	1	0.2640000000000001	1	0	0	2	1	1	2	2	100	18	1	0	0.4	1
LEFLUNOMIDE	1	4	0	3.2541200000000012	2	1	0	2	0	0	1	4	100	19	1	0	0.16666666666666666	0
CARBAMAZEPINE	1	3	1	3.3872000000000018	2	2	0	0	0	1	2	1	88	18	2	0	0.0	1
FELBAMATE	2	6	0	0.9608000000000004	1	2	0	5	0	0	4	7	92	17	1	0	0.2727272727272727	1
CHLORZOXAZONE	1	3	0	1.7744999999999995	2	0	0	0	0	0	1	0	56	11	1	0	0.0	1
AMINOCAPROIC_ACID	2	3	0	0.5901000000000001	0	0	0	5	0	0	3	5	54	9	0	0	0.8333333333333334	0
DESIPRAMINE	1	2	1	3.5328000000000026	2	0	0	4	0	1	1	4	104	20	2	0	0.3333333333333333	1
TIOPRONIN	3	4	0	-0.4945000000000005	0	1	0	3	0	0	2	4	58	10	0	0	0.6	0
PIMOZIDE	1	4	1	5.8570000000000055	4	0	0	7	1	1	1	7	176	34	3	0	0.32142857142857145	1
CEFETAMET	3	10	2	-0.16569999999999918	1	2	0	5	1	2	4	6	138	26	0	0	0.35714285714285715	0
MYCOPHENOLATE_MOFETIL	1	8	2	2.524020000000001	1	0	0	9	1	2	1	10	170	31	1	0	0.5652173913043478	0
BEZAFIBRATE	2	5	0	3.5545000000000013	2	1	0	7	0	0	2	8	132	25	2	0	0.2631578947368421	0
TETRAZEPAM	1	3	1	3.4475000000000025	1	1	0	1	0	2	1	1	106	20	1	0	0.4375	1
DIHYDROCODEINE	1	4	2	1.7251	1	0	2	1	2	4	1	1	118	22	1	1	0.6666666666666666	1
BEXAROTENE	1	2	0	6.103720000000006	2	0	0	3	0	1	1	3	136	26	2	0	0.375	0
FAMOTIDINE	5	9	0	-0.5583299999999984	1	0	0	7	0	0	8	8	112	20	0	0	0.375	0
FRAMYCETIN	13	19	3	-8.895300000000018	0	0	0	9	4	4	19	9	246	42	0	1	1.0	0
ETILEFRINE	3	3	0	1.0351	1	0	0	4	0	0	3	4	72	13	1	0	0.4	0
PYRVINIUM	0	3	0	5.308240000000006	4	0	0	4	0	0	0	4	146	29	2	0	0.19230769230769232	0
PRAVASTATIN_SODIUM	4	7	0	2.4404000000000003	0	0	0	10	0	2	4	11	170	30	0	0	0.7391304347826086	0
SIROLIMUS	3	14	3	6.180600000000008	0	1	2	6	3	4	3	6	366	65	0	1	0.7450980392156863	0
MEBEVERINE	0	6	0	4.6025000000000045	2	0	0	13	0	0	0	14	170	31	2	0	0.48	0
QUINALBARBITONE	2	5	1	1.3510999999999995	0	4	0	5	1	1	2	5	94	17	0	0	0.5833333333333334	1
ETHYLESTRENOL	1	1	0	5.0903000000000045	0	0	0	1	3	4	1	1	118	21	0	3	0.9	0
PIRMENOL	1	3	1	4.360600000000004	2	0	0	6	1	1	1	6	134	25	1	0	0.5	0
IOPANOIC_ACID	2	3	0	3.7359000000000018	1	0	0	4	0	0	3	4	94	17	1	0	0.3636363636363637	0
MEGESTROL_ACETATE	1	3	0	4.004500000000003	0	0	0	1	2	4	1	1	136	25	0	2	0.7272727272727273	0
PIPOBROMAN	0	4	1	1.2272	0	2	0	4	1	1	0	6	92	16	0	0	0.8	0
CARBIMAZOLE	0	4	0	1.56069	1	0	0	1	0	0	0	3	66	12	0	0	0.42857142857142855	0
MILTEFOSINE	1	5	0	6.307500000000008	0	0	0	20	0	0	1	20	164	27	0	0	1.0	0
MESUXIMIDE	0	3	1	1.3329999999999995	1	2	0	1	1	1	0	1	78	15	1	0	0.3333333333333333	1
PROPRANOLOL	2	3	0	2.577500000000001	2	0	0	6	0	0	2	6	102	19	2	0	0.375	1
INDIGOTINDISULFONATE	4	10	2	1.3082	2	0	0	2	0	2	4	2	144	28	2	0	0.0	0
PROCARBAZINE_HYDROCHLORIDE	3	4	0	1.0487999999999995	1	1	0	5	0	0	3	6	88	16	1	0	0.4166666666666667	0
PRIMAQUINE_PHOSPHATE	2	4	0	2.782700000000001	2	0	0	6	0	0	3	6	102	19	1	0	0.4	0
RESCINNAMINE	1	11	2	4.570700000000004	3	0	0	9	2	3	1	11	246	46	2	1	0.4857142857142857	0
TRAPIDIL	0	5	0	1.2789199999999998	2	0	0	3	0	0	0	3	80	15	0	0	0.5	0
MORNIFLUMATE	1	6	1	3.333000000000001	2	0	0	6	1	1	1	8	150	28	1	0	0.3684210526315789	0
SULFINPYRAZONE	0	5	1	3.7955000000000023	3	2	0	6	1	1	0	6	146	29	3	0	0.13043478260869565	0
NIFLUMIC	2	4	0	3.542200000000001	2	0	0	3	0	0	2	4	104	20	1	0	0.07692307692307693	0
TACRINE	1	2	0	2.6958	2	0	0	0	0	1	2	0	76	15	1	0	0.3076923076923077	1
DEXTROPROPOXYPHENE	0	3	0	4.2755000000000045	2	0	0	8	0	0	0	9	134	25	2	0	0.4090909090909091	1
BROTIZOLAM	0	4	1	4.4041200000000025	3	0	0	1	0	1	0	1	110	22	1	0	0.13333333333333333	1
BENZBROMARONE	1	3	0	5.456800000000002	3	0	0	3	0	0	1	3	112	22	2	0	0.1176470588235294	0
QUINAGOLIDE	2	6	1	2.1361	1	0	0	7	1	2	2	7	152	27	1	0	0.7	1
MAPROTILINE	1	1	0	4.211400000000004	2	0	2	4	0	3	1	4	108	21	2	0	0.4	1
AMPICILLIN	3	7	2	0.3181000000000002	1	2	0	4	2	2	4	5	128	24	1	0	0.4375	0
IFENPRODIL	2	3	1	3.7688000000000015	2	0	0	5	1	1	2	5	128	24	2	0	0.42857142857142855	1
NIMODIPINE	1	9	1	2.970800000000001	1	0	0	8	0	1	1	10	162	30	1	0	0.42857142857142855	1
PRIMIDONE	2	4	1	0.5378999999999994	1	2	0	2	1	1	2	2	84	16	1	0	0.3333333333333333	1
CEPHRADINE	3	7	2	0.3486000000000002	0	2	0	4	1	3	4	5	128	24	0	0	0.4375	0
FENOPROFEN_CALCIUM	1	3	0	3.6670000000000016	2	0	0	4	0	0	1	4	92	18	2	0	0.13333333333333333	0
ZUCLOPENTHIXOL	1	3	2	4.236300000000004	2	0	0	5	1	2	1	5	142	27	2	0	0.3636363636363637	1
PROQUAZONE	0	3	0	3.9528200000000018	3	0	0	2	0	0	0	2	106	21	2	0	0.2222222222222222	0
GLIQUIDONE	2	9	1	3.5185000000000017	2	4	0	7	1	2	2	9	198	37	2	1	0.4444444444444444	0
PARAMETHASONE_ACETATE	3	5	0	1.7515999999999998	0	0	0	2	3	4	3	2	154	28	0	3	0.7272727272727273	0
TOLAZAMIDE	2	6	1	1.7739200000000002	1	2	0	3	1	1	2	5	116	21	1	0	0.5	0
ENOXIMONE	2	4	0	1.96432	2	0	0	3	0	0	2	3	88	17	1	0	0.16666666666666666	0
MEDAZEPAM	0	2	1	3.627200000000002	2	0	0	1	0	1	0	1	96	19	2	0	0.1875	1
CYCLACILLIN	3	7	2	0.2797000000000011	0	2	0	3	3	3	4	4	128	23	0	1	0.8	0
ACETYLDIGITOXIN	4	14	4	3.818100000000003	0	0	0	8	7	8	4	9	322	57	0	4	0.9069767441860463	0
LEVORPHANOL	1	2	1	3.0804000000000022	1	0	2	0	2	3	1	0	102	19	1	1	0.6470588235294118	1
DISULFIRAM	0	2	0	3.6212000000000018	0	0	0	4	0	0	0	9	94	16	0	0	0.8	0
SERTRALINE	1	1	0	5.179600000000003	2	0	0	2	0	1	1	2	104	20	2	0	0.29411764705882354	1
MENATETRENONE	0	2	0	8.917900000000003	1	0	0	11	0	1	0	11	176	33	1	0	0.41935483870967744	0
GLUTAMIC_ACID	3	5	0	-0.7368999999999997	0	0	0	4	0	0	4	4	58	10	0	0	0.6	0
CHOLECALCIFEROL	1	1	0	7.619000000000009	0	0	0	6	3	3	1	6	158	28	0	3	0.7777777777777778	0
LEVALLORPHAN	1	2	1	3.6366000000000014	1	0	2	2	2	3	1	2	112	21	1	1	0.5789473684210527	1
CLOXACILLIN_SODIUM	2	8	2	2.5487200000000003	2	2	0	4	2	2	2	5	152	29	1	0	0.3684210526315789	0
BUPRENORPHINE	2	5	2	4.413800000000005	1	0	4	4	5	7	2	5	186	34	1	4	0.7931034482758621	1
IDEBENONE	1	5	0	3.462300000000003	0	0	0	12	0	1	1	12	136	24	0	0	0.6842105263157895	1
MIANSERIN	0	2	2	3.0839000000000016	2	0	0	0	1	2	0	0	102	20	2	0	0.3333333333333333	1
MIRTAZAPINE	0	3	2	2.4789000000000003	2	0	0	0	1	2	0	0	102	20	1	0	0.35294117647058826	1
EPLERENONE	0	6	2	3.1245000000000016	0	0	0	1	5	6	0	2	162	30	0	3	0.7916666666666666	0
MITOLACTOL	4	4	0	-0.7802000000000002	0	0	0	5	0	0	4	5	74	12	0	0	1.0	0
IODOQUINOL	1	2	0	3.1496000000000013	2	0	0	0	0	0	1	0	66	13	1	0	0.0	0
CLONIXIN	2	4	0	3.4852200000000013	2	0	0	3	0	0	2	3	92	18	1	0	0.07692307692307693	0
GLYCOPYRROLATE	1	4	1	2.4563	1	0	0	4	2	2	1	5	126	23	1	1	0.631578947368421	0
METACLAZEPAM	0	3	1	4.4047000000000045	2	0	0	3	0	1	0	3	120	23	2	0	0.2777777777777778	1
OXYTETRACYCLINE	7	11	0	-1.243599999999998	1	1	0	2	0	3	8	2	176	33	1	0	0.4090909090909091	0
TRIMETHADIONE	0	4	1	0.3736	0	2	0	0	1	1	0	0	56	10	0	0	0.6666666666666666	1
ACETOHEXAMIDE	2	6	0	2.2098000000000004	1	2	0	4	1	1	2	6	120	22	1	1	0.4666666666666667	0
TRICHLORMETHIAZIDE	3	7	1	0.8210000000000011	1	0	0	2	0	1	4	2	112	20	1	0	0.25	0
TIANEPTINE	2	6	1	4.192600000000001	2	0	0	8	0	1	2	8	156	29	2	0	0.3809523809523809	1
CINOXACIN	1	7	1	0.8432999999999997	2	0	0	2	0	1	1	2	98	19	1	0	0.25	0
CALCITRIOL	3	3	0	5.704700000000009	0	0	0	6	3	3	3	6	170	30	0	3	0.7777777777777778	0
HYDROCHLOROTHIAZIDE	3	7	1	-0.35129999999999945	1	0	0	1	0	1	4	1	94	17	1	0	0.14285714285714285	0
BETAHISTINE	1	2	0	0.8434999999999999	1	0	0	3	0	0	1	3	54	10	0	0	0.375	1
ADEFOVIR	3	9	0	-0.4397000000000001	2	0	0	5	0	0	4	5	98	18	0	0	0.375	0
CLOTIAZEPAM	0	3	1	3.777700000000003	2	1	0	2	0	1	0	2	108	21	1	0	0.25	1
ZALEPLON	0	6	0	2.6407800000000003	3	1	0	3	0	0	0	4	114	23	1	0	0.17647058823529413	1
SELEGILINE	0	1	0	2.1826	1	0	0	4	0	0	0	4	74	14	1	0	0.38461538461538464	1
FLUPENTHIXOL	1	3	2	4.6017000000000055	2	0	0	5	1	2	1	6	160	30	2	0	0.39130434782608703	1
DYDROGESTERONE	0	2	0	4.499500000000004	0	0	0	1	2	4	0	1	124	23	0	2	0.7142857142857143	0
PROCAINAMIDE_HYDROCHLORIDE	2	4	0	1.3403999999999996	1	1	0	6	0	0	3	7	94	17	1	0	0.4615384615384616	0
JOSAMYCIN	3	16	3	3.0134000000000065	0	0	0	12	2	3	3	14	332	58	0	0	0.8095238095238095	0
DIPHENYLPYRALINE	0	2	1	3.886800000000004	2	0	0	4	1	1	0	4	110	21	2	0	0.3684210526315789	1
AMINEPTINE	2	3	0	4.4993000000000025	2	0	0	8	0	1	2	8	132	25	2	0	0.4090909090909091	1
GLIMEPIRIDE	3	9	1	3.0740000000000016	1	5	0	7	1	2	3	11	186	34	1	1	0.5416666666666666	0
TEGAFUR	1	5	1	-0.015300000000000038	1	0	0	1	1	1	1	1	76	14	0	0	0.5	0
CHLORPROPAMIDE	2	5	0	1.7379	1	2	0	4	0	0	2	6	94	17	1	0	0.3	0
PENTOBARBITAL	2	5	1	1.1849999999999998	0	4	0	4	1	1	2	4	90	16	0	0	0.7272727272727273	1
BALSALAZIDE	4	9	0	2.7103	2	1	0	7	0	0	4	8	134	26	2	0	0.1176470588235294	0
RIFAXIMIN	5	14	2	6.157840000000008	4	1	4	2	0	2	5	3	304	57	2	0	0.4418604651162791	0
TRIMETHOPRIM	2	7	0	1.2575999999999998	2	0	0	5	0	0	4	5	112	21	1	0	0.2857142857142857	0
OXPRENOLOL	2	4	0	1.9891	1	0	0	9	0	0	2	9	106	19	1	0	0.4666666666666667	1
TEMOZOLOMIDE	1	8	0	-2.078099999999999	2	1	0	1	0	0	2	1	72	14	0	0	0.16666666666666666	0
PEMOLINE	1	4	1	0.5992000000000001	1	1	0	1	0	1	2	1	66	13	1	0	0.1111111111111111	1
CAFFEINE	0	6	0	-1.0293	2	0	0	0	0	0	0	0	74	14	0	0	0.375	1
DOXYLAMINE	0	3	0	2.923300000000001	2	0	0	6	0	0	0	6	106	20	1	0	0.35294117647058826	1
NICERGOLINE	0	6	1	3.9109000000000034	3	0	0	4	1	2	0	5	162	31	1	0	0.4166666666666667	1
PHYTONADIONE	0	2	0	9.157600000000002	1	0	0	14	0	1	0	14	182	33	1	0	0.6129032258064516	0
APOMORPHINE	2	3	1	2.8499000000000017	2	0	0	0	0	2	2	0	102	20	2	0	0.29411764705882354	1
CHLORPROTHIXINE	0	1	1	5.188000000000004	2	0	0	3	0	1	0	3	108	21	2	0	0.2222222222222222	1
ETHOSUXIMIDE	1	3	1	0.4492	0	2	0	1	1	1	1	1	56	10	0	0	0.7142857142857143	1
PIRENZEPINE	1	7	2	1.5593999999999992	2	2	0	2	1	2	1	3	134	26	1	0	0.3157894736842105	0
CHLORAL_HYDRATE	2	2	0	0.6673000000000002	0	0	0	0	0	0	2	1	44	7	0	0	1.0	1
TROVAFLOXACIN	2	7	1	1.8945	3	0	0	3	2	2	3	3	154	30	1	1	0.25	0
CYPROHEPTADINE	0	1	1	4.697900000000004	2	0	0	0	1	2	0	0	110	22	2	0	0.2380952380952381	1
CHLORPHENIRAMINE	0	2	0	3.8186000000000018	2	0	0	5	0	0	0	5	100	19	1	0	0.3125	1
PIVMECILLINAM	0	8	3	2.4116	0	1	0	5	3	3	0	8	168	30	0	0	0.8095238095238095	0
CALUSTERONE	1	2	0	4.515300000000005	0	0	0	0	3	4	1	0	128	23	0	3	0.8571428571428571	0
FLUCYTOSINE	2	4	0	-0.5088000000000001	1	0	0	0	0	0	3	0	48	9	0	0	0.0	0
PROCYCLIDINE	1	2	1	3.9404000000000043	1	0	0	5	2	2	1	5	116	21	1	1	0.6842105263157895	1
METOCLOPRAMIDE	2	5	0	2.0024	1	1	0	7	0	0	3	8	112	20	1	0	0.5	1
OXACILLIN_SODIUM	2	8	2	1.8953200000000001	2	2	0	4	2	2	2	5	146	28	1	0	0.3684210526315789	0
GLUCOSAMINE	5	6	1	-3.2549999999999994	0	0	0	1	1	1	6	1	72	12	0	0	1.0	0
LOFEXIDINE	1	3	1	2.7624000000000013	1	0	0	3	0	1	1	3	86	16	1	0	0.3636363636363637	1
OLSALAZINE_SODIUM	4	8	0	2.9096	2	0	0	4	0	0	4	4	112	22	2	0	0.0	0
FORMESTANE	1	3	0	3.973100000000003	0	0	0	0	3	4	1	0	120	22	0	3	0.7894736842105263	0
FLUSPIRILENE	1	4	2	5.305400000000005	3	1	0	7	2	2	1	7	182	35	3	0	0.3448275862068966	1
BENFLUOREX	1	3	0	4.083000000000003	2	0	0	7	0	0	1	9	134	25	2	0	0.3157894736842105	0
MAZINDOL	1	3	2	2.6092000000000017	2	0	0	1	0	2	1	1	100	20	2	0	0.1875	1
MOEXIPRIL_HYDROCHLORIDE	2	9	1	2.5843	2	1	0	11	0	1	2	13	194	36	2	0	0.4444444444444444	0
BROMPHENIRAMINE	0	2	0	3.9277000000000015	2	0	0	5	0	0	0	5	100	19	1	0	0.3125	1
RIFABUTIN	5	15	4	4.615720000000004	1	1	4	4	1	5	5	5	332	61	1	0	0.5869565217391305	0
FINASTERIDE	2	4	1	3.8145000000000016	0	2	0	1	3	4	2	3	150	27	0	3	0.8260869565217391	0
BACAMPICILLIN_HYDROCHLORIDE	2	10	2	1.2958000000000005	1	2	0	7	2	2	3	11	174	32	1	0	0.5238095238095238	0
DRONABINOL	1	2	1	5.735800000000006	1	0	0	4	0	2	1	4	126	23	1	0	0.6190476190476191	0
BENZOCAINE	1	3	0	1.4455	1	0	0	2	0	0	2	3	64	12	1	0	0.2222222222222222	0
PIPOTHIAZINE	1	6	2	4.024100000000004	2	0	0	8	1	2	1	8	174	32	2	0	0.5	1
AZATHIOPRINE	1	9	0	1.1457999999999997	3	0	0	3	0	0	1	3	96	19	0	0	0.1111111111111111	0
FENQUIZONE	3	6	1	1.8415	2	1	0	2	0	1	4	2	114	22	2	0	0.07142857142857142	0
HYDROFLUMETHIAZIDE	3	7	1	0.0141000000000005	1	0	0	1	0	1	4	2	112	20	1	0	0.25	0
BEPRIDIL	0	3	1	4.830200000000005	2	0	0	10	1	1	0	10	146	27	2	0	0.5	0
REPAGLINIDE	2	6	1	5.219900000000004	2	1	0	10	1	1	2	11	178	33	2	0	0.4814814814814815	0
CLOTHIAPINE	0	3	2	4.1303000000000045	2	0	0	0	1	2	0	1	118	23	2	0	0.2777777777777778	1
METRONIDAZOLE	1	6	0	0.09201999999999994	1	0	0	3	0	0	1	3	66	12	0	0	0.5	0
TRIAZOLAM	0	4	1	4.233520000000002	3	0	0	1	0	1	0	1	114	23	2	0	0.1176470588235294	1
HYDRALAZINE_HYDROCHLORIDE	2	4	0	0.9153999999999998	2	0	0	1	0	0	3	1	60	12	1	0	0.0	0
PHENTERMINE	1	1	0	1.9664	1	0	0	2	0	0	2	2	60	11	1	0	0.4	1
FLUPHENAZINE	1	4	2	4.308100000000005	2	0	0	6	1	2	1	7	162	30	2	0	0.4545454545454545	1
TORSEMIDE	3	7	0	2.5299200000000006	2	2	0	5	0	0	3	7	128	24	1	0	0.25	0
THIACETAZONE	3	5	0	0.8120999999999998	1	1	0	3	0	0	4	5	84	16	1	0	0.1	0
NORTRIPTYLINE	1	1	0	3.826400000000003	2	0	0	3	0	1	1	3	102	20	2	0	0.2631578947368421	1
FURAZOLIDONE	0	8	1	0.9739	1	1	0	3	1	1	0	3	84	16	0	0	0.25	0
ENTACAPONE	2	8	0	1.7813799999999995	1	1	0	5	0	0	2	6	116	22	1	0	0.2857142857142857	1
FLOXACILLIN	2	8	2	2.6878200000000003	2	2	0	4	2	2	2	5	158	30	1	0	0.3684210526315789	0
BEFUNOLOL	2	5	0	2.3731	2	0	0	7	0	0	2	7	114	21	1	0	0.4375	0
NIMESULIDE	1	7	0	2.7586000000000013	2	0	0	5	0	0	1	5	110	21	2	0	0.07692307692307693	0
PROBUCOL	2	2	0	9.908299999999997	2	0	0	4	0	0	2	8	196	35	2	0	0.6129032258064516	0
SERTINDOLE	1	5	2	4.627600000000005	3	2	0	5	2	2	1	5	162	31	2	0	0.375	1
LOVASTATIN	1	5	1	4.1955000000000044	0	0	0	6	1	3	1	7	162	29	0	0	0.75	0
METHDILAZINE	0	2	2	4.241000000000003	2	0	0	2	1	2	0	2	108	21	2	0	0.3333333333333333	1
PARAMETHADIONE	0	4	1	0.7637	0	2	0	1	1	1	0	1	62	11	0	0	0.7142857142857143	1
MECLIZINE/MECLOZINE	0	2	1	5.5556200000000056	3	0	0	5	1	1	0	5	144	28	3	0	0.28	1
TICRYNAFEN	1	4	0	3.7493000000000016	2	0	0	5	0	0	1	5	104	20	1	0	0.07692307692307693	0
CITALOPRAM/ESCITALOPRAM	0	3	1	3.812980000000003	2	0	0	5	0	1	0	5	124	24	2	0	0.35	1
PIPEMIDIC	2	8	1	-0.0807999999999991	2	0	0	3	1	1	2	3	116	22	0	0	0.42857142857142855	0
ACETOHYDROXAMIC_ACID	2	3	0	-0.4882999999999999	0	1	0	0	0	0	2	1	30	5	0	0	0.5	0
PIZOTIFEN	0	1	1	4.3742000000000045	2	0	0	0	1	2	0	0	108	21	1	0	0.3684210526315789	1
ESTAZOLAM	0	4	1	3.271700000000002	3	0	0	1	0	1	0	1	102	21	2	0	0.0625	1
ISOXSUPRINE	3	4	0	2.8712000000000013	2	0	0	7	0	0	3	7	118	22	2	0	0.3333333333333333	0
FLUMEQUINE	1	4	1	2.346	2	0	0	1	0	1	1	1	98	19	1	0	0.2857142857142857	0
HYDROXYUREA	3	4	0	-0.9561000000000002	0	2	0	0	0	0	4	1	30	5	0	0	0.0	0
BITHIONOL	2	2	0	5.862600000000001	2	0	0	2	0	0	2	2	100	19	2	0	0.0	0
FLUNARIZINE	0	2	1	5.3852000000000055	3	0	0	6	1	1	0	6	154	30	3	0	0.2307692307692308	1
DROXIDOPA	5	6	0	-0.4569000000000003	1	0	0	3	0	0	6	3	82	15	1	0	0.2222222222222222	1
CEFIXIME	4	12	2	-0.5447999999999993	1	2	0	8	1	2	5	9	158	30	0	0	0.25	0
PIRITREXIM	2	7	0	2.10562	3	0	0	4	0	0	4	4	124	24	1	0	0.2352941176470588	0
LEVODOPA	4	5	0	0.052199999999999684	1	0	0	3	0	0	5	3	76	14	1	0	0.2222222222222222	1
ADINAZOLAM	0	5	1	3.3333000000000017	3	0	0	3	0	1	0	3	126	25	2	0	0.21052631578947367	1
CYCLOBENZAPRINE	0	1	0	4.553800000000004	2	0	0	3	0	1	0	3	106	21	2	0	0.2	1
ACEMETACIN	1	7	0	3.4705200000000014	3	0	0	6	0	0	1	8	150	29	2	0	0.19047619047619047	0
TRIFLUOPERAZINE	0	3	2	4.945600000000004	2	0	0	4	1	2	0	5	150	28	2	0	0.42857142857142855	1
TIAPROFENIC	1	3	0	3.167200000000001	2	0	0	4	0	0	1	4	92	18	1	0	0.14285714285714285	0
CHLOROTHIAZIDE	2	7	1	-0.0608999999999999	1	0	0	1	0	1	3	1	92	17	1	0	0.0	0
CHLORPROMAZINE	0	2	1	4.8944000000000045	2	0	0	4	0	1	0	4	110	21	2	0	0.29411764705882354	1
INDINAVIR_SULFATE	4	9	1	2.866900000000002	3	2	0	11	1	2	4	14	240	45	2	0	0.4722222222222222	0
BETA-CAROTENE	0	0	0	12.605799999999974	0	0	0	10	0	2	0	10	216	40	0	0	0.45	0
ALMITRINE	2	7	1	4.257200000000003	3	0	0	10	1	1	2	10	182	35	2	0	0.2692307692307692	0
ZOTEPINE	0	2	1	4.880900000000003	2	0	0	4	0	1	0	4	114	22	2	0	0.2222222222222222	1
PENICILLIN_V	2	7	2	0.6970999999999998	1	2	0	5	2	2	2	6	128	24	1	0	0.4375	0
DIAZOXIDE	1	4	1	1.6818	1	0	0	0	0	1	1	0	74	14	1	0	0.125	0
FENBUFEN	1	3	0	3.4011000000000022	2	0	0	5	0	0	1	5	96	19	2	0	0.125	0
CLOZAPINE	1	4	2	3.7227000000000015	2	0	0	0	1	2	1	1	118	23	2	0	0.2777777777777778	1
TENOFOVIR	3	9	0	-0.051200000000000134	2	0	0	5	0	0	4	5	104	19	0	0	0.4444444444444444	0
LYSURIDE	2	5	1	2.841400000000001	2	2	0	3	0	2	2	5	132	25	1	0	0.45	1
PYRANTEL	0	2	1	2.4953000000000003	1	0	0	2	0	1	0	2	74	14	0	0	0.3636363636363637	0
BUTALBITAL	2	5	1	0.961	0	4	0	4	1	1	2	4	88	16	0	0	0.5454545454545454	1
PENTAZOCINE	1	2	1	3.882600000000003	1	0	2	2	1	2	1	2	114	21	1	0	0.5789473684210527	1
TESTOLACTONE	0	3	1	3.5899000000000028	0	0	0	0	3	4	0	0	118	22	0	2	0.6842105263157895	0
CLOFAZIMINE	1	4	1	7.489800000000005	3	0	0	4	0	2	1	4	164	33	3	0	0.1111111111111111	0
DOXOFYLLINE	0	8	1	-1.1933999999999994	2	0	0	2	1	1	0	2	102	19	0	0	0.5454545454545454	0
MEPENZOLATE_BROMIDE	1	4	1	2.7045000000000003	2	0	0	4	1	1	1	5	132	25	2	0	0.3809523809523809	0
MILNACIPRAN	1	3	0	1.7713999999999996	1	1	0	5	1	1	2	6	98	18	1	1	0.5333333333333333	1
THIOPROPERAZINE	0	6	2	3.177100000000001	2	0	0	6	1	2	0	6	162	30	2	0	0.4545454545454545	1
NICLOSAMIDE	2	6	0	3.8595000000000006	2	1	0	3	0	0	2	4	108	21	2	0	0.0	0
ETORICOXIB	0	4	0	4.175920000000003	3	0	0	3	0	0	0	3	122	24	1	0	0.1111111111111111	0
ETOZOLIN	0	5	2	1.4081	0	1	0	3	2	2	0	4	106	19	0	0	0.6923076923076923	0
KETOCONAZOLE	0	8	2	4.205800000000004	3	1	0	7	2	2	0	8	190	36	2	0	0.38461538461538464	0
MITOTANE	0	0	0	5.929000000000002	2	0	0	3	0	0	0	3	94	18	2	0	0.14285714285714285	0
VALPROIC_ACID	1	2	0	2.2874	0	0	0	5	0	0	1	5	60	10	0	0	0.875	1
RITANSERIN	0	4	1	5.483020000000005	4	0	0	5	1	1	0	5	174	34	2	0	0.25925925925925924	1
CARTEOLOL_HYDROCHLORIDE	3	5	1	1.6990999999999998	1	1	0	5	0	1	3	6	116	21	1	0	0.5625	0
METHYSERGIDE	2	5	1	1.9351000000000005	2	1	0	4	0	2	2	5	138	26	1	0	0.4761904761904762	1
LOSARTAN_POTASSIUM	2	7	0	4.266800000000004	4	0	0	8	0	0	2	8	154	30	2	0	0.2727272727272727	0
PROPIVERINE	0	4	1	3.994200000000003	2	0	0	7	1	1	0	8	144	27	2	0	0.43478260869565216	0
TREOSULFAN	2	8	0	-2.3393999999999986	0	0	0	7	0	0	2	7	98	16	0	0	1.0	0
OXYMORPHONE	2	5	2	0.7451999999999996	1	0	2	0	2	4	2	0	116	22	1	1	0.5882352941176471	1
FLUTOPRAZEPAM	0	3	1	4.073100000000003	2	1	0	3	1	2	0	3	122	24	2	1	0.2631578947368421	1
STANOZOLOL	2	3	0	4.118100000000003	1	0	0	0	3	4	2	0	132	24	0	3	0.8571428571428571	0
CILOSTAZOL	1	7	1	3.464700000000001	2	1	0	7	1	2	1	7	144	27	1	1	0.6	0
CEFPODOXIME	3	11	2	-0.5391999999999986	1	2	0	7	1	2	4	8	150	28	0	0	0.4	0
SPIRAMYCIN	4	16	4	2.325100000000007	0	0	0	11	3	4	4	11	340	59	0	0	0.8604651162790697	0
NELFINAVIR_MESYLATE	4	7	1	4.747620000000004	2	2	0	9	2	2	4	12	218	40	2	1	0.5625	0
PENICILLAMINE	3	3	0	0.10669999999999984	0	0	0	2	0	0	3	2	54	9	0	0	0.8	0
KETAZOLAM	0	5	2	3.280100000000002	2	2	0	1	0	2	0	1	132	26	2	0	0.2	1
PIRAZOLAC	1	4	0	3.9589000000000025	3	0	0	4	0	0	1	4	116	23	2	0	0.05882352941176471	0
ERGOLOID_MESYLATE	3	10	4	2.5206000000000013	2	3	0	5	4	5	3	6	226	42	1	0	0.65625	1
SOTALOL_HYDROCHLORIDE	3	5	0	1.0895	1	0	0	6	0	0	3	6	102	18	1	0	0.5	0
ETHINYL_ESTRADIOL	2	2	0	3.612600000000002	1	0	0	0	2	3	2	0	116	22	1	2	0.6	0
MESALAMINE	3	4	0	0.6726000000000001	1	0	0	1	0	0	4	1	58	11	1	0	0.0	0
SPIRONOLACTONE	0	4	1	4.852300000000005	0	0	0	1	4	5	0	2	158	29	0	3	0.7916666666666666	0
URSODIOL	3	4	0	4.477900000000004	0	0	0	4	4	4	3	4	160	28	0	4	0.9583333333333334	0
OXCARBAZEPINE	1	4	1	2.642199999999999	2	2	0	0	0	1	2	1	94	19	2	0	0.06666666666666668	1
ETHOTOIN	1	4	1	1.2994	1	3	0	2	1	1	1	2	78	15	1	0	0.2727272727272727	1
FENOFIBRATE	0	4	0	4.680000000000004	2	0	0	6	0	0	0	7	132	25	2	0	0.3	0
DEXTROTHYROXINE_SODIUM	3	5	0	4.5573000000000015	2	0	0	5	0	0	4	5	128	24	2	0	0.13333333333333333	0
NABUMETONE	0	2	0	3.370000000000002	2	0	0	4	0	0	0	4	88	17	2	0	0.26666666666666666	0
DRONABINOL	1	2	1	5.7358000000000064	1	0	0	4	0	2	1	4	126	23	1	0	0.6190476190476191	1
BISACODYL	0	5	0	4.112400000000003	3	0	0	5	0	0	0	7	136	27	2	0	0.13636363636363635	0
GUANFACINE_HYDROCHLORIDE	3	4	0	1.5455700000000003	1	1	0	2	0	0	4	4	80	15	1	0	0.1111111111111111	0
CYCLOFENIL	0	4	0	5.303200000000005	2	0	0	4	1	1	0	6	140	27	2	1	0.3043478260869565	0
NOVERIL	0	4	1	2.976300000000001	2	1	0	3	0	1	0	3	114	22	2	0	0.2777777777777778	1
GUANADREL_SULFATE	2	5	1	0.3355999999999998	0	0	0	2	2	2	4	2	86	15	0	1	0.9	0
PYRIMETHAMINE	2	4	0	2.5238000000000005	2	0	0	2	0	0	4	2	88	17	1	0	0.16666666666666666	0
PAROMOMYCIN_SULFATE	13	19	3	-8.861700000000015	0	0	0	9	4	4	18	9	246	42	0	1	1.0	0
BROMODIPHENHYDRAMINE	0	2	0	4.116700000000003	2	0	0	6	0	0	0	6	106	20	2	0	0.29411764705882354	1
NITROFURANTOIN	1	9	1	0.07349999999999995	1	3	0	3	1	1	1	3	88	17	0	0	0.125	0
AMOBARBITAL	2	5	1	1.1849999999999998	0	4	0	4	1	1	2	4	90	16	0	0	0.7272727272727273	1
ASPARTAME	3	7	0	-0.31109999999999954	1	1	0	7	0	0	4	9	114	21	1	0	0.35714285714285715	0
NALIDIXIC_ACID	1	5	0	1.4230200000000002	2	0	0	2	0	0	1	2	88	17	0	0	0.25	0
PHENFORMIN	5	5	0	0.2365400000000009	1	0	0	3	0	0	6	6	80	15	1	0	0.2	0
SAPROPTERIN	6	8	1	-1.7001999999999995	1	0	0	2	0	1	7	2	94	17	0	0	0.5555555555555556	0
PHENELZINE	2	2	0	0.6924000000000001	1	0	0	3	0	0	3	3	54	10	1	0	0.25	1
ISOPROTERENOL_HYDROCHLORIDE	4	4	0	1.1291999999999998	1	0	0	4	0	0	4	4	84	15	1	0	0.4545454545454545	0
FLOCTAFENINE	3	6	0	3.507200000000002	3	0	0	6	0	0	3	8	152	29	2	0	0.2	0
METHOTREXATE_SODIUM	5	13	0	0.2684000000000003	3	1	0	9	0	0	7	10	172	33	1	0	0.25	0
